1	1	רֵאשִׁית	hebrew	first: beginning
2	2	בָּרָא	hebrew	to create
3	3	אֵת	hebrew	[Obj.]
4	4	שָׁמַיִם	hebrew	heaven
5	5	אֶ֫רֶץ	hebrew	land: country/planet
6	6	הָיָה	hebrew	to be
7	7	תֹּ֫הוּ	hebrew	formlessness
8	8	בֹּהוּ	hebrew	void
9	9	חֹ֫שֶׁךְ	hebrew	darkness
10	10	עַל	hebrew	upon
11	11	פָּנֶה	hebrew	face: surface
12	12	תְּהוֹם	hebrew	abyss
13	13	רוּחַ	hebrew	spirit
14	14	רָחַף	hebrew	to hover
15	15	מַי	hebrew	water
16	16	אָמַר	hebrew	to say
17	17	אוֹר	hebrew	light
18	18	רָאָה	hebrew	to see: see
19	19	כִּי	hebrew	for
20	20	טוֹב	hebrew	be pleasing
21	21	בָּדַל	hebrew	to separate
22	22	בַּ֫יִן	hebrew	between
23	23	קָרָא	hebrew	to call: call by
24	24	יוֹם	hebrew	day
25	25	לַ֫יְלָה	hebrew	night
26	26	עֶ֫רֶב	hebrew	evening
27	27	בֹּ֫קֶר	hebrew	morning
28	28	אֶחָד	hebrew	one
29	29	רָקִיעַ	hebrew	expanse
30	30	תָּ֫וֶךְ	hebrew	midst
31	31	עָשָׂה	hebrew	to make
32	32	אֲשֶׁר	hebrew	which
33	33	תַּחַת	hebrew	underneath: under
34	34	כֵּן	hebrew	so
35	35	שֵׁנִי	hebrew	second
36	36	קָוָה	hebrew	to collect
37	37	אֶל	hebrew	to(wards)
38	38	מָקוֹם	hebrew	place
39	39	יַבָּשָׁה	hebrew	dry land
40	40	מִקְוֶה	hebrew	collection
41	41	יָם	hebrew	sea
42	42	דָּשָׁא	hebrew	to sprout
43	43	דֶּ֫שֶׁא	hebrew	grass
44	44	עֵ֫שֶׂב	hebrew	vegetation
45	45	זָרַע	hebrew	to sow
46	46	זֶ֫רַע	hebrew	seed
47	47	עֵץ	hebrew	tree
48	48	פְּרִי	hebrew	fruit
49	49	מִין	hebrew	kind
50	50	וֹ	hebrew	him
51	51	יָצָא	hebrew	to come out: produce
52	52	שְׁלִישִׁי	hebrew	third
53	53	מָאוֹר	hebrew	light
54	54	אוֹת	hebrew	sign:  indicator
55	55	מוֹעֵד	hebrew	meeting: time appointed
56	56	שָׁנָה	hebrew	year
57	57	אוֹר	hebrew	to light
58	58	שְׁנַ֫יִם	hebrew	two
59	59	גָּדוֹל	hebrew	great: large
60	60	מֶמְשָׁלָה	hebrew	dominion
61	61	קָטֹן	hebrew	small
62	62	כּוֹכָב	hebrew	star
63	63	נָתַן	hebrew	to give: put
64	64	מָשַׁל	hebrew	to rule
65	65	רְבִיעִי	hebrew	fourth
66	66	שָׁרַץ	hebrew	to swarm
67	67	שֶׁ֫רֶץ	hebrew	swarm
68	68	נֶ֫פֶשׁ	hebrew	soul: animal
69	69	חַי	hebrew	alive
70	70	עוֹף	hebrew	bird
71	71	עוּף	hebrew	to fly
72	72	תַּנִּין	hebrew	serpent: monster
73	73	כֹּל	hebrew	all
74	74	רָמַשׂ	hebrew	to creep
75	75	כָּנָף	hebrew	wing
76	76	בָּרַךְ	hebrew	to bless
77	77	פָּרָה	hebrew	be fruitful
78	78	רָבָה	hebrew	to multiply
79	79	מָלֵא	hebrew	to fill
80	80	חֲמִישִׁי	hebrew	fifth
81	5	אֶ֫רֶץ	hebrew	land: soil
82	81	בְּהֵמָה	hebrew	animal
83	82	רֶ֫מֶשׂ	hebrew	creeping
84	83	חַיָּה	hebrew	living thing
85	84	אֲדָמָה	hebrew	land: soil
86	85	אָדָם	hebrew	man
87	86	צֶ֫לֶם	hebrew	image
88	87	דְּמוּת	hebrew	likeness
89	88	רָדָה	hebrew	to rule
90	89	דָּגָה	hebrew	fish
91	90	זָכָר	hebrew	male
92	91	נְקֵבָה	hebrew	female
93	92	הֶם	hebrew	them
94	93	כָּבַשׁ	hebrew	to subdue
95	94	הִנֵּה	hebrew	behold
96	63	נָתַן	hebrew	to give: give
97	95	כֶם	hebrew	you
98	96	אׇכְלָה	hebrew	food
99	68	נֶ֫פֶשׁ	hebrew	soul: life
100	97	יֶ֫רֶק	hebrew	green
101	98	טוֹב	hebrew	pleasant
102	99	מְאֹד	hebrew	much
103	100	שִׁשִּׁי	hebrew	sixth
104	101	כָּלָה	hebrew	to end: finish
105	102	צָבָא	hebrew	army
106	103	שְׁבִיעִי	hebrew	seventh
107	104	מְלָאכָה	hebrew	work
108	31	עָשָׂה	hebrew	to make: do
109	105	שָׁבַת	hebrew	to cease
110	106	קָדַשׁ	hebrew	to consecrate: consecate
111	107	אֵ֫לֶּה	hebrew	these
112	108	תּוֹלֵדוֹת	hebrew	generation
113	109	שִׂיחַ	hebrew	bush
114	110	שָׂדֶה	hebrew	land: country
115	111	טֶ֫רֶם	hebrew	before
116	112	צָמַח	hebrew	to spring
117	113	לֹא	hebrew	not
118	114	מָטַר	hebrew	to rain
119	115	אַ֫יִן	hebrew	nothing
120	116	עָבַד	hebrew	to serve: labour
121	117	אֵד	hebrew	mist
122	118	עָלָה	hebrew	to ascend: rise
123	119	מִן־	hebrew	from
124	120	שָׁקָה	hebrew	to water: watering
125	121	יָצַר	hebrew	to form: formed
126	122	עָפָר	hebrew	dust
127	123	נָפַח	hebrew	to breathe
128	124	אַף	hebrew	face: nose
129	125	נְשָׁמָה	hebrew	breath
130	126	חַיִּים	hebrew	life
131	127	נָטַע	hebrew	to plant
132	128	גַּן	hebrew	garden
133	129	קֶ֫דֶם	hebrew	front: east
134	130	שׂוּם	hebrew	to set: put
135	131	שָׁם	hebrew	there
136	132	חָמַד	hebrew	to desire
137	133	מַרְאֶה	hebrew	appearance
138	134	מַאֲכָל	hebrew	food
139	135	דַּ֫עַת	hebrew	knowledge
140	136	טוֹב	hebrew	good
141	137	רַע	hebrew	bad: evil
142	138	נָהָר	hebrew	river
143	51	יָצָא	hebrew	to come out: issue
144	139	פָּרַד	hebrew	to separate
145	140	אַרְבַּע	hebrew	four
146	141	רֹאשׁ	hebrew	head: first
147	142	שֵׁם	hebrew	name
148	143	הוּא	hebrew	he/she/it
149	144	סָבַב	hebrew	to turn: turn
150	145	זָהָב	hebrew	gold
151	146	בְּדֹ֫לַח	hebrew	bdellium
152	147	אֶ֫בֶן	hebrew	stone
153	148	שֹׁ֫הַם	hebrew	onyx
154	149	הָלַךְ	hebrew	to go: walk
155	150	קִדְמָה	hebrew	east
156	151	לָקַח	hebrew	to take: take
157	152	נוּחַ	hebrew	to rest
158	153	שָׁמַר	hebrew	to keep: guard
159	154	צָוָה	hebrew	to command
160	155	אָכַל	hebrew	to eat
161	156	מוּת	hebrew	to die
162	157	בַּד	hebrew	alone
163	158	עֵ֫זֶר	hebrew	helper
164	159	נֶ֫גֶד	hebrew	before
165	160	בּוֹא	hebrew	to come (in): bring
166	161	מָה	hebrew	what?
167	162	מָצָא	hebrew	to find
168	163	נָפַל	hebrew	to fall: fall
169	164	תַּרְדֵּמָה	hebrew	deep sleep
170	165	יָשֵׁן	hebrew	to sleep
171	166	צֵלָע	hebrew	side
172	167	סָגַר	hebrew	to shut
173	168	בָּשָׂר	hebrew	flesh
174	33	תַּחַת	hebrew	underneath: instead
175	169	בָּנָה	hebrew	to build
176	170	אִשָּׁה	hebrew	woman
177	171	זֹאת	hebrew	this
178	172	פַּ֫עַם	hebrew	beat
179	173	עֶ֫צֶם	hebrew	bone
180	174	עָזַב	hebrew	to leave: forsake
181	175	אָב	hebrew	father
182	176	אֵם	hebrew	mother
183	177	דָּבַק	hebrew	to cleave
184	170	אִשָּׁה	hebrew	woman: wife
185	178	עָרוֹם	hebrew	naked
186	179	בּוֹשׁ	hebrew	be ashamed
187	180	נָחָשׁ	hebrew	serpent
188	181	עָרוּם	hebrew	prudent
189	182	אַף	hebrew	also
190	183	נָגַע	hebrew	to touch
191	184	פֶּן־	hebrew	lest
192	185	יָדַע	hebrew	to know
193	186	פָּקַח	hebrew	to open
194	187	עַ֫יִן	hebrew	eye
195	188	תַּאֲוָה	hebrew	desire
196	189	שָׂכַל	hebrew	be prudent
197	190	גַּם	hebrew	also
198	191	אִישׁ	hebrew	man: husband
199	192	עִם	hebrew	with
200	193	עֵירֹם	hebrew	naked
201	194	הֵ֫מָּה	hebrew	they(masc.)
202	195	תָּפַר	hebrew	to sew
203	196	עָלֶה	hebrew	leaf
204	197	תְּאֵנָה	hebrew	fig
205	198	חֲגוֹרָה	hebrew	belt
206	199	שָׁמַע	hebrew	to hear: hear
207	200	קוֹל	hebrew	voice: sound
208	13	רוּחַ	hebrew	spirit: breath
209	201	חָבָא	hebrew	to hide
210	11	פָּנֶה	hebrew	face
211	23	קָרָא	hebrew	to call: call to
212	202	אַי	hebrew	where?
213	203	יָרֵא	hebrew	to fear
214	204	אָֽנֹכִ֫י	hebrew	I
215	205	מִי	hebrew	who?
216	206	נָגַד	hebrew	to tell
217	207	ךָּ	hebrew	you
218	208	אַתָּ֫ה	hebrew	you(m.s.)
219	209	בִּלְתִּי	hebrew	lest
220	210	עִמָּדִי	hebrew	with me
221	211	נִי	hebrew	me
222	212	נָשָׁא	hebrew	to deceive
223	213	אָרַר	hebrew	to curse
224	214	גָּחוֹן	hebrew	belly
225	149	הָלַךְ	hebrew	to go: went
226	215	אֵיבָה	hebrew	enmity
227	216	שִׁית	hebrew	to set: put
228	46	זֶ֫רַע	hebrew	seed: children
229	217	שׁוּף	hebrew	to bruise
230	141	רֹאשׁ	hebrew	head
231	218	עָקֵב	hebrew	heel
232	219	עִצָּבוֹן	hebrew	toil
233	220	הֵרָיוֹן	hebrew	conception
234	221	עֶ֫צֶב	hebrew	toil
235	222	יָלַד	hebrew	to beget
236	223	בֵּן	hebrew	son: child
237	224	תְּשׁוּקָה	hebrew	desire
238	225	ךְ	hebrew	you
239	200	קוֹל	hebrew	voice
240	226	עָבוּר	hebrew	for the sake of
241	227	קוֹץ	hebrew	thorn
242	228	דַּרְדַּר	hebrew	thistle
243	229	זֵעָה	hebrew	sweat
244	124	אַף	hebrew	face
245	230	לֶ֫חֶם	hebrew	food: bread
246	231	עַד	hebrew	till
247	232	שׁוּב	hebrew	to return: return
248	233	כֻּתֹּ֫נֶת	hebrew	tunic
249	234	עוֹר	hebrew	skin
250	235	לָבֵשׁ	hebrew	to clothe
251	236	הֵן	hebrew	look!
252	237	עַתָּ֫ה	hebrew	now
253	238	שָׁלַח	hebrew	to send: reach
254	239	יָד	hebrew	hand
255	240	חָיָה	hebrew	to live
256	241	עוֹלָם	hebrew	forever: enduring
257	238	שָׁלַח	hebrew	to send: depart
258	242	גָּרַשׁ	hebrew	to drive out: drive out
259	243	שָׁכַן	hebrew	to dwell
260	244	כְּרוּב	hebrew	cherub
261	245	לַ֫הַט	hebrew	flame
262	246	חֶ֫רֶב	hebrew	sword
263	247	הָפַךְ	hebrew	to overturn
264	248	דֶּ֫רֶךְ	hebrew	way: road
265	249	הָרָה	hebrew	to conceive
266	250	קָנָה	hebrew	to buy
267	251	אֵת	hebrew	with
268	252	יָסַף	hebrew	to add: again
269	253	אָח	hebrew	brother: male-sibling
270	254	רָעָה	hebrew	to pasture
271	255	צֹאן	hebrew	flock
272	256	קֵץ	hebrew	end
273	257	מִנְחָה	hebrew	offering
274	258	בְּכוֹר	hebrew	firstborn
275	259	חֵ֫לֶב	hebrew	fat
276	260	שָׁעָה	hebrew	to gaze
277	261	חָרָה	hebrew	to be incensed
278	163	נָפַל	hebrew	to fall: angry
279	11	פָּנֶה	hebrew	face: angry
280	262	אִם	hebrew	if
281	263	יָטַב	hebrew	be good
282	264	שְׂאֵת	hebrew	elevation
283	265	פֶּ֫תַח	hebrew	entrance
284	266	חַטָּאת	hebrew	sin
285	267	רָבַץ	hebrew	to stretch
286	268	קוּם	hebrew	to arise: rise
287	269	הָרַג	hebrew	to kill
288	270	דָּם	hebrew	blood
289	271	צָעַק	hebrew	to cry
290	272	פָּצָה	hebrew	to open
291	273	פֶּה	hebrew	lip
292	151	לָקַח	hebrew	to take: recieve
293	274	כֹּחַ	hebrew	strength
294	275	נוּעַ	hebrew	to shake
295	276	נוּד	hebrew	to wander
296	277	עָוֺן	hebrew	iniquity: punishment
297	278	נָשָׂא	hebrew	to lift: bear
298	279	סָתַר	hebrew	to hide
299	280	שִׁבְעָתַיִם	hebrew	sevenfold
300	281	נָקַם	hebrew	to avenge
301	282	נָכָה	hebrew	to smite
302	51	יָצָא	hebrew	to come out: come
303	283	יָשַׁב	hebrew	to dwell
304	284	עִיר	hebrew	city
305	151	לָקַח	hebrew	to take: marry
306	285	אֹ֫הֶל	hebrew	tent
307	286	מִקְנֶה	hebrew	livestock
308	287	תָּפַשׂ	hebrew	to capture
309	288	כִּנּוֹר	hebrew	lyre
310	289	עוּגָב	hebrew	pipe
311	290	לָטַשׁ	hebrew	to sharpen
312	291	חָרַשׁ	hebrew	to plow/plot
313	292	נְחֹ֫שֶׁת	hebrew	bronze
314	293	בַּרְזֶל	hebrew	iron
315	294	אָחוֹת	hebrew	sister
316	295	אָזַן	hebrew	to listen
317	296	אִמְרָה	hebrew	word
318	297	פֶּ֫צַע	hebrew	wound
319	298	יֶ֫לֶד	hebrew	youth
320	299	חַבּוּרָה	hebrew	wound
321	300	שִׁבְעִים	hebrew	seventy
322	301	שֶׁ֫בַע	hebrew	seven
323	302	עוֹד	hebrew	still
324	216	שִׁית	hebrew	to set: appoint
325	303	אַחֵר	hebrew	another
326	304	אָז	hebrew	then
327	305	חָלַל	hebrew	to profane/begin: begin
328	306	זֶה	hebrew	this
329	307	סֵ֫פֶר	hebrew	scroll: book
330	308	שְׁלֹשִׁים	hebrew	thirty
331	309	מֵאָה	hebrew	hundred
332	310	אַחַר	hebrew	after
333	311	שְׁמֹנֶה	hebrew	eight
334	312	בַּת	hebrew	daughter
335	313	תֵּ֫שַׁע	hebrew	nine
336	314	חָמֵשׁ	hebrew	five
337	315	עָשָׂר	hebrew	ten
338	316	תִּשְׁעִים	hebrew	ninety
339	317	אַרְבָּעִים	hebrew	forty
340	318	עֶשֶׂר	hebrew	ten
341	319	שִׁשִּׁים	hebrew	sixty
342	320	שָׁלֹשׁ	hebrew	three
343	321	שְׁמֹנִים	hebrew	eighty
344	322	נָחַם	hebrew	to be sorry: comfort
345	323	מַעֲשֶׂה	hebrew	deed: work
346	223	בֵּן	hebrew	son: aged
347	324	רָבַב	hebrew	to multiply
348	223	בֵּן	hebrew	son: type of
349	325	הֵנָּה	hebrew	they(fem.)
350	326	בָּחַר	hebrew	to choose
351	327	דִּין	hebrew	to judge
352	328	עֶשְׂרִים	hebrew	twenty
353	160	בּוֹא	hebrew	to come (in): come
354	329	גִּבּוֹר	hebrew	mighty man
355	241	עוֹלָם	hebrew	forever: antiquity
356	330	אֱנוֹשׁ	hebrew	human
357	331	רַב	hebrew	many
358	332	רָעָה	hebrew	distress: evil
359	333	יֵ֫צֶר	hebrew	intention
360	334	מַחֲשָׁבָה	hebrew	plot
361	335	רַק	hebrew	except
362	336	רַע	hebrew	bad: evil
363	24	יוֹם	hebrew	day: daily
364	322	נָחַם	hebrew	to be sorry: relent
365	337	עָצַב	hebrew	to hurt
366	338	מָחָה	hebrew	to wipe
367	339	חֵן	hebrew	favor
368	340	צַדִּיק	hebrew	righteous
369	341	תָּמִים	hebrew	unblemished: blameless
370	342	דּוֹר	hebrew	generation
371	343	שָׁחַת	hebrew	to ruin
372	11	פָּנֶה	hebrew	face: before
373	344	חָמָס	hebrew	violence
374	248	דֶּ֫רֶךְ	hebrew	way: conduct
375	160	בּוֹא	hebrew	to come (in): fulfill
376	11	פָּנֶה	hebrew	face: because
377	345	תֵּבָה	hebrew	ark
378	47	עֵץ	hebrew	tree: wood
379	346	גֹּ֫פֶר	hebrew	gopher
380	347	קֵן	hebrew	nest
381	348	כָּפַר	hebrew	to cover
382	349	בַּ֫יִת	hebrew	house: inside
383	350	חוּץ	hebrew	outside
384	351	כֹּ֫פֶר	hebrew	pitch
385	352	אַמָּה	hebrew	cubit
386	353	אֹ֫רֶךְ	hebrew	length
387	354	חֲמִשִּׁים	hebrew	fifty
388	355	רֹ֫חַב	hebrew	width
389	356	קוֹמָה	hebrew	height
390	357	צֹ֫הַר	hebrew	roof
391	358	מַ֫עַל	hebrew	above
392	359	צַד	hebrew	side
393	130	שׂוּם	hebrew	to set: make
394	360	תַּחְתִּי	hebrew	lower
395	361	אֲנִי	hebrew	I
396	362	מַבּוּל	hebrew	flood
397	363	גָּוַע	hebrew	to die
398	268	קוּם	hebrew	to arise: establish
399	364	בְּרִית	hebrew	covenant
400	365	אָסַף	hebrew	to gather
401	349	בַּ֫יִת	hebrew	house: household
402	366	טָהוֹר	hebrew	pure
403	367	יְקוּם	hebrew	existence
404	368	שֵׁשׁ	hebrew	six
405	369	כַּאֲשֶׁר	hebrew	as which
406	370	חֹ֫דֶשׁ	hebrew	month
407	371	בָּקַע	hebrew	to break up/open
408	372	מַעְיָן	hebrew	spring
409	373	אֲרֻבָּה	hebrew	window
410	374	פָּתַח	hebrew	to open
411	375	גֶּ֫שֶׁם	hebrew	rain
412	173	עֶ֫צֶם	hebrew	bone: same
413	376	צִפּוֹר	hebrew	bird
414	377	בַּ֫עַד	hebrew	about/through/for
415	378	רוּם	hebrew	to exalt
416	379	גָּבַר	hebrew	to prevail
417	380	כָּסָה	hebrew	to cover
418	381	הַר	hebrew	mountain: mount
419	382	גָּבֹהַּ	hebrew	high
420	383	חָֽרָבָה	hebrew	dry ground
421	384	שָׁאַר	hebrew	to remain
422	385	אַךְ	hebrew	surely
423	386	זָכַר	hebrew	to remember
424	387	עָבַר	hebrew	to pass
425	388	שָׁכַךְ	hebrew	to subside
426	389	סָכַר	hebrew	to stop
427	390	כָּלָא	hebrew	to restrain
428	149	הָלַךְ	hebrew	to go: continue
429	232	שׁוּב	hebrew	to return: again
430	391	חָסֵר	hebrew	to lack
431	392	קָצֶה	hebrew	end
432	393	עֲשִׂירִי	hebrew	tenth
433	141	רֹאשׁ	hebrew	head: top
434	394	חַלּוֹן	hebrew	window
435	395	עֹרֵב	hebrew	raven
436	396	יָבֵשׁ	hebrew	to wither
437	397	יוֹנָה	hebrew	dove
438	398	קָלַל	hebrew	to lighten
439	399	מָנוֹחַ	hebrew	resting
440	400	כַּף	hebrew	palm: sole
441	401	רֶ֫גֶל	hebrew	foot
442	402	חוּל	hebrew	to twist: anticipate
443	403	עֵת	hebrew	time
444	404	זַ֫יִת	hebrew	olive
445	405	טָרָף	hebrew	fresh-plucked
446	406	יָחַל	hebrew	to wait: wait
447	407	רִאשׁוֹן	hebrew	first
448	408	חָרֵב	hebrew	to dry
449	409	סוּר	hebrew	to turn aside: remove
450	410	מִכְסֶה	hebrew	covering
451	411	דָבַר	hebrew	to speak: speak
452	51	יָצָא	hebrew	to come out: send
453	412	מִשְׁפָּחָה	hebrew	family
454	413	מִזְבֵּחַ	hebrew	altar
455	118	עָלָה	hebrew	to ascend: offer up
456	414	עֹלָה	hebrew	burnt offering
457	415	רִיחַ	hebrew	to smell
458	416	רֵיחַ	hebrew	aroma
459	417	נִיחֹחַ	hebrew	soothing
460	418	נְעוּרִים	hebrew	youth
461	419	קָצִיר	hebrew	harvest
462	420	קֹר	hebrew	cold
463	421	חֹם	hebrew	heat
464	422	קַ֫יִץ	hebrew	summer
465	423	חֹ֫רֶף	hebrew	autumn
466	424	מוֹרָא	hebrew	fear
467	425	חַת	hebrew	terror
468	426	דָּג	hebrew	fish
469	427	דָּרַשׁ	hebrew	to seek
470	239	יָד	hebrew	hand: to
471	191	אִישׁ	hebrew	man: anyone
472	253	אָח	hebrew	brother: compatriot
473	428	שָׁפַךְ	hebrew	to pour: kill
474	429	אַתֶּם	hebrew	you(m.p.)
475	430	הָ	hebrew	her
476	431	כָּרַת	hebrew	to cut: eliminate
477	63	נָתַן	hebrew	to give: make
478	432	קֶ֫שֶׁת	hebrew	bow
479	433	עָנָן	hebrew	cloud
480	434	עָנַן	hebrew	to cloud
481	435	נָפַץ	hebrew	to disperse
482	436	כֶּרֶם	hebrew	vineyard
483	437	שָׁתָה	hebrew	to drink
484	438	יַ֫יִן	hebrew	wine
485	439	שָׁכַר	hebrew	be drunk
486	440	גָּלָה	hebrew	to reveal: uncover
487	441	עֶרְוָה	hebrew	nakedness
488	442	שִׂמְלָה	hebrew	mantle
489	443	שְׁכֶם	hebrew	shoulder
490	444	אֲחֹרַנִּית	hebrew	backwards
491	445	יָקַץ	hebrew	to awake
492	446	קָטָן	hebrew	small
493	447	עֶ֫בֶד	hebrew	servant/slave
494	448	פָּתָה	hebrew	to open wide
495	449	אִי	hebrew	coastland
496	450	גּוֹי	hebrew	nation
497	451	לָשׁוֹן	hebrew	tongue: language
498	452	צַ֫יִד	hebrew	wild game
499	453	מַמְלָכָה	hebrew	kingdom
500	454	פּוּץ	hebrew	to scatter
501	455	גְּבוּל	hebrew	border: area
502	160	בּוֹא	hebrew	to come (in): towards
503	59	גָּדוֹל	hebrew	great: old
504	456	פָּלַג	hebrew	to divide
505	457	מוֹשָׁב	hebrew	seat
506	381	הַר	hebrew	mountain: hill country
507	458	שָׂפָה	hebrew	lip: language
508	459	דָּבָר	hebrew	word
509	460	נָסַע	hebrew	to set out
510	461	בִּקְעָה	hebrew	valley
511	462	רֵעַ	hebrew	neighbor
512	463	יָהַב	hebrew	to give
513	464	לָבַן	hebrew	to make bricks
514	465	לְבֵנָה	hebrew	brick
515	466	שָׂרַף	hebrew	to burn
516	467	שְׂרֵפָה	hebrew	fire
517	468	חֵמָר	hebrew	bitumen
518	469	חֹ֫מֶר	hebrew	clay
519	470	נוּ	hebrew	us
520	471	מִגְדָּל	hebrew	tower
521	472	יָרַד	hebrew	to go down
522	473	עַם	hebrew	people
523	474	בָּצַר	hebrew	to gather/restrain/fortify
524	475	זָמַם	hebrew	to plan
525	476	בָּלַל	hebrew	to mix
526	199	שָׁמַע	hebrew	to hear: understand
527	458	שָׂפָה	hebrew	lip: words
528	477	חָדַל	hebrew	to cease
529	478	מוֹלֶ֫דֶת	hebrew	relatives
530	479	עָקָר	hebrew	barren
531	480	וָלָד	hebrew	child
532	481	כַּלָּה	hebrew	daughter-in-law
533	482	גָּדַל	hebrew	to magnify
534	483	בְּרָכָה	hebrew	blessing
535	84	אֲדָמָה	hebrew	land: planet
536	484	רְכוּשׁ	hebrew	property
537	485	רָכַשׁ	hebrew	to gather
538	68	נֶ֫פֶשׁ	hebrew	soul: person
539	31	עָשָׂה	hebrew	to make: offer
540	486	אֵלוֹן	hebrew	terebinth
541	487	עָתַק	hebrew	to proceed
542	488	נָטָה	hebrew	to stretch
543	41	יָם	hebrew	sea: west
544	489	רָעָב	hebrew	famine
545	490	גּוּר	hebrew	to sojourn
546	491	כָּבֵד	hebrew	heavy
547	492	קָרַב	hebrew	to present: come
548	493	נָא	hebrew	please
549	494	יָפֶה	hebrew	beautiful
550	495	אַתְּ	hebrew	you(f.s.)
551	496	מַ֫עַן	hebrew	because
552	497	גָּלָל	hebrew	because of
553	498	שַׂר	hebrew	ruler
554	499	הָלַל	hebrew	to boast: praise
555	500	בָּקָר	hebrew	cattle
556	501	חֲמוֹר	hebrew	donkey
557	502	שִׁפְחָה	hebrew	maidservant
558	503	אָתוֹן	hebrew	she-ass
559	504	גָּמָל	hebrew	camel
560	505	נֶ֫גַע	hebrew	plague
561	459	דָּבָר	hebrew	word: because
562	506	כֶּ֫סֶף	hebrew	silver: money
563	507	מַסַּע	hebrew	journey
564	508	תְּחִלָּה	hebrew	beginning
565	278	נָשָׂא	hebrew	to lift: aid
566	509	יָחְדָּו	hebrew	together
567	510	יָכֹל	hebrew	be able
568	511	רִיב	hebrew	strife
569	512	אַל	hebrew	not
570	513	מְרִיבָה	hebrew	provocation
571	253	אָח	hebrew	brother: male-relative
572	514	אֲנַ֫חְנוּ	hebrew	we
573	515	שְׂמֹאל	hebrew	left
574	516	יָמַן	hebrew	to go right
575	517	יָמִין	hebrew	right
576	518	שִׂמְאֵל	hebrew	to go left
577	278	נָשָׂא	hebrew	to lift: look
578	519	כִּכָּר	hebrew	talent
579	520	מַשְׁקֶה	hebrew	irrigation
580	521	אָהַל	hebrew	to pitch
581	522	חַטָּא	hebrew	sinner
582	523	מֵעִם	hebrew	from with
583	524	צָפוֹן	hebrew	north
584	525	קֵ֫דֶם	hebrew	east
585	526	מָנָה	hebrew	to count
586	527	מֶ֫לֶךְ	hebrew	king
587	528	מִלְחָמָה	hebrew	battle
588	529	חָבַר	hebrew	to unite
589	116	עָבַד	hebrew	to serve
590	530	מָרַד	hebrew	to rebel
591	531	מִדְבָּר	hebrew	wilderness
592	532	עָרַךְ	hebrew	to arrange
593	533	בְּאֵר	hebrew	well
594	534	נוּס	hebrew	to flee
595	535	אֹ֫כֶל	hebrew	food
596	149	הָלַךְ	hebrew	to go: journey
597	536	פָּלִיט	hebrew	survivor
598	537	בַּעַל	hebrew	master: men
599	538	שָׁבָה	hebrew	to take captive
600	539	רִיק	hebrew	to empty
601	540	חָנִיךְ	hebrew	trained
602	541	יָלִיד	hebrew	born
603	542	רָדַף	hebrew	to pursue
604	543	חָלַק	hebrew	to divide
605	515	שְׂמֹאל	hebrew	left: north
606	544	קָרָא	hebrew	to encounter: meet
607	545	כֹּהֵן	hebrew	priest
608	546	מָגַן	hebrew	to deliver
609	547	צַר	hebrew	enemy
610	239	יָד	hebrew	hand: power
611	548	מַעֲשֵׂר	hebrew	tithe
612	262	אִם	hebrew	if: surely no
613	549	חוּט	hebrew	thread
614	550	שְׂרוֹךְ	hebrew	thong
615	551	נַ֫עַל	hebrew	sandal
616	552	עָשַׁר	hebrew	to enrich
617	553	בִּלְעֲדֵי	hebrew	beside
618	554	נַ֫עַר	hebrew	youth
619	555	חֵ֫לֶק	hebrew	portion
620	459	דָּבָר	hebrew	word: thing
621	556	מַחֲזֶה	hebrew	vision
622	557	מָגֵן	hebrew	shield
623	558	שָׂכָר	hebrew	wages
624	559	עֲרִירִי	hebrew	childless
625	223	בֵּן	hebrew	son
626	560	מֶ֫שֶׁק	hebrew	acquisition
627	561	יָרַשׁ	hebrew	to possess: possess
628	562	כִּי [אם]	hebrew	that if: except
629	563	[כִּי] אם	hebrew	if: except
630	564	מֵעֶה	hebrew	belly
631	565	נָבַט	hebrew	to look
632	566	סָפַר	hebrew	to recount
633	567	כֹּה	hebrew	thus
634	568	אָמַן	hebrew	be faithful
635	569	חָשַׁב	hebrew	to devise: count
636	570	צְדָקָה	hebrew	righteousness
637	561	יָרַשׁ	hebrew	to possess: take
638	151	לָקַח	hebrew	to take: bring
639	571	עֶגְלָה	hebrew	heifer
640	572	שָׁלַשׁ	hebrew	to do three
641	573	עֵז	hebrew	goat
642	574	אַ֫יִל	hebrew	ram
643	575	תֹּר	hebrew	turtledove
644	576	גּוֹזָל	hebrew	young bird
645	577	בָּתַר	hebrew	to cut up
646	578	בֶּ֫תֶר	hebrew	part
647	544	קָרָא	hebrew	to encounter: toward
648	579	עַ֫יִט	hebrew	bird of prey
649	580	פֶּ֫גֶר	hebrew	corpse
650	581	נָשַׁב	hebrew	to blow
651	582	שֶׁ֫מֶשׁ	hebrew	sun
652	583	אֵימָה	hebrew	terror
653	584	חֲשֵׁכָה	hebrew	darkness
654	585	גֵּר	hebrew	sojourner
655	586	עָנָה	hebrew	to afflict
656	587	שָׁלוֹם	hebrew	peace
657	588	קָבַר	hebrew	to bury
658	589	שֵׂיבָה	hebrew	greyheaded
659	590	הֵ֫נָּה	hebrew	here/thus
660	591	שָׁלֵם	hebrew	complete
661	277	עָוֺן	hebrew	iniquity: crime
662	592	עֲלָטָה	hebrew	darkness
663	593	תַּנּוּר	hebrew	oven
664	594	עָשָׁן	hebrew	smoke
665	595	לַפִּיד	hebrew	torch
666	596	אֵשׁ	hebrew	fire
667	597	גֶּ֫זֶר	hebrew	piece
668	431	כָּרַת	hebrew	to cut: make(covenant)
669	598	עָצַר	hebrew	to restrain
670	599	אוּלַי	hebrew	perhaps
671	600	גְּבֶ֫רֶת	hebrew	lady
672	187	עַ֫יִן	hebrew	eye: seeing
673	601	חֵיק	hebrew	bosom: embrace
674	602	שָׁפַט	hebrew	to judge
675	187	עַ֫יִן	hebrew	eye: appearance
676	603	בָּרַח	hebrew	to flee
677	604	מַלְאָךְ	hebrew	messenger: angel
678	605	עַ֫יִן	hebrew	spring
679	606	אָן	hebrew	where?
680	11	פָּנֶה	hebrew	face of
681	607	רֹב	hebrew	abundance
682	608	הָרָה	hebrew	pregnant
683	609	עֳנִי	hebrew	affliction
684	610	פֶּ֫רֶא	hebrew	wild donkey
685	611	רֳאִי	hebrew	sight
686	612	הֲלֹם	hebrew	here
687	613	הָמוֹן	hebrew	crowd
688	614	מָגוֹר	hebrew	sojourning
689	615	אֲחֻזָּה	hebrew	possession
690	153	שָׁמַר	hebrew	to keep: obey
691	616	מוּל	hebrew	to circumcise
692	617	עׇרְלָה	hebrew	foreskin
693	618	מִקְנָה	hebrew	purchase
694	619	נֵכָר	hebrew	foreign
695	620	עָרֵל	hebrew	uncircumcised
696	621	עַם	hebrew	kinsman
697	622	פָּרַר	hebrew	to break
698	623	צָחַק	hebrew	to laugh
699	624	לוּ	hebrew	if
700	625	אֲבָל	hebrew	truly
701	626	נָשִׂיא	hebrew	leader
702	627	נָצַב	hebrew	to stand
703	628	רוּץ	hebrew	to run: run
704	629	שָׁחָה	hebrew	to bow
705	630	אָדוֹן	hebrew	lord
706	631	מְעַט	hebrew	little
707	632	רָחַץ	hebrew	to wash: wash
708	633	שָׁעַן	hebrew	to lean
709	634	פַּת	hebrew	morsel
710	635	סָעַד	hebrew	to support
711	636	כִּי [עַל כֵּן]	hebrew	for as that: since
712	637	[כִּי] עַל [כֵּן]	hebrew	as
713	638	[כִּי עַל] כֵּן	hebrew	as
714	639	מָהַר	hebrew	to hasten
715	640	סְאָה	hebrew	seah
716	641	קֶ֫מַח	hebrew	flour
717	642	סֹ֫לֶת	hebrew	fine flour
718	643	לוּשׁ	hebrew	to knead
719	644	עֻגָה	hebrew	bun
720	223	בֵּן	hebrew	son: young animal
721	645	רַךְ	hebrew	tender
722	646	חֶמְאָה	hebrew	curd
723	647	חָלָב	hebrew	milk
724	648	עָמַד	hebrew	to stand: stand
725	649	אַיֵּה	hebrew	where?
726	650	זָקֵן	hebrew	old
727	160	בּוֹא	hebrew	to come (in): advanced
728	24	יוֹם	hebrew	day: year
729	651	אֹ֫רַח	hebrew	way
730	652	קֶ֫רֶב	hebrew	entrails: among
731	653	בָּלָה	hebrew	to become old
732	654	עֶדְנָה	hebrew	delight
733	655	זָקֵן	hebrew	be old
734	656	אֻמְנָם	hebrew	truly
735	657	פָּלָא	hebrew	to wonder
736	658	כָּחַשׁ	hebrew	to deceive
737	659	שָׁקַף	hebrew	to look
738	660	עָצוּם	hebrew	mighty
739	661	מִשְׁפָּט	hebrew	justice
740	411	דָבַר	hebrew	to speak: promise
741	662	זְעָקָה	hebrew	outcry
742	663	כָּבֵד	hebrew	to honor: heavy
743	664	צְעָקָה	hebrew	cry
744	665	כָּלָה	hebrew	consumption
745	666	פָּנָה	hebrew	to turn
746	667	נָגַשׁ	hebrew	to approach: approach
747	668	סָפָה	hebrew	to snatch
748	669	רָשָׁע	hebrew	wicked
749	670	יֵשׁ	hebrew	there
750	671	חָלִ֫ילָה	hebrew	forbid
751	672	עָנָה	hebrew	to answer
752	673	יָאַל	hebrew	be willing
753	674	אֵ֫פֶר	hebrew	ashes
754	675	שַׁ֫עַר	hebrew	gate
755	409	סוּר	hebrew	to turn aside: turn aside
756	349	בַּ֫יִת	hebrew	house: home
757	676	לוּן	hebrew	to lodge
758	677	שָׁכַם	hebrew	to rise
759	248	דֶּ֫רֶךְ	hebrew	way: journey
760	678	רְחוֹב	hebrew	street/plaza
761	679	פָּצַר	hebrew	to press
762	680	מִשְׁתֶּה	hebrew	feast
763	681	מַצָּה	hebrew	unleavened bread
764	682	אָפָה	hebrew	to bake
765	683	שָׁכַב	hebrew	to lie down: lay down
766	144	סָבַב	hebrew	to turn: surround
767	23	קָרָא	hebrew	to call: call out
768	684	דֶּ֫לֶת	hebrew	door
769	685	רָעַע	hebrew	be evil
770	686	הֶן	hebrew	them
771	687	אֵל	hebrew	these
772	688	צֵל	hebrew	shadow
773	689	קוֹרָה	hebrew	beam
774	690	הָֽ֫לְאָה	hebrew	further
775	691	שָׁבַר	hebrew	to break
776	692	סַנְוֵרִים	hebrew	blindness
777	693	לָאָה	hebrew	be weary
778	694	פֹּה	hebrew	here
779	695	חָתָן	hebrew	son-in-law
780	696	כְּמוֹ	hebrew	like
781	697	שַׁ֫חַר	hebrew	dawn
782	118	עָלָה	hebrew	to ascend: dawn
783	698	אוּץ	hebrew	to hasten
784	699	מָהַהּ	hebrew	to delay
785	700	חָזַק	hebrew	to strengthen: hold
786	701	חֶמְלָה	hebrew	compassion
787	702	מָלַט	hebrew	to escape
788	703	חֶ֫סֶד	hebrew	kindness
789	332	רָעָה	hebrew	distress: harm
790	704	קָרֹב	hebrew	near
791	705	מִצְעָר	hebrew	little
792	278	נָשָׂא	hebrew	to lift: kindness
793	11	פָּנֶה	hebrew	face: kindness
794	51	יָצָא	hebrew	to come out: (sun)rise
795	706	גׇּפְרִית	hebrew	brimstone
796	707	צֶ֫מַח	hebrew	branch
797	708	נְצִיב	hebrew	garrison
798	709	מֶ֫לַח	hebrew	salt
799	710	קִיטוֹר	hebrew	smoke
800	711	כִּבְשָׁן	hebrew	kiln
801	712	הֲפֵכָה	hebrew	overthrow
802	713	מְעָרָה	hebrew	cave
803	714	בְּכִירָה	hebrew	firstborn
804	715	צָעִיר	hebrew	little
805	149	הָלַךְ	hebrew	to go: come!
806	120	שָׁקָה	hebrew	to water: drink
807	683	שָׁכַב	hebrew	to lie down: have sex
808	716	מׇחֳרָת	hebrew	morrow
809	717	אֶ֫מֶשׁ	hebrew	last night
810	24	יוֹם	hebrew	day: today
811	223	בֵּן	hebrew	son: descendant/people
812	718	חֲלוֹם	hebrew	dream
813	719	בָּעַל	hebrew	rule: to marry
814	720	תֹּם	hebrew	integrity
815	721	לֵבָב	hebrew	heart
816	722	נִקָּיוֹן	hebrew	innocence
817	400	כַּף	hebrew	palm
818	723	חָשַׂךְ	hebrew	to withhold
819	724	חָטָא	hebrew	to sin
820	63	נָתַן	hebrew	to give: allow
821	725	נָבִיא	hebrew	prophet
822	726	פָּלַל	hebrew	to pray
823	727	אֹ֫זֶן	hebrew	ear: to ears
824	728	חֲטָאָה	hebrew	sin
825	323	מַעֲשֶׂה	hebrew	deed
826	729	יִרְאָה	hebrew	fear
827	730	אׇמְנָה	hebrew	truly
828	731	תָּעָה	hebrew	to go astray
829	732	אֶ֫לֶף	hebrew	thousand
830	733	כְּסוּת	hebrew	covering
831	734	יָכַח	hebrew	to rebuke
832	735	רָפָא	hebrew	to heal
833	736	אָמָה	hebrew	maidservant
834	737	רֶ֫חֶם	hebrew	womb
835	738	פָּקַד	hebrew	to reckon: visit
836	739	זְקֻנִים	hebrew	extreme age
837	740	צְחֹק	hebrew	laughter
838	741	מָלַל	hebrew	to speak
839	742	גָּמַל	hebrew	to wean
840	242	גָּרַשׁ	hebrew	to drive out: divorce
841	743	אוֹדָה	hebrew	because
842	199	שָׁמַע	hebrew	to hear: obey
843	744	חֵ֫מֶת	hebrew	bottle
844	238	שָׁלַח	hebrew	to send: divorce
845	101	כָּלָה	hebrew	to end: expend
846	745	שָׁלַךְ	hebrew	to throw
847	746	רָחַק	hebrew	to remove
848	747	טָחָה	hebrew	to shoot
849	748	מָ֫וֶת	hebrew	death
850	278	נָשָׂא	hebrew	to lift: loud
851	749	בָּכָה	hebrew	to weep
852	750	בַאֲשֶׁר	hebrew	in which
853	278	נָשָׂא	hebrew	to lift: raise
854	751	רָבָה	hebrew	to shoot
855	752	קַשָּׁת	hebrew	bowman
856	753	שָׁבַע	hebrew	to swear
857	754	שָׁקַר	hebrew	to deal
858	755	נִין	hebrew	offspring
859	756	נֶ֫כֶד	hebrew	progeny
860	757	גָּזַל	hebrew	to plunder
861	758	כִּבְשָׂה	hebrew	ewe-lamb
862	759	עֵדָה	hebrew	witness
863	760	חָפַר	hebrew	to search
864	761	אֵ֫שֶׁל	hebrew	tamarisk
865	762	נָסָה	hebrew	to test
866	763	יָחִיד	hebrew	only
867	764	אָהֵב	hebrew	to love: lover
868	765	חָבַשׁ	hebrew	to saddle/tie
869	766	רָחֹק	hebrew	distant
870	767	מַאֲכֶ֫לֶת	hebrew	knife
871	768	שֶׂה	hebrew	sheep
872	18	רָאָה	hebrew	to see: select
873	769	עָקַד	hebrew	to bind
874	770	שָׁחַט	hebrew	to slaughter
875	771	מְא֫וּמָה	hebrew	anything
876	772	יָרֵא	hebrew	afraid
877	773	אָחַז	hebrew	to grasp
878	774	סְבַךְ	hebrew	thicket
879	775	קֶ֫רֶן	hebrew	horn
880	776	נְאֻם	hebrew	utterance
881	777	יַעַן	hebrew	because
882	778	חוֹל	hebrew	sand
883	458	שָׂפָה	hebrew	lip: shore
884	779	אֹיֵב	hebrew	enemy
885	780	עֵ֫קֶב	hebrew	consequence
886	781	פִּלֶ֫גֶשׁ	hebrew	concubine
887	782	סָפַד	hebrew	to mourn
888	783	תּוֹשָׁב	hebrew	sojourner
889	784	קֶ֫בֶר	hebrew	grave
890	785	מִבְחָר	hebrew	best
891	68	נֶ֫פֶשׁ	hebrew	soul: appetite
892	786	פָּגַע	hebrew	to fall on
893	506	כֶּ֫סֶף	hebrew	silver: price
894	787	מָלֵא	hebrew	full
895	727	אֹ֫זֶן	hebrew	ear: hearing
896	63	נָתַן	hebrew	to give: pay
897	788	שֶׁ֫קֶל	hebrew	shekel
898	789	שָׁקַל	hebrew	to weigh
899	790	סָחַר	hebrew	to trade
900	11	פָּנֶה	hebrew	face: east
901	791	סָבִיב	hebrew	around: whole
902	187	עַ֫יִן	hebrew	eye: before(the eyes)
903	239	יָד	hebrew	hand: swear
904	33	תַּחַת	hebrew	underneath: swear
905	792	יָרֵךְ	hebrew	thigh
906	793	אָבָה	hebrew	be willing
907	149	הָלַךְ	hebrew	to go: follow
908	153	שָׁמַר	hebrew	to keep: careful
909	794	נָקָה	hebrew	to clear
910	795	שְׁבוּעָה	hebrew	oath
911	796	טוּב	hebrew	goodness
912	797	שָׁאַב	hebrew	to draw
913	798	קָרָה	hebrew	to meet
914	799	נַעֲרָה	hebrew	maiden
915	800	כַּד	hebrew	jar
916	801	בְּתוּלָה	hebrew	virgin
917	802	גָּמָא	hebrew	to swallow
918	262	אִם	hebrew	if: until
919	803	עָרָה	hebrew	to uncover
920	804	שֹׁ֫קֶת	hebrew	trough
921	805	שָׁאָה	hebrew	to gaze
922	806	חָרֵשׁ	hebrew	be quiet
923	807	צָלֵחַ	hebrew	to prosper
924	808	נֶ֫זֶם	hebrew	ring
925	809	בֶּ֫קַע	hebrew	bekah
926	810	מִשְׁקָל	hebrew	weight
927	811	צָמִיד	hebrew	bracelet
928	812	תֶּ֫בֶן	hebrew	straw
929	813	מִסְפּוֹא	hebrew	fodder
930	814	קָדַד	hebrew	to bow
931	815	אֱמֶת	hebrew	truth: faithful
932	816	נָחָה	hebrew	to lead
933	459	דָּבָר	hebrew	word: speaking
934	817	זִקְנָה	hebrew	old age
935	262	אִם	hebrew	if: surely yes
936	818	אָלָה	hebrew	oath
937	819	נָקִי	hebrew	innocent
938	820	עַלְמָה	hebrew	maiden
939	821	שָׁאַל	hebrew	to ask
940	815	אֱמֶת	hebrew	truth: true
941	822	אוֹ	hebrew	or
942	336	רַע	hebrew	bad: harmful
943	823	כְּלִי	hebrew	article/utensil
944	824	בֶּ֫גֶד	hebrew	garment
945	825	מִגְדָּנָה	hebrew	precious thing
946	826	עָשׂוֹר	hebrew	ten
947	827	אָחַר	hebrew	to delay
948	828	רְבָבָה	hebrew	myriad
949	829	שָׂנֵא	hebrew	to hate
950	830	רָכַב	hebrew	to ride
951	831	שׂוּחַ	hebrew	to meditate
952	832	הַלָּזֶה	hebrew	this
953	833	צָעִיף	hebrew	shawl
954	252	יָסַף	hebrew	to add
955	834	מַתָּנָה	hebrew	gift
956	835	שָׂבֵעַ	hebrew	sated
957	836	חָצֵר	hebrew	village
958	837	טִירָה	hebrew	encampment
959	838	אֻמָּה	hebrew	people
960	839	עָתַר	hebrew	to pray
961	840	נֹ֫כַח	hebrew	before
962	841	רָצַץ	hebrew	to crush
963	842	בֶּ֫טֶן	hebrew	belly: womb
964	843	לְאֹם	hebrew	people
965	844	אָמֵץ	hebrew	to strengthen
966	845	תּוֹאָם	hebrew	twin
967	846	אַדְמוֹנִי	hebrew	red
968	847	אַדֶּ֫רֶת	hebrew	clothing
969	848	שֵׂעָר	hebrew	hair
970	849	תָּם	hebrew	complete
971	850	זִיד	hebrew	to boil
972	851	נָזִיד	hebrew	stew
973	852	עָיֵף	hebrew	faint
974	853	לָעַט	hebrew	to eat
975	854	אֱדֹם	hebrew	red stuff
976	855	מָכַר	hebrew	to sell
977	856	בְּכֹרָה	hebrew	birthright
978	857	עֲדָשָׁה	hebrew	lentil
979	858	בָּזָה	hebrew	to despise
980	157	בַּד	hebrew	alone: besides
981	407	רִאשׁוֹן	hebrew	first: previous
982	859	מִשְׁמֶ֫רֶת	hebrew	charge
983	860	מִצְוָה	hebrew	commandment
984	861	חֻקָּה	hebrew	statute
985	862	תּוֹרָה	hebrew	instruction
986	863	אָרַךְ	hebrew	to prolong
987	864	אֵיךְ	hebrew	how?
988	865	אָשָׁם	hebrew	guilt (offering)
989	866	שַׁ֫עַר	hebrew	hundredfold
990	867	גָּדֵל	hebrew	growing
991	868	עֲבֻדָּה	hebrew	service
992	869	קָנָא	hebrew	be jealous
993	870	סָתַם	hebrew	to close
994	871	עָצֹם	hebrew	be vast
995	872	חָנָה	hebrew	to camp
996	873	נַ֫חַל	hebrew	torrent: valley
997	874	רִיב	hebrew	to contend
998	875	עָשַׂק	hebrew	to contend
999	876	רָחַב	hebrew	to enlarge
1000	877	כָּרָה	hebrew	to pierce
1001	878	מֵרֵעַ	hebrew	companion
1002	879	מַדּוּעַ	hebrew	why?
1003	880	מֹרָה	hebrew	bitterness
1004	881	כָּהָה	hebrew	to grow dim
1005	882	תְּלִי	hebrew	quiver
1006	883	צוּד	hebrew	to hunt
1007	884	מַטְעָם	hebrew	delicacy
1008	68	נֶ֫פֶשׁ	hebrew	soul: myself
1009	885	גְּדִי	hebrew	kid
1010	886	שָׂעִר	hebrew	hairy
1011	887	חָלָק	hebrew	smooth
1012	888	מָשַׁשׁ	hebrew	to feel
1013	889	תָּעַע	hebrew	to mock
1014	890	קְלָלָה	hebrew	curse
1015	891	חֲמוּדָה	hebrew	desirable thing
1016	892	חֶלְקָה	hebrew	smoothness
1017	893	צַוָּאר	hebrew	neck
1018	894	מוּשׁ	hebrew	to feel
1019	895	נָכַר	hebrew	to recognize
1020	667	נָגַשׁ	hebrew	to approach: bring
1021	896	נָשַׁק	hebrew	to kiss
1022	897	טַל	hebrew	dew
1023	898	שָׁמָן	hebrew	fat
1024	899	דָּגָן	hebrew	grain
1025	900	תִּירוֹשׁ	hebrew	new wine
1026	901	הָוָה	hebrew	to be
1027	902	גְּבִיר	hebrew	lord
1028	903	חָרַד	hebrew	to tremble
1029	904	חֲרָדָה	hebrew	trembling
1030	905	אֵפוֹ	hebrew	then
1031	906	מַר	hebrew	bitter
1032	907	מִרְמָה	hebrew	deceit
1033	908	עָקַב	hebrew	to assail
1034	909	אָצַל	hebrew	to reserve
1035	910	סָמַךְ	hebrew	to support
1036	911	רוּד	hebrew	to roam
1037	912	פָּרַק	hebrew	to tear
1038	913	עֹל	hebrew	yoke
1039	914	שָׂטַם	hebrew	to hate
1040	915	אֵ֫בֶל	hebrew	mourning
1041	232	שׁוּב	hebrew	to return: turn back
1042	916	חֵמָה	hebrew	rage
1043	124	אַף	hebrew	face: anger
1044	917	שָׁכַח	hebrew	to forget
1045	918	שָׁכֹל	hebrew	be bereaved
1046	919	קוּץ	hebrew	to loathe
1047	920	קָהָל	hebrew	assembly
1048	51	יָצָא	hebrew	to come out: extends
1049	160	בּוֹא	hebrew	to come (in): (sun)set
1050	921	מְרַאֲשָׁוֹת	hebrew	head
1051	683	שָׁכַב	hebrew	to lie down: sleep
1052	922	חָלַם	hebrew	to dream
1053	923	סֻלָּם	hebrew	ladder
1054	924	פָּרַץ	hebrew	to break through
1055	925	שֵׁנָה	hebrew	sleep
1056	926	אָכֵן	hebrew	surely
1057	203	יָרֵא	hebrew	to fear: revere
1058	927	מַצֵּבָה	hebrew	pillar
1059	928	יָצַק	hebrew	to pour: pour
1060	929	שֶׁ֫מֶן	hebrew	oil
1061	930	אוּלָם	hebrew	but
1062	931	נָדַר	hebrew	to vow
1063	932	נֶ֫דֶר	hebrew	vow
1064	933	עָשַׂר	hebrew	to tithe
1065	278	נָשָׂא	hebrew	to lift: journey
1066	149	הָלַךְ	hebrew	to go: come
1067	934	עֵ֫דֶר	hebrew	flock
1068	935	גָּלַל	hebrew	to roll
1069	936	אַ֫יִן	hebrew	where?
1070	587	שָׁלוֹם	hebrew	peace: well-being
1071	937	שֵׁ֫מַע	hebrew	report
1072	938	חָבַק	hebrew	to embrace
1073	939	חִנָּם	hebrew	for nothing
1074	940	מַשְׂכֹּ֫רֶת	hebrew	wage
1075	941	תֹּ֫אַר	hebrew	appearance
1076	942	אַהֲבָה	hebrew	love
1077	943	רָמָה	hebrew	to deceive
1078	63	נָתַן	hebrew	to give: give(marriage)
1079	944	שָׁבוּעַ	hebrew	week
1080	945	עֲבֹדָה	hebrew	service
1081	946	לָוָה	hebrew	to join
1082	947	יָדָה	hebrew	to give thanks
1083	948	מָנַע	hebrew	to withhold
1084	949	בֶּ֫רֶךְ	hebrew	knee
1085	950	נַפְתּוּלִים	hebrew	wrestling
1086	951	פָּתַל	hebrew	to twist
1087	952	אֹ֫שֶׁר	hebrew	happy
1088	953	אָשַׁר	hebrew	to bless
1089	954	חִטָּה	hebrew	wheat
1090	955	דּוּדַי	hebrew	mandrake
1091	956	שָׂכַר	hebrew	to hire
1092	957	זָבַד	hebrew	to endow
1093	958	זֶ֫בֶד	hebrew	dowry
1094	959	זָבַל	hebrew	to honour
1095	960	חֶרְפָּה	hebrew	reproach
1096	961	נָחַשׁ	hebrew	to divine
1097	962	נָקַב	hebrew	to pierce
1098	963	מָתַי	hebrew	how
1099	964	נָקֹד	hebrew	speckled
1100	965	טָלָא	hebrew	to spot
1101	966	חוּם	hebrew	darkened
1102	967	כֶּ֫שֶׂב	hebrew	sheep
1103	968	מָחָר	hebrew	tomorrow
1104	969	גָּנַב	hebrew	to steal
1105	970	תַּ֫יִשׁ	hebrew	male goat
1106	971	עָקֹד	hebrew	striped
1107	972	לָבָן	hebrew	white
1108	973	יָתַר	hebrew	to remain
1109	974	מַקֵּל	hebrew	rod
1110	975	לִבְנֶה	hebrew	poplar
1111	976	לַח	hebrew	fresh
1112	977	לוּז	hebrew	almond
1113	978	עַרְמוֹן	hebrew	plane tree
1114	979	פָּצַל	hebrew	to peel
1115	980	פִּצְלָה	hebrew	stripe
1116	981	מַחְשֹׂף	hebrew	exposing
1117	982	יָצַג	hebrew	to set
1118	983	רַ֫הַט	hebrew	trough
1119	984	יָחַם	hebrew	to conceive
1120	216	שִׁית	hebrew	to set: make
1121	985	קָשַׁר	hebrew	to conspire
1122	986	עָטַף	hebrew	to enfeeble
1123	987	מֵאֲשֶׁר	hebrew	whence
1124	988	כָּבוֹד	hebrew	glory
1125	989	תְּמוֹל	hebrew	yesterday
1126	990	שִׁלְשֹׁם	hebrew	three days ago
1127	991	אַתֵּן	hebrew	you(f.p.)
1128	992	תָּלַל	hebrew	to deceive
1129	993	חָלַף	hebrew	to pass
1130	994	מֹנֶה	hebrew	time
1131	995	נָצַל	hebrew	to rescue
1132	996	עַתּוּד	hebrew	goat
1133	118	עָלָה	hebrew	to ascend: copulate
1134	997	בָּרֹד	hebrew	spotted
1135	998	מָשַׁח	hebrew	to anoint
1136	999	נַחֲלָה	hebrew	inheritance
1137	1000	נׇכְרִי	hebrew	foreign
1138	1001	עֹ֫שֶׁר	hebrew	riches
1139	1002	נָהַג	hebrew	to lead
1140	1003	קִנְיָן	hebrew	acquisition
1141	1004	גָּזַז	hebrew	to shear
1142	1005	תְּרָפִים	hebrew	teraphim
1143	1006	בְּלִי	hebrew	without
1144	1007	נָשַׂג	hebrew	to overtake
1145	1008	תָּקַע	hebrew	to blow
1146	1009	שִׂמְחָה	hebrew	joy
1147	1010	שִׁיר	hebrew	song
1148	1011	תֹּף	hebrew	tambourine
1149	1012	נָטַשׁ	hebrew	to leave
1150	1013	סָכַל	hebrew	be foolish
1151	1014	אֵל	hebrew	god: power
1152	1015	כָּסַף	hebrew	to long
1153	1016	כָּר	hebrew	saddle
1154	1017	חָפַשׂ	hebrew	to search
1155	1018	פֶּ֫שַׁע	hebrew	transgression
1156	1019	דָּלַק	hebrew	to burn/pursue
1157	1020	רָחֵל	hebrew	ewe
1158	1021	טְרֵפָה	hebrew	torn animal
1159	1022	בָּקַשׁ	hebrew	to seek
1160	1023	חֹ֫רֶב	hebrew	drought
1161	1024	קֶ֫רַח	hebrew	ice
1162	1025	נָדַד	hebrew	to wander
1163	1026	לוּלֵא	hebrew	unless
1164	1027	פַּ֫חַד	hebrew	dread
1165	1028	רֵיקָם	hebrew	emptily
1166	1029	יְגִיעַ	hebrew	toil
1167	1030	עֵד	hebrew	witness
1168	1031	לָקַט	hebrew	to gather
1169	1032	גַּל	hebrew	heap
1170	1033	צָפָה	hebrew	to watch
1171	1034	יָרָה	hebrew	to show
1172	1035	זָבַח	hebrew	to sacrifice
1173	1036	זֶ֫בַח	hebrew	sacrifice
1174	1037	מַחֲנֶה	hebrew	camp
1175	604	מַלְאָךְ	hebrew	messenger
1176	1038	שׁוֹר	hebrew	cattle
1177	1039	יָצַר	hebrew	be distressed
1178	1040	חָצָה	hebrew	to divide
1179	1041	פְּלֵיטָה	hebrew	survivor
1180	1042	קָטֹן	hebrew	be small
1181	257	מִנְחָה	hebrew	offering: gift
1182	1043	פָּרָה	hebrew	heifer
1183	1044	פַּר	hebrew	bullock
1184	1045	עַ֫יִר	hebrew	colt
1185	1046	רֶ֫וַח	hebrew	space
1186	1047	פָּגַשׁ	hebrew	to meet
1187	1048	כִּפֶּר	hebrew	to atone
1188	1049	מַעֲבָר	hebrew	ford
1189	873	נַ֫חַל	hebrew	torrent: river
1190	1050	אָבַק	hebrew	to wrestle
1191	400	כַּף	hebrew	palm: dish
1192	1051	יָקַע	hebrew	to dislocate/hang
1193	238	שָׁלַח	hebrew	to send: let go
1194	1052	שָׂרָה	hebrew	to strive
1195	1053	זָרַח	hebrew	to rise
1196	1054	צָלַע	hebrew	to limp
1197	1055	גִּיד	hebrew	sinew
1198	1056	נָשֶׁה	hebrew	hamstring
1199	1057	אַחֲרוֹן	hebrew	last
1200	1058	חָנַן	hebrew	be gracious
1201	1059	רָצָה	hebrew	to accept
1202	1060	עוּל	hebrew	to nurse
1203	1061	דָּפַק	hebrew	to beat
1204	1062	נָהַל	hebrew	to guide
1205	1063	אַט	hebrew	softly
1206	1064	סֻכָּה	hebrew	booth
1207	1065	חֶלְקָה	hebrew	portion
1208	1066	קְשִׂיטָה	hebrew	coin
1209	68	נֶ֫פֶשׁ	hebrew	soul
1210	1067	יַלְדָּה	hebrew	maiden
1211	1068	טָמֵא	hebrew	to defile
1212	1069	נְבָלָה	hebrew	folly
1213	1070	חָשַׁק	hebrew	to desire
1214	1071	חָתַן	hebrew	be related
1215	1072	מֹ֫הַר	hebrew	brideprice
1216	1073	מַתָּן	hebrew	gift
1217	1074	אוּת	hebrew	to consent
1218	1075	חָפֵץ	hebrew	to delight in
1219	663	כָּבֵד	hebrew	to honor: honour
1220	1076	רָחָב	hebrew	broad: wide
1221	1077	כָּאַב	hebrew	to pain
1222	1078	בֶּ֫טַח	hebrew	security
1223	1079	חָלָל	hebrew	slain: killed
1224	1080	בָּזַז	hebrew	to plunder
1225	1081	חַ֫יִל	hebrew	strength: rich
1226	1082	טַף	hebrew	child
1227	1083	עָכַר	hebrew	to trouble
1228	1084	בָּאַשׁ	hebrew	to stink
1229	1085	מַת	hebrew	man
1230	1086	מִסְפָּר	hebrew	number
1231	1087	שָׁמַד	hebrew	to destroy
1232	1088	זָנָה	hebrew	to fornicate
1233	1089	טָהֵר	hebrew	be pure
1234	1090	צָרָה	hebrew	distress
1235	239	יָד	hebrew	hand: themselves
1236	727	אֹ֫זֶן	hebrew	ear
1237	1091	טָמַן	hebrew	to hide
1238	1092	אֵלָה	hebrew	oak
1239	1093	חִתָּה	hebrew	terror
1240	791	סָבִיב	hebrew	around
1241	440	גָּלָה	hebrew	to reveal: reveal
1242	1094	אַלּוֹן	hebrew	oak
1243	1095	חָלָץ	hebrew	loin
1244	1096	מַצֶּבֶת	hebrew	pillar
1245	1097	נָסַךְ	hebrew	to pour
1246	1098	נֶ֫סֶךְ	hebrew	drink offering
1247	1099	כִּבְרָה	hebrew	distance
1248	1100	קָשָׁה	hebrew	to harden
1249	1101	קְבֻרָה	hebrew	tomb
1250	1102	אַלּוּף	hebrew	chief
1251	1103	יֵמִם	hebrew	hot spring
1252	1104	מָלַךְ	hebrew	to reign
1253	1105	דִּבָּה	hebrew	slander
1254	1106	פַּס	hebrew	long-sleeved
1255	1107	אָלַם	hebrew	be dumb
1256	1108	אֲלֻמָה	hebrew	sheaf
1257	1109	יָרֵחַ	hebrew	moon
1258	1110	גָּעַר	hebrew	to rebuke
1259	1111	אֵיפֹה	hebrew	where?
1260	1112	נָכַל	hebrew	to plot
1261	537	בַּעַל	hebrew	master: [master of]
1262	1113	בּוֹר	hebrew	pit
1263	232	שׁוּב	hebrew	to return: rescue
1264	1114	פָּשַׁט	hebrew	to strip
1265	1115	רֵיק	hebrew	worthless
1266	230	לֶ֫חֶם	hebrew	food
1267	1116	אֹרְחָה	hebrew	caravan
1268	1117	נְכֹאת	hebrew	tragacanth gum
1269	1118	צֳרִי	hebrew	balsam
1270	1119	לֹט	hebrew	myrrh
1271	1120	בֶּ֫צַע	hebrew	unjust-gain
1272	1121	מָשַׁךְ	hebrew	to draw
1273	118	עָלָה	hebrew	to ascend: establish
1274	1122	קָרַע	hebrew	to tear
1275	1123	שָׂעִיר	hebrew	he-goat
1276	1124	טָבַל	hebrew	to dip
1277	1125	טָרַף	hebrew	to tear
1278	1126	שַׂק	hebrew	sackcloth
1279	1127	מׇתְנַ֫יִם	hebrew	loin
1280	1128	אָבַל	hebrew	to mourn
1281	1129	מָאֵן	hebrew	to refuse
1282	1130	אָבֵל	hebrew	mourning
1283	1131	סָרִיס	hebrew	eunuch
1284	1132	טַבָּח	hebrew	guard
1285	1133	יָבַם	hebrew	be brother-in-law
1286	1134	אַלְמָנָה	hebrew	widow
1287	1135	חָם	hebrew	father-in-law
1288	1136	אַלְמָנוּת	hebrew	widowhood
1289	1137	עָלַף	hebrew	to enwrap
1290	569	חָשַׁב	hebrew	to devise: think
1291	1138	עֵרָבוֹן	hebrew	pledge
1292	1139	חֹתָם	hebrew	signet
1293	1140	פָּתִיל	hebrew	cord
1294	1141	מַטֶּה	hebrew	tribe: rod
1295	1142	קְדֵשָׁה	hebrew	cult prostitute
1296	1143	בּוּז	hebrew	contempt
1297	1144	זְנוּנִים	hebrew	fornication
1298	1145	חֹתֶ֫מֶת	hebrew	ring
1299	1146	צָדֵק	hebrew	to justify
1300	1147	שָׁנִי	hebrew	scarlet
1301	1148	פֶּ֫רֶץ	hebrew	breach
1302	1149	שָׁרַת	hebrew	to minister
1303	738	פָּקַד	hebrew	to reckon: overseer
1304	1150	מֵאָז	hebrew	the past
1305	1151	אֵ֫צֶל	hebrew	beside
1306	18	רָאָה	hebrew	to see: behold!
1307	1152	סֹ֫הַר	hebrew	prison
1308	1153	אָסִיר	hebrew	prisoner
1309	1154	אָסַר	hebrew	to bind
1310	1155	מַשְׁקֶה	hebrew	cupbearer
1311	1156	קָצַף	hebrew	be angry
1312	1157	מִשְׁמָר	hebrew	custody
1313	1158	פִּתְרוֹן	hebrew	interpretation
1314	1159	זָעַף	hebrew	to enrage
1315	1160	פָּתַר	hebrew	to interpret
1316	1161	גֶּ֫פֶן	hebrew	vine
1317	1162	שָׂרִיג	hebrew	tendril
1318	1163	פָּרַח	hebrew	to sprout
1319	1164	נֵץ	hebrew	flower
1320	1165	בָּשַׁל	hebrew	to boil
1321	1166	אֶשְׁכּוֹל	hebrew	cluster
1322	1167	עֵנָב	hebrew	grape
1323	1168	כּוֹס	hebrew	cup
1324	1169	שָׂחַט	hebrew	to squeeze
1325	1170	כֵּן	hebrew	stand
1326	661	מִשְׁפָּט	hebrew	justice: custom
1327	1171	סַל	hebrew	basket
1328	1172	חֹרִי	hebrew	white
1329	1173	עֶלְיוֹן	hebrew	high
1330	1174	תָּלָה	hebrew	to hang
1331	1175	בָּרִיא	hebrew	fat
1332	1176	אָחוּ	hebrew	meadow
1333	1177	דַּק	hebrew	thin
1334	1178	שִׁבֹּ֫לֶת	hebrew	ear
1335	1179	קָנֶה	hebrew	branch: stem
1336	1180	שָׁדַף	hebrew	to scorch
1337	1181	קָדִים	hebrew	east
1338	1182	בָּלַע	hebrew	to swallow up
1339	1183	פָּעַם	hebrew	to trouble
1340	1184	חַרְטֹם	hebrew	magician
1341	1185	חָכָם	hebrew	wise
1342	1186	חֵטְא	hebrew	sin
1343	1187	גָּלַח	hebrew	to shave
1344	1188	דַּלָּה	hebrew	poor
1345	1189	רַק	hebrew	thin
1346	1190	רֹעַ	hebrew	evil
1347	1191	צָנַם	hebrew	to dry
1348	1192	שָׂבָע	hebrew	abundance
1349	101	כָּלָה	hebrew	to end: destroy
1350	1193	שָׁנָה	hebrew	to repeat
1351	1194	כּוּן	hebrew	to establish: establish
1352	1195	בִּין	hebrew	to understand
1353	1196	פָּקִיד	hebrew	overseer
1354	1197	חָמַשׁ	hebrew	to take the fifth part
1355	1198	קָבַץ	hebrew	to gather
1356	1199	צָבַר	hebrew	to heap
1357	1200	בַּר	hebrew	grain
1358	33	תַּחַת	hebrew	underneath: stand
1359	1201	פִּקָּדוֹן	hebrew	deposit
1360	273	פֶּה	hebrew	lip: word
1361	1202	כִּסֵּא	hebrew	throne
1362	1203	טַבַּ֫עַת	hebrew	ring
1363	1204	שֵׁשׁ	hebrew	linen
1364	1205	רָבִיד	hebrew	necklace
1365	1206	מֶרְכָּבָה	hebrew	chariot
1366	1207	מִשְׁנֶה	hebrew	second
1367	1208	אַבְרֵךְ	hebrew	to bow
1368	648	עָמַד	hebrew	to stand: appoint
1369	1209	קֹ֫מֶץ	hebrew	handful
1370	1210	נָשָׁה	hebrew	to forget
1371	1211	עָמָל	hebrew	trouble
1372	1212	רָעֵב	hebrew	be hungry
1373	1213	שָׁבַר	hebrew	to buy grain
1374	700	חָזַק	hebrew	to strengthen: strengthen
1375	18	רָאָה	hebrew	to see: examine
1376	1214	שֶׁ֫בֶר	hebrew	grain
1377	544	קָרָא	hebrew	to encounter: chanced
1378	1215	אָסוֹן	hebrew	harm
1379	1216	שַׁלִּיט	hebrew	domineering
1380	1217	נָכַר	hebrew	to alienate
1381	1218	קָשֶׁה	hebrew	severe
1382	1219	רָגַל	hebrew	to spy
1383	1220	נַ֫חְנוּ	hebrew	we
1384	1221	כֵּן	hebrew	right
1385	61	קָטֹן	hebrew	small: young
1386	1222	בָּחַן	hebrew	to test
1387	1223	רְעָבוֹן	hebrew	famine
1388	1224	אָשֵׁם	hebrew	guilty
1389	1225	לִיץ	hebrew	to mock
1390	1226	צֵידָה	hebrew	provision
1391	1227	מָלוֹן	hebrew	lodging
1392	1228	אַמְתַּ֫חַת	hebrew	sack
1393	51	יָצָא	hebrew	to come out: surrender
1394	1229	צְרוֹר	hebrew	bundle
1395	1230	יָגוֹן	hebrew	sorrow
1396	1231	עוּד	hebrew	to testify
1397	273	פֶּה	hebrew	lip: according
1398	1232	עָרַב	hebrew	to pledge
1399	24	יוֹם	hebrew	day: always
1400	1233	זִמְרָה	hebrew	best
1401	1234	דְּבַשׁ	hebrew	honey
1402	1235	בָּטְנִים	hebrew	pistachio
1403	1236	שָׁקֵד	hebrew	almond
1404	1237	מִשְׁגֶּה	hebrew	mistake
1405	1238	רַחֲמִים	hebrew	compassion
1406	1239	טָבַח	hebrew	to slaughter
1407	1240	טֶ֫בַח	hebrew	slaughter
1408	1194	כּוּן	hebrew	to establish: prepare
1409	1241	צֹ֫הַר	hebrew	midday
1410	1242	בִּי	hebrew	please
1411	1243	מַטְמוֹן	hebrew	treasure
1412	1244	כָּמַר	hebrew	to grow warm
1413	1245	חֶ֫דֶר	hebrew	chamber
1414	1246	אָפַק	hebrew	to refrain
1415	1247	תּוֹעֵבַה	hebrew	abomination
1416	1248	צְעִירָה	hebrew	youth
1417	1249	תָּמַהּ	hebrew	to astounded
1418	1250	מַשְׂאֵת	hebrew	tribute
1419	239	יָד	hebrew	hand: times
1420	1251	גָּבִיעַ	hebrew	cup
1421	1252	שָׁלֵם	hebrew	to complete
1422	1253	טוֹבָה	hebrew	welfare
1423	1254	עָמַס	hebrew	to lift
1424	163	נָפַל	hebrew	to fall: kill
1425	277	עָוֺן	hebrew	iniquity: guilt
1426	63	נָתַן	hebrew	to give: cry out
1427	1255	בְּכִי	hebrew	weeping
1428	1256	בָּהַל	hebrew	to dismay
1429	1257	מִחְיָה	hebrew	recovery
1430	1258	חָרִישׁ	hebrew	plowing
1431	1259	שְׁאֵרִית	hebrew	remnant
1432	1260	כּוּל	hebrew	to sustain
1433	561	יָרַשׁ	hebrew	to possess: poor
1434	200	קוֹל	hebrew	voice: message
1435	1261	טָעַן	hebrew	to load
1436	1262	בְּעִיר	hebrew	cattle
1437	1263	עֲגָלָה	hebrew	cart
1438	1264	חוּס	hebrew	to pity
1439	1265	חֲלִיפָה	hebrew	change
1440	1266	מָזוֹן	hebrew	food
1441	1267	רָגַז	hebrew	to tremble
1442	1268	פּוּג	hebrew	be numb
1443	1269	מַרְאָה	hebrew	vision
1444	1270	מִרְעֶה	hebrew	pasture
1445	1271	מֵיטָב	hebrew	best
1446	1272	חַ֫יִל	hebrew	strength
1447	1273	לָהַה	hebrew	to languish
1448	349	בַּ֫יִת	hebrew	house: palace
1449	1274	תָּמַם	hebrew	to finish
1450	1275	אָפֵס	hebrew	to end
1451	1276	סוּס	hebrew	horse
1452	1277	כָּחַד	hebrew	to hide
1453	1278	גְּוִיָּה	hebrew	body
1454	1279	יָשַׁם	hebrew	be desolate
1455	387	עָבַר	hebrew	to pass: bring
1456	1280	חֹק	hebrew	statute: portion
1457	1281	הֵא	hebrew	behold
1458	1282	תְּבוּאָה	hebrew	produce
1459	1280	חֹק	hebrew	statute: decree
1460	1283	חֹ֫מֶשׁ	hebrew	fifth
1461	1284	מִטָּה	hebrew	bed
1462	1285	חָלָה	hebrew	be weak: ill
1463	663	כָּבֵד	hebrew	to honor: dull
1464	1286	זֹ֫קֶן	hebrew	old age
1465	1287	שָׂכַל	hebrew	to cross hands
1466	1288	גָּאַל	hebrew	to redeem: redeem
1467	1289	דָּגָה	hebrew	to multiply
1468	1290	תָּמַךְ	hebrew	to grasp
1469	1291	מְלֹא	hebrew	fullness
1470	1292	אַחֲרִית	hebrew	end
1471	1293	אוֹן	hebrew	strength
1472	1294	יֶ֫תֶר	hebrew	remainder
1473	1295	עַז	hebrew	strong
1474	1296	פַּ֫חַז	hebrew	recklessness
1475	1297	מִשְׁכָּב	hebrew	bed
1476	305	חָלַל	hebrew	to profane/begin: profane
1477	1298	יָצוּעַ	hebrew	bed
1478	1299	מְכֵרָה	hebrew	sword
1479	1300	סוֹד	hebrew	counsel
1480	1301	יָחַד	hebrew	be joined
1481	1302	רָצוֹן	hebrew	acceptance
1482	1303	עִקֵּר	hebrew	to hamstring
1483	1304	עֶבְרָה	hebrew	fury
1484	1305	עֹ֫רֶף	hebrew	neck
1485	1306	גּוּר	hebrew	whelp
1486	1307	אַרְיֵה	hebrew	lion
1487	1308	טֶ֫רֶף	hebrew	prey
1488	1309	כָּרַע	hebrew	to bow
1489	1310	לָבִיא	hebrew	lion
1490	409	סוּר	hebrew	to turn aside: depart
1491	1311	שֵׁ֫בֶט	hebrew	tribe: staff
1492	1312	חָקַק	hebrew	to decree
1493	1313	יִקְּהָה	hebrew	obedience
1494	1314	שֹׂרֵקָה	hebrew	vine
1495	1315	כָּבַס	hebrew	to wash
1496	1316	לְבוּשׁ	hebrew	clothing
1497	1317	סוּת	hebrew	vesture
1498	1318	חַכְלִילִי	hebrew	dull
1499	1319	שֵׁן	hebrew	tooth
1500	1320	חוֹף	hebrew	coast
1501	1321	אֳנִיָּה	hebrew	fleet
1502	1322	יַרְכָה	hebrew	flank
1503	1323	גֶּ֫רֶם	hebrew	bone
1504	1324	מִשְׁפְּתַ֫יִם	hebrew	sheepfold
1505	1325	מְנוּחָה	hebrew	resting
1506	1326	נָעֵם	hebrew	be pleasant
1507	1327	סָבַל	hebrew	to bear
1508	1328	מַס	hebrew	taskworker
1509	1311	שֵׁ֫בֶט	hebrew	tribe
1510	1329	שְׁפִיפֹן	hebrew	horned viper
1511	1330	נָשַׁךְ	hebrew	to bite
1512	1331	אָחוֹר	hebrew	back
1513	1332	יְשׁוּעָה	hebrew	salvation
1514	1333	קָוָה	hebrew	to await
1515	1334	גְּדוּד	hebrew	band
1516	1335	גּוּד	hebrew	to raid
1517	1336	שָׁמֵן	hebrew	rich
1518	1337	מַעֲדָן	hebrew	delicacy
1519	1338	אַיָּלָה	hebrew	doe
1520	1339	אֵמֶר	hebrew	word
1521	1340	שֶׁ֫פֶר	hebrew	beauty
1522	1341	צָעַד	hebrew	to march
1523	1342	שׁוּר	hebrew	wall
1524	1343	מָרַר	hebrew	to provoke
1525	1344	רָבַב	hebrew	to multiply ten thousand
1526	1345	חֵץ	hebrew	arrow
1527	1346	אֵיתָן	hebrew	strong
1528	1347	פָּזַז	hebrew	be agile
1529	1348	זְרוֹעַ	hebrew	arm
1530	1349	אָבִיר	hebrew	mighty
1531	1350	עָזַר	hebrew	to help
1532	1351	שַׁד	hebrew	breast
1533	1352	רַחַם	hebrew	womb
1534	1353	תַּאֲוָה	hebrew	boundary
1535	1354	גִּבְעָה	hebrew	hill
1536	1355	קׇדְקֹד	hebrew	crown
1537	1356	זְאֵב	hebrew	wolf
1538	1357	עַד	hebrew	prey
1539	1358	שָׁלָל	hebrew	spoil
1540	1359	חָנַט	hebrew	to spice
1541	1360	חֲנֻטִים	hebrew	embalming
1542	1361	בְּכִית	hebrew	weeping
1543	650	זָקֵן	hebrew	old: elder
1544	1362	רֶ֫כֶב	hebrew	chariot
1545	1363	פָּרָשׁ	hebrew	horseman
1546	1364	גֹּ֫רֶן	hebrew	threshing floor
1547	1365	עֵ֫בֶר	hebrew	side: beyond
1548	1366	מִסְפֵּד	hebrew	mourning
1549	232	שׁוּב	hebrew	to return: pay
1550	1367	אָֽנָּ֫א	hebrew	Please!
1551	278	נָשָׂא	hebrew	to lift: forgive
1552	569	חָשַׁב	hebrew	to devise: devise
1553	1368	שִׁלֵּשׁ	hebrew	third
1554	1369	יָשַׂם	hebrew	to put
1555	1370	אֲרוֹן	hebrew	ark
1556	1371	חָדָשׁ	hebrew	new
1557	1372	חָכַם	hebrew	be wise
1558	1373	לָחַם	hebrew	to fight
1559	130	שׂוּם	hebrew	to set: appoint
1560	1374	סִבְלָה	hebrew	burden
1561	1375	מִסְכְּנוֹת	hebrew	storage
1562	1376	פֶּ֫רֶךְ	hebrew	severity
1563	945	עֲבֹדָה	hebrew	service: work
1564	1377	אֹבֶן	hebrew	wheel
1565	1378	חָיֶה	hebrew	vigorous
1566	1379	יִלּוֹד	hebrew	born
1567	1380	צָפַן	hebrew	to treasure
1568	1381	יֶ֫רַח	hebrew	month
1569	1382	גֹּ֫מֶא	hebrew	reed
1570	1383	חָמַר	hebrew	to daub
1571	1384	זֶ֫פֶת	hebrew	pitch
1572	1385	סוּף	hebrew	reed
1573	1386	יָצַב	hebrew	to stand
1574	1387	חָמַל	hebrew	to spare
1575	149	הָלַךְ	hebrew	to go: take
1576	1388	מָשָׁה	hebrew	to draw
1577	1389	נָצָה	hebrew	to struggle
1578	1390	דָּלָה	hebrew	to draw (up/out)
1579	1391	יָשַׁע	hebrew	to save
1580	1392	אָנַח	hebrew	to sigh
1581	1393	זָעַק	hebrew	to cry out
1582	1394	שַׁוְעָה	hebrew	cry
1583	1395	נְאָקָה	hebrew	groan
1584	1396	חֹתֵן	hebrew	relative
1585	1397	לַבָּה	hebrew	flame
1586	1398	סְנֶה	hebrew	bush
1587	1399	בָּעַר	hebrew	to burn: burn
1588	1400	נָשַׁל	hebrew	to slip
1589	1401	קֹ֫דֶשׁ	hebrew	holiness
1590	1402	נָגַשׂ	hebrew	to oppress
1591	1403	מַכְאוֹב	hebrew	pain
1592	1404	זוּב	hebrew	to flow: flowing
1593	1405	לַ֫חַץ	hebrew	oppression
1594	1406	לָחַץ	hebrew	to oppress
1595	54	אוֹת	hebrew	sign: miraculous
1596	116	עָבַד	hebrew	to serve: minister
1597	1407	זֵ֫כֶר	hebrew	memorial
1598	1408	חָזָק	hebrew	strong
1599	1409	שָׁכֵן	hebrew	neighboring
1600	1410	זָנָב	hebrew	tail
1601	601	חֵיק	hebrew	bosom: garment
1602	1411	צָרַע	hebrew	be leprous
1603	1412	שֶׁ֫לֶג	hebrew	snow
1604	200	קוֹל	hebrew	voice: [sound of]
1605	428	שָׁפַךְ	hebrew	to pour: pour
1606	1413	יַבֶּ֫שֶׁת	hebrew	dry land
1607	451	לָשׁוֹן	hebrew	tongue
1608	1414	אִלֵּם	hebrew	mute
1609	1415	חֵרֵשׁ	hebrew	deaf
1610	1416	פִּקֵּחַ	hebrew	seeing
1611	1417	עִוֵּר	hebrew	blind
1612	1418	שָׂמַח	hebrew	to rejoice
1613	1419	מוֹפֵת	hebrew	wonder
1614	1420	צֹר	hebrew	flint
1615	431	כָּרַת	hebrew	to cut: cut
1616	1421	רָפָה	hebrew	to slacken
1617	1422	מוּלָה	hebrew	circumcision
1618	1423	חָגַג	hebrew	to celebrate
1619	1424	דֶּ֫בֶר	hebrew	pestilence
1620	1425	פָּרַע	hebrew	to neglect
1621	1426	שֹׁטֵר	hebrew	official
1622	1427	קָשַׁשׁ	hebrew	to gather
1623	1428	מַתְכֹ֫נֶת	hebrew	tally
1624	1429	גָּרַע	hebrew	to dimish
1625	1430	שֶׁ֫קֶר	hebrew	deception
1626	1431	קַשׁ	hebrew	stubble
1627	1432	תֹּ֫כֶן	hebrew	quantity
1628	1433	שֶׁ֫פֶט	hebrew	judgment
1629	278	נָשָׂא	hebrew	to lift: vow
1630	239	יָד	hebrew	hand: vow
1631	1434	מוֹרָשָׁה	hebrew	possession
1632	1435	קֹ֫צֶר	hebrew	shortness
1633	458	שָׂפָה	hebrew	lips
1634	141	רֹאשׁ	hebrew	head: leader
1635	1436	דֹּדָה	hebrew	aunt
1636	72	תַּנִּין	hebrew	serpent: snake
1637	1437	כָּשַׁף	hebrew	to practice sorcery
1638	1438	לָאט	hebrew	secret
1639	1439	אֲגַם	hebrew	pool
1640	1440	לָט	hebrew	secrecy
1641	216	שִׁית	hebrew	to set: consider
1642	791	סָבִיב	hebrew	around: side
1643	1441	מָאֵן	hebrew	refusing
1644	1442	נָגַף	hebrew	to strike
1645	1443	צְפַרְדֵּעַ	hebrew	frog
1646	1444	מִשְׁאֶ֫רֶת	hebrew	kneading
1647	1445	פָּאַר	hebrew	to beautify
1648	1446	חָצֵר	hebrew	court
1649	1447	חֹ֫מֶר	hebrew	heap
1650	1448	רְוָחָה	hebrew	relief
1651	1449	כֵּן	hebrew	gnat
1652	1450	אֶצְבַּע	hebrew	finger
1653	1451	עָרֹב	hebrew	swarm
1654	1452	פָּלָה	hebrew	be distinguished
1655	1453	פְּדוּת	hebrew	redemption
1656	1194	כּוּן	hebrew	to establish: right
1657	1454	סָקַל	hebrew	to stone
1658	1455	חֹ֫פֶן	hebrew	palm
1659	1456	פִּיחַ	hebrew	soot
1660	1457	זָרַק	hebrew	to scatter
1661	1458	אָבָק	hebrew	dust
1662	1459	שְׁחִין	hebrew	boil
1663	1460	פָּרַח	hebrew	to break out
1664	1461	אֲבַעְבֻּעֹת	hebrew	boil
1665	1462	מַגֵּפָה	hebrew	plague
1666	1463	סָלַל	hebrew	to build
1667	1464	בָּרָד	hebrew	hail
1668	1465	יָסַד	hebrew	to found
1669	1466	עוּז	hebrew	to seek refuge
1670	200	קוֹל	hebrew	voice: thunder
1671	151	לָקַח	hebrew	to take: fire
1672	1467	פָּרַשׂ	hebrew	to spread
1673	1468	פִּשְׁתָּה	hebrew	flax
1674	1469	שְׂעֹרָה	hebrew	barley
1675	1470	אָבִיב	hebrew	Abib
1676	1471	גִּבְעֹל	hebrew	bud
1677	1472	כֻּסֶּ֫מֶת	hebrew	rye
1678	1473	אָפִיל	hebrew	late
1679	1474	מָטַר	hebrew	rain
1680	1475	נָתַךְ	hebrew	to pour
1681	239	יָד	hebrew	hand: by
1682	1476	עָלַל	hebrew	to abuse
1683	1477	אַרְבֶּה	hebrew	locust
1684	1478	מוֹקֵשׁ	hebrew	snare
1685	1479	אָבַד	hebrew	to perish
1686	1480	חַג	hebrew	feast
1687	1481	גָּבֶר	hebrew	great man
1688	1482	חָשַׁךְ	hebrew	to darken
1689	1483	אֲפֵלָה	hebrew	darkness
1690	1484	פַּרְסָה	hebrew	hoof
1691	1485	רְעוּת	hebrew	neighbor
1692	1486	חָצוֹת	hebrew	middle
1693	1487	רֵחֶה	hebrew	millstone
1694	1488	חָרַץ	hebrew	to decide
1695	1489	כֶּ֫לֶב	hebrew	dog
1696	1490	חֳרִי	hebrew	burning
1697	1491	עֵדָה	hebrew	congregation
1698	1492	מָעַט	hebrew	to diminish
1699	1493	מִכְסָה	hebrew	number
1700	1494	כָּסַס	hebrew	to compute
1701	341	תָּמִים	hebrew	unblemished
1702	1495	כֶּ֫בֶשׂ	hebrew	lamb
1703	1496	מְזוּזָה	hebrew	doorpost
1704	1497	מַשְׁקוֹף	hebrew	lintel
1705	1498	צָלִי	hebrew	roasted
1706	1499	מָרֹר	hebrew	bitterness
1707	1500	נָא	hebrew	raw
1708	1501	בָּשֵׁל	hebrew	cooked
1709	1502	כֶּ֫רַע	hebrew	leg
1710	652	קֶ֫רֶב	hebrew	entrails: inner parts
1711	1503	כָּ֫כָה	hebrew	thus
1712	1504	חָגַר	hebrew	to gird
1713	1505	חִפָּזוֹן	hebrew	haste
1714	1506	פָּסַח	hebrew	to pass
1715	1507	נֶ֫גֶף	hebrew	plague
1716	1508	מַשְׁחִית	hebrew	destruction
1717	1509	זִכָּרוֹן	hebrew	memorial
1718	1510	שְׂאֹר	hebrew	leaven
1719	1511	חָמֵץ	hebrew	leaven
1720	1512	מִקְרָא	hebrew	assembly
1721	1513	חָמֵץ	hebrew	to leaven
1722	1514	אֶזְרָח	hebrew	born
1723	1515	אֲגֻדָּה	hebrew	band
1724	1516	אֵזוֹב	hebrew	hyssop
1725	1517	סַף	hebrew	basin
1726	1518	שְׁבִי	hebrew	captivity
1727	1519	בָּצֵק	hebrew	dough
1728	1520	צָרַר	hebrew	to constrain
1729	1521	רַגְלִי	hebrew	on foot
1730	1522	עֵ֫רֶב	hebrew	racial-mix
1731	1523	שִׁמֻּר	hebrew	vigil
1732	1524	שָׂכִיר	hebrew	hired
1733	106	קָדַשׁ	hebrew	to consecrate: dedicate
1734	1525	פֶּ֫טֶר	hebrew	firstborn
1735	1526	חֹ֫זֶק	hebrew	strength
1736	1527	שֶׁ֫גֶר	hebrew	offspring
1737	1528	פָּדָה	hebrew	to ransom
1738	1529	עָרַף	hebrew	to break the neck
1739	1530	טוֹטָפוֹת	hebrew	phylacteries
1740	1531	חֲמֻשִׁים	hebrew	armed
1741	1532	יוֹמָם	hebrew	by day
1742	1533	עַמּוּד	hebrew	pillar
1743	1534	מוּשׁ	hebrew	to remove
1744	1535	בּוּךְ	hebrew	to perplex
1745	1272	חַ֫יִל	hebrew	strength: soldiers
1746	473	עַם	hebrew	people: soldiers
1747	1536	שָׁלִישׁ	hebrew	officer
1748	149	הָלַךְ	hebrew	to go: send
1749	1537	חוֹמָה	hebrew	wall
1750	1538	אַשְׁמוּרָה	hebrew	watch
1751	1539	הָמַם	hebrew	to confuse
1752	1540	אוֹפָן	hebrew	wheel
1753	1541	כְּבֵדֻת	hebrew	heaviness
1754	1542	נָעַר	hebrew	to shake
1755	1543	שִׁיר	hebrew	to sing
1756	1544	שִׁירָה	hebrew	song
1757	1545	גָּאָה	hebrew	to rise up
1758	1546	רָמָה	hebrew	to shoot
1759	1547	עֹז	hebrew	strength
1760	1548	זִמְרָת	hebrew	song
1761	1549	נָוָה	hebrew	to beautify
1762	1550	יָרָא	hebrew	to shoot
1763	1551	טָבַע	hebrew	to sink
1764	1552	מְצוֹלָה	hebrew	depth
1765	1553	אָדַר	hebrew	be glorious
1766	1554	רָעַץ	hebrew	to shatter
1767	1555	גָּאוֹן	hebrew	pride
1768	1556	הָרַס	hebrew	to overthrow
1769	1557	חָרוֹן	hebrew	burning anger
1770	1558	עָרַם	hebrew	to pile up
1771	1559	נֵד	hebrew	heap
1772	1560	נָזַל	hebrew	to flow
1773	1561	קָפָא	hebrew	to congeal
1774	1562	נָשַׁף	hebrew	to blow
1775	1563	צָלַל	hebrew	to sink
1776	1564	עֹפֶרֶת	hebrew	lead
1777	1565	אַדִּיר	hebrew	great
1778	1014	אֵל	hebrew	god
1779	1566	תְּהִלָּה	hebrew	praise
1780	1567	פֶּ֫לֶא	hebrew	wonder
1781	1568	זוּ	hebrew	this
1782	1569	נָוֶה	hebrew	pasture
1783	1570	חִיל	hebrew	agony
1784	1571	אַ֫יִל	hebrew	leader
1785	1572	רַ֫עַד	hebrew	trembling
1786	1573	מוּג	hebrew	to melt
1787	1574	דָּמַם	hebrew	to silence: stationary
1788	1575	מָכוֹן	hebrew	foundation
1789	1576	פָּעַל	hebrew	to work
1790	1577	מִקְדָּשׁ	hebrew	sanctuary
1791	1578	עַד	hebrew	perpetuity
1792	1579	נְבִיאָה	hebrew	prophetess
1793	1580	מְחוֹלָה	hebrew	dance
1794	1581	עָנָה	hebrew	to sing
1795	1582	לוּן	hebrew	to grumble
1796	47	עֵץ	hebrew	tree: stick
1797	1583	מָתֹק	hebrew	be sweet
1798	661	מִשְׁפָּט	hebrew	justice: judgement
1799	1584	יָשָׁר	hebrew	upright
1800	1585	מַחֲלָה	hebrew	sickness
1801	63	נָתַן	hebrew	to give: if only!
1802	1586	סִיר	hebrew	pot
1803	1587	שֹׂ֫בַע	hebrew	satiety
1804	459	דָּבָר	hebrew	word: portion
1805	1588	תְּלֻנָּה	hebrew	murmuring
1806	1589	שָׂבֵעַ	hebrew	to satisfy
1807	1590	שְׂלָו	hebrew	quail
1808	1591	שְׁכָבָה	hebrew	semen
1809	1592	חַסְפַּס	hebrew	to peel
1810	1593	כְּפוֹר	hebrew	frost
1811	1594	מָן	hebrew	What?
1812	1595	עֹ֫מֶר	hebrew	omer
1813	1596	גֻּלְגֹּ֫לֶת	hebrew	head
1814	1597	מָדַד	hebrew	to measure
1815	1598	עָדַף	hebrew	to remain
1816	1599	רָמַם	hebrew	be rotten
1817	1600	תּוֹלָע	hebrew	worm
1818	1601	חָמַם	hebrew	to warm
1819	1602	מָסַס	hebrew	to melt
1820	1603	שַׁבָּתוֹן	hebrew	sabbath observance
1821	1604	רִמָּה	hebrew	worm
1822	1605	מָן	hebrew	manna
1823	1606	גַּד	hebrew	coriander
1824	1607	טַ֫עַם	hebrew	taste
1825	1608	צְפִיחִת	hebrew	flatbread
1826	1609	צִנְצֶ֫נֶת	hebrew	jar
1827	1610	עֵדוּת	hebrew	testimony
1828	1611	אֵיפָה	hebrew	ephah
1829	1612	צָמֵא	hebrew	to thirst
1830	1613	צָמָא	hebrew	thirst
1831	1614	צוּר	hebrew	rock
1832	1615	אֱמוּנָה	hebrew	faithfulness
1833	1616	חָלַשׁ	hebrew	to weaken
1834	273	פֶּה	hebrew	lip: edge
1835	1617	כָּתַב	hebrew	to write
1836	1618	כֵּס	hebrew	throne
1837	1619	שִׁלּוּחִים	hebrew	parting gift
1838	1620	תְּלָאָה	hebrew	hardship
1839	1621	חָדָה	hebrew	to rejoice
1840	239	יָד	hebrew	hand: owner
1841	33	תַּחַת	hebrew	underneath: owning
1842	459	דָּבָר	hebrew	word: case
1843	1622	נָבֵל	hebrew	to wither
1844	1623	יָעַץ	hebrew	to advise
1845	1624	מוּל	hebrew	opposite
1846	1625	זָהַר	hebrew	to warn
1847	1626	חָזָה	hebrew	to see
1848	370	חֹ֫דֶשׁ	hebrew	month: new moon
1849	1627	נֶשֶׁר	hebrew	eagle
1850	1628	סְגֻלָּה	hebrew	possession
1851	1629	קָדוֹשׁ	hebrew	holy
1852	232	שׁוּב	hebrew	to return: reply
1853	1630	עָב	hebrew	cloud
1854	1631	גָּבַל	hebrew	to border
1855	1632	יוֹבֵל	hebrew	jubilee/horn
1856	1633	בָּרָק	hebrew	lightning
1857	1634	שֹׁפָר	hebrew	trumpet
1858	1635	עָשַׁן	hebrew	be angry
1859	1636	חָזֵק	hebrew	stronger
1860	1637	פֶּ֫סֶל	hebrew	idol
1861	1638	תְּמוּנָה	hebrew	likeness
1862	1639	קַנָּא	hebrew	jealous
1863	1640	רִבֵּעַ	hebrew	fourth
1864	1641	שָׁוְא	hebrew	vanity: vain
1865	1642	רָצַח	hebrew	to murder
1866	1643	נָאַף	hebrew	to commit adultery
1867	1644	עָשֵׁן	hebrew	smoking
1868	1645	עֲרָפֶל	hebrew	cloud
1869	1646	שֶׁ֫לֶם	hebrew	peace offering
1870	1647	גָּזִית	hebrew	cutting
1871	1648	נוּף	hebrew	to wave
1872	1649	מַעֲלָה	hebrew	step
1873	1650	חׇפְשִׁי	hebrew	free
1874	1651	גַּף	hebrew	single/height
1875	537	בַּעַל	hebrew	master: husband
1876	1652	רָצַע	hebrew	to bore
1877	1653	מַרְצֵעַ	hebrew	awl
1878	1654	יָעַד	hebrew	to appoint
1879	1655	בָּגַד	hebrew	to act treacherously
1880	1656	שְׁאֵר	hebrew	flesh
1881	1657	עֹנָה	hebrew	cohabitation
1882	1658	צָדָה	hebrew	to ambush
1883	1659	אָנָה	hebrew	to meet
1884	1660	עׇרְמָה	hebrew	craftiness
1885	1661	אֶגְרֹף	hebrew	fist
1886	1662	מִשְׁעֶ֫נֶת	hebrew	staff
1887	1663	שֶׁ֫בֶת	hebrew	cessation
1888	1664	עָנַשׁ	hebrew	to fine
1889	1665	פָּלִיל	hebrew	judge
1890	1666	כְּוִיָּה	hebrew	burning
1891	33	תַּחַת	hebrew	underneath: because of
1892	163	נָפַל	hebrew	to fall: deserting
1893	1667	נָגַח	hebrew	to gore
1894	537	בַּעַל	hebrew	master
1895	1668	נַגָּח	hebrew	goring
1896	153	שָׁמַר	hebrew	to keep: look at
1897	1669	כֹּפֶר	hebrew	ransom
1898	1670	פִּדְיוֹן	hebrew	redemption
1899	1671	מַחְתֶּ֫רֶת	hebrew	breaking
1900	1672	גַּנָּב	hebrew	thief
1901	1673	גְּנֵבָה	hebrew	theft
1902	1674	בָּעַר	hebrew	be brutish
1903	1675	גָּדִישׁ	hebrew	stack
1904	1676	קָמָה	hebrew	standing grain
1905	1677	בְּעֵרָה	hebrew	fire
1906	1678	שַׂלְמָה	hebrew	garment
1907	1679	אֲבֵדָה	hebrew	something lost
1908	1680	רָשַׁע	hebrew	be wicked
1909	1681	פָּתָה	hebrew	to entice
1910	1682	אָרַשׂ	hebrew	to betroth
1911	1683	מָהַר	hebrew	to pay brideprice
1912	1684	חָרַם	hebrew	to devote/destroy
1913	1685	יָנָה	hebrew	to oppress
1914	1686	יָתוֹם	hebrew	orphan
1915	1687	לָוָה	hebrew	to borrow
1916	1688	עָנִי	hebrew	afflicted
1917	1689	נָשָׁה	hebrew	to lend
1918	130	שׂוּם	hebrew	to set: take
1919	1690	נֶ֫שֶׁךְ	hebrew	interest
1920	1691	חָבַל	hebrew	to pledge
1921	1692	חַנּוּן	hebrew	gracious
1922	1693	מְלֵאָה	hebrew	fruit
1923	1694	דֶּ֫מַע	hebrew	juice
1924	1695	שְׁמִינִי	hebrew	eighth
1925	1641	שָׁוְא	hebrew	vanity: false
1926	1696	דַּל	hebrew	poor
1927	1697	הָדַר	hebrew	to honor
1928	1698	מַשָּׂא	hebrew	burden
1929	174	עָזַב	hebrew	to leave: release
1930	1699	אֶבְיוֹן	hebrew	needy
1931	1700	שֹׁ֫חַד	hebrew	bribe
1932	1701	עָוַר	hebrew	to blind
1933	1702	סָלַף	hebrew	to pervert
1934	1703	שָׁמַט	hebrew	to release
1935	1704	נָפַשׁ	hebrew	be refreshed
1936	1705	בִּכּוּרִים	hebrew	firstfruit
1937	1706	אָסִיף	hebrew	ingathering
1938	1707	זָכוּר	hebrew	male
1939	1	רֵאשִׁית	hebrew	first: best
1940	349	בַּ֫יִת	hebrew	house: temple
1941	1708	אָיַב	hebrew	be hostile
1942	1709	צוּר	hebrew	to provoke
1943	1710	צָרַר	hebrew	to vex
1944	1711	צִרְעָה	hebrew	hornet
1945	1712	שְׁמָמָה	hebrew	devastation
1946	110	שָׂדֶה	hebrew	land: wildlife
1947	1713	נָחַל	hebrew	to inherit
1948	455	גְּבוּל	hebrew	border: boundary
1949	1714	אַגָּן	hebrew	vessel
1950	23	קָרָא	hebrew	to call: read out
1951	1715	סַפִּיר	hebrew	sapphire
1952	1716	טֹ֫הַר	hebrew	purity
1953	1717	אָצִיל	hebrew	chief
1954	1718	לוּחַ	hebrew	tablet
1955	1719	תְּרוּמָה	hebrew	contribution
1956	1720	נָדַב	hebrew	be willing
1957	1721	תְּכֵ֫לֶת	hebrew	blue
1958	1722	אַרְגָּמָן	hebrew	purple
1959	1723	אָדֹם	hebrew	to redden
1960	1724	תַּ֫חַשׁ	hebrew	leather
1961	1725	שִׁטָּה	hebrew	acacia
1962	1726	בֶּ֫שֶׂם	hebrew	spice
1963	1727	מִשְׁחָה	hebrew	anointing
1964	1728	קְטֹ֫רֶת	hebrew	incense
1965	1729	סַם	hebrew	spice
1966	1730	מִלֻּא	hebrew	setting
1967	1731	אֵפוֹד	hebrew	ephod
1968	1732	חֹ֫שֶׁן	hebrew	breastpiece
1969	1733	תַּבְנִית	hebrew	pattern
1970	1734	מִשְׁכָּן	hebrew	tabernacle
1971	1735	צָפָה	hebrew	to overlay
1972	1736	זֵר	hebrew	border
1973	928	יָצַק	hebrew	to pour: cast metal
1974	157	בַּד	hebrew	alone: pole
1975	1737	כַּפֹּרֶת	hebrew	mercy seat
1976	1738	מִקְשָׁה	hebrew	beating
1977	1739	קָצָה	hebrew	end
1978	1740	סָכַךְ	hebrew	to cover
1979	1741	שֻׁלְחָן	hebrew	table
1980	1742	מִסְגֶּ֫רֶת	hebrew	perimeter
1981	1743	טֹ֫פַח	hebrew	handbreadth
1982	1744	פֵּאָה	hebrew	side
1983	1745	עֻמָּה	hebrew	close
1984	349	בַּ֫יִת	hebrew	house: container
1985	1746	קְעָרָה	hebrew	dish
1986	1747	קַשְׂוָה	hebrew	jug
1987	1748	מְנַקִּיָּה	hebrew	bowl
1988	1749	תָּמִיד	hebrew	continually
1989	1750	מְנוֹרָה	hebrew	lampstand
1990	1751	כַּפְתּוֹר	hebrew	capital
1991	1752	פֶּ֫רַח	hebrew	flower
1992	1179	קָנֶה	hebrew	branch
1993	1753	שָׁקַד	hebrew	be almond shaped
1994	1754	נֵר	hebrew	lamp
1995	1755	מֶלְקָחַ֫יִם	hebrew	tong
1996	1756	מַחְתָּה	hebrew	censer
1997	1757	יְרִיעָה	hebrew	curtain
1998	1758	שָׁזַר	hebrew	to twist
1999	1759	תּוֹלֵעָה	hebrew	worm
2000	569	חָשַׁב	hebrew	to devise: design
2001	1760	מִדָּה	hebrew	measure
2002	170	אִשָּׁה	hebrew	woman: another
2003	1761	לוּלַי	hebrew	loop
2004	458	שָׂפָה	hebrew	lip: edge
2005	1762	חֹבֶ֫רֶת	hebrew	set
2006	1763	קִיצוֹן	hebrew	outermost
2007	1764	מַחְבֶּ֫רֶת	hebrew	joining
2008	1765	קָבַל	hebrew	to receive
2009	1766	קֶ֫רֶס	hebrew	clasp
2010	1767	עַשְׁתֵּי	hebrew	eleven
2011	1768	כָּפַל	hebrew	to double
2012	1769	סֶ֫רַח	hebrew	excess
2013	1770	סָרַח	hebrew	to overrun
2014	1771	קֶ֫רֶשׁ	hebrew	board
2015	648	עָמַד	hebrew	to stand: rise
2016	1772	שָׁלַב	hebrew	to fit
2017	1773	תֵּימָן	hebrew	south
2018	1774	אֶ֫דֶן	hebrew	socket
2019	1775	מְקֻצְעָה	hebrew	corner
2020	1776	מַ֫טָּה	hebrew	beneath
2021	1777	מִקְצֹעַ	hebrew	corner
2022	1778	בְּרִיחַ	hebrew	bar
2023	1779	תִּיכוֹן	hebrew	middle
2024	268	קוּם	hebrew	to arise: raise
2025	1780	פָּרֹ֫כֶת	hebrew	curtain
2026	1781	וָו	hebrew	hook
2027	1782	מָסָךְ	hebrew	covering
2028	1783	רָקַם	hebrew	to weave
2029	1784	רָבַע	hebrew	to square
2030	1785	פִּנָּה	hebrew	corner
2031	1786	דָּשֵׁן	hebrew	to prosper
2032	1787	יָע	hebrew	shovel
2033	1788	מִזְרָק	hebrew	bowl
2034	1789	מִזְלָגָה	hebrew	fork
2035	1790	מִכְבָּר	hebrew	grate
2036	1791	רֶ֫שֶׁת	hebrew	net
2037	1792	כַּרְכֹּב	hebrew	ledge
2038	1793	נָבַב	hebrew	be hollow
2039	1794	קֶ֫לַע	hebrew	curtain
2040	1795	חָשׁוּק	hebrew	ring
2041	1796	מִזְרָח	hebrew	east
2042	1797	כָּתֵף	hebrew	shoulder
2043	1798	חָשַׁק	hebrew	to connect
2044	945	עֲבֹדָה	hebrew	service: ministry
2045	1799	יָתֵד	hebrew	peg
2046	1800	זַךְ	hebrew	pure
2047	1801	כָּתִית	hebrew	beaten
2048	55	מוֹעֵד	hebrew	meeting
2049	492	קָרַב	hebrew	to present: bring
2050	1802	כָּהַן	hebrew	to minister
2051	1803	תִּפְאָרָה	hebrew	beauty
2052	1804	חׇכְמָה	hebrew	wisdom
2053	1805	מְעִיל	hebrew	robe
2054	1806	תַּשְׁבֵּץ	hebrew	checkered
2055	1807	מִצְנֶ֫פֶת	hebrew	turban
2056	1808	אַבְנֵט	hebrew	girdle
2057	1809	חֵ֫שֶׁב	hebrew	artwork
2058	1810	אֲפֻדָּה	hebrew	ephod
2059	1811	פָּתַח	hebrew	to engrave
2060	1812	חָרָשׁ, חֲרָשִׁים	hebrew	artificer
2061	1813	פִּתּוּחַ	hebrew	engraving
2062	1814	מִשְׁבְּצוֹת	hebrew	filigree
2063	1815	שַׁרְשְׁרָה	hebrew	chain
2064	1816	מִגְבָּלֹת	hebrew	twisted
2065	1817	עֲבֹת	hebrew	cord
2066	1818	זֶ֫רֶת	hebrew	span
2067	1819	מִלֻּאָה	hebrew	setting
2068	1820	טוּר	hebrew	row
2069	1821	אֹ֫דֶם	hebrew	sardius
2070	1822	פִּטְדָה	hebrew	topaz
2071	1823	בָּרֶ֫קֶת	hebrew	gem
2072	1824	נֹ֫פֶךְ	hebrew	emerald
2073	1825	יַהֲלֹם	hebrew	jasper
2074	1826	לֶ֫שֶׁם	hebrew	jacinth
2075	1827	שְׁבוֹ	hebrew	agate
2076	1828	אַחְלָ֑מָה	hebrew	amethyst
2077	1829	תַּרְשִׁישׁ	hebrew	jasper
2078	1830	יָֽשְׁפֶה	hebrew	jasper
2079	1831	שָׁבַץ	hebrew	to weave
2080	1832	שַׁרְשָׁה	hebrew	chain
2081	1833	גַּבְלֻת	hebrew	twists
2082	1365	עֵ֫בֶר	hebrew	side: beside
2083	1834	רָכַס	hebrew	to bind
2084	1835	זָחַח	hebrew	to remove
2085	1836	כָּלִיל	hebrew	entire
2086	273	פֶּה	hebrew	lip: opening
2087	1837	אָרַג	hebrew	to weave
2088	1838	תַּחְרָא	hebrew	breastplate
2089	1839	שׁוּל	hebrew	hem
2090	1840	רִמּוֹן	hebrew	pomegranate
2091	1841	פַּעֲמֹן	hebrew	bell
2092	1842	צִיץ	hebrew	flower
2093	1843	מֵ֫צַח	hebrew	forehead
2094	278	נָשָׂא	hebrew	to lift: guilt
2095	1844	מִגְבָּעוֹת	hebrew	headgear
2096	239	יָד	hebrew	hand: donate
2097	1845	מִכְנָס	hebrew	undergarment
2098	1846	בַּד	hebrew	linen
2099	1847	חַלָּה	hebrew	bun
2100	1848	רָקִיק	hebrew	flatbread
2101	1849	אָפַד	hebrew	to gird
2102	1850	נֵ֫זֶר	hebrew	consecration: crown
2103	1851	כְּהֻנָּה	hebrew	priesthood
2104	1852	יְסוֹד	hebrew	foundation
2105	1853	יֹתֶ֫רֶת	hebrew	lobe
2106	1854	כָּבֵד	hebrew	liver
2107	1855	כִּלְיָה	hebrew	kidney
2108	1856	קָטַר	hebrew	to offer: burn
2109	1857	פֶּ֫רֶשׁ	hebrew	refuse
2110	266	חַטָּאת	hebrew	sin: sin offering
2111	1858	נָתַח	hebrew	to cut
2112	1859	נֵ֫תַח	hebrew	piece
2113	1860	אִשֶּׁה	hebrew	food offering
2114	1861	תְּנוּךְ	hebrew	lobe
2115	1862	יְמָנִי	hebrew	right
2116	1863	בֹּ֫הֶן	hebrew	thumb/big toe
2117	1864	נָזָה	hebrew	to sprinkle
2118	1865	אַלְיָה	hebrew	fat tail
2119	1866	שׁוֹק	hebrew	leg
2120	1867	תְּנוּפָה	hebrew	wave offering
2121	1868	חָזֶה	hebrew	breast
2122	1869	מָנָה	hebrew	portion
2123	1870	זוּר	hebrew	be a stranger
2124	1871	כִּפֻּרִים	hebrew	atonement
2125	1872	עִשָּׂרוֹן	hebrew	tenth
2126	1873	רֶ֫בַע	hebrew	fourth
2127	1874	הִין	hebrew	hin
2128	1875	מִקְטָר	hebrew	fumigation
2129	1876	גָּג	hebrew	roof
2130	1877	קִיר	hebrew	wall
2131	278	נָשָׂא	hebrew	to lift: count
2132	141	רֹאשׁ	hebrew	head: count
2133	738	פָּקַד	hebrew	to reckon: list
2134	1878	מַחֲצִית	hebrew	half
2135	1879	גֵּרָה	hebrew	gerah
2136	1880	עָשִׁיר	hebrew	rich
2137	1881	כִּיֹּר	hebrew	basin
2138	1882	מֹר	hebrew	myrrh
2139	1883	דְּרוֹר	hebrew	liberty
2140	1884	קִנָּמוֹן	hebrew	cinnamon
2141	1885	קִדָּה	hebrew	cassia
2142	1886	רֹ֫קֵחַ	hebrew	spice
2143	1887	מִרְקַ֫חַת	hebrew	ointment
2144	1888	רָקַח	hebrew	to mix
2145	1889	יָסַךְ	hebrew	to pour
2146	1890	נָטָף	hebrew	gum
2147	1891	שְׁחֵ֫לֶת	hebrew	onycha
2148	1892	חֶלְבְּנָה	hebrew	galbanum
2149	1893	לְבֹנָה	hebrew	frankincense
2150	157	בַּד	hebrew	alone: each
2151	1894	מָלַח	hebrew	to salt
2152	1895	שָׁחַק	hebrew	to beat
2153	1896	דָּקַק	hebrew	to crush
2154	1141	מַטֶּה	hebrew	tribe
2155	1897	תְּבוּנָה	hebrew	understanding
2156	1898	חֲרֹ֫שֶׁת	hebrew	carving
2157	1899	שְׂרָד	hebrew	braiding
2158	1900	קָהַל	hebrew	to gather
2159	1901	צוּר	hebrew	to form
2160	1902	חֶ֫רֶט	hebrew	stylus
2161	1903	עֵ֫גֶל	hebrew	calf
2162	1904	מַסֵּכָה	hebrew	liquid
2163	1905	מַהֵר	hebrew	quickly
2164	1906	חָלָה	hebrew	to beg
2165	1907	מִכְתָּב	hebrew	writing
2166	1908	חָרַת	hebrew	to engrave
2167	1909	רֵעַ	hebrew	shouting
2168	1910	גְּבוּרָה	hebrew	might
2169	1911	חֲלוּשָׁה	hebrew	weakness
2170	1912	טָחַן	hebrew	to grind
2171	1913	זָרָה	hebrew	to scatter
2172	1914	שִׁמְצָה	hebrew	derision
2173	1915	עֲדִי	hebrew	ornament
2174	1916	רֶ֫גַע	hebrew	moment
2175	1917	רָחַם	hebrew	to have compassion
2176	1918	נְקָרָה	hebrew	crevice
2177	1919	שָׂכַךְ	hebrew	to cover
2178	1920	פָּסַל	hebrew	to hew
2179	1921	רַחוּם	hebrew	compassionate
2180	1922	אָרֵךְ	hebrew	slow
2181	1923	נָצַר	hebrew	to watch
2182	1924	חַטָּאָה	hebrew	sin
2183	1925	סָלַח	hebrew	to forgive
2184	1926	נָתַץ	hebrew	to tear
2185	1927	תְּקוּפָה	hebrew	circuit
2186	1928	קָרַן	hebrew	to shine
2187	1929	מַסְוֶה	hebrew	veil
2188	1930	נָדִיב	hebrew	noble: willing
2189	1931	מֵיתָר	hebrew	cord
2190	278	נָשָׂא	hebrew	to lift: enthuse
2191	1932	חַח	hebrew	hook
2192	1933	כּוּמָז	hebrew	bracelet
2193	1934	טָוָה	hebrew	to spin
2194	1935	מַטְוֶה	hebrew	yarn
2195	1936	נְדָבָה	hebrew	voluntariness
2196	31	עָשָׂה	hebrew	to make: [do]
2197	1937	דַּי	hebrew	sufficiency
2198	1938	קְצָת	hebrew	end
2199	1939	מַרְאָה	hebrew	mirror
2200	1940	צָבָא	hebrew	to serve
2201	1941	צִפּוּי	hebrew	plating
2202	1942	פְּקוּדִים	hebrew	reckoning
2203	1943	רָקַע	hebrew	to beat
2204	1944	פַּח	hebrew	plate
2205	1945	קָצַץ	hebrew	to cut
2206	1946	פְּאֵר	hebrew	headdress
2207	1947	מַעֲרָכָה	hebrew	rank
2208	1948	עֵ֫רֶךְ	hebrew	valuation
2209	1949	קׇרְבָּן	hebrew	offering
2210	1950	פֶּ֫דֶר	hebrew	suet
2211	1951	מָלַק	hebrew	to nip
2212	1952	מָצָה	hebrew	to drain
2213	1953	מֻרְאָה	hebrew	crop
2214	1954	נוֹצָה	hebrew	plumage
2215	1955	דֶּ֫שֶׁן	hebrew	ashes
2216	1956	שָׁסַע	hebrew	to cleave
2217	1957	קָמַץ	hebrew	to grasp
2218	1958	אַזְכָּרָה	hebrew	memorial
2219	1959	מַאֲפֶה	hebrew	baked (food)
2220	1960	מַחֲבַת	hebrew	griddle
2221	1961	פָּתַת	hebrew	to break
2222	1962	מַרְחֶ֫שֶׁת	hebrew	pan
2223	1963	קָלָה	hebrew	to roast
2224	1964	גֶּ֫רֶשׂ	hebrew	crushed grain
2225	1965	כַּרְמֶל	hebrew	plantation
2226	1966	כֶּ֫סֶל	hebrew	loin
2227	341	תָּמִים	hebrew	unblemished: complete
2228	1967	עָצֶה	hebrew	spine
2229	1968	שְׁגָגָה	hebrew	unintentionally
2230	1969	מָשִׁיחַ	hebrew	anointed
2231	1970	אַשְׁמָה	hebrew	guiltiness
2232	1971	שֶׁ֫פֶךְ	hebrew	pouring
2233	1972	שָׁגָה	hebrew	to wander
2234	1973	עָלַם	hebrew	to conceal
2235	1974	אָשַׁם	hebrew	be guilty
2236	1975	שְׂעִירָה	hebrew	female goat
2237	1976	טָמֵא	hebrew	unclean
2238	1977	נְבֵלָה	hebrew	carcass
2239	1978	טֻמְאָה	hebrew	uncleanness
2240	1979	בָּטָה	hebrew	to speak rashly
2241	1980	כִּשְׂבָּה	hebrew	lamb
2242	239	יָד	hebrew	hand: expend
2243	1981	מָעַל	hebrew	be unfaithful
2244	1982	מַ֫עַל	hebrew	unfaithfulness
2245	1983	שָׁגַג	hebrew	to go astray
2246	1984	עָמִית	hebrew	neighbor
2247	1985	תְּשׂ֫וּמֶת	hebrew	security
2248	1986	גָּזֵל	hebrew	robbery
2249	1987	עָשַׁק	hebrew	to oppress
2250	1988	גְּזֵלָה	hebrew	violence
2251	1989	עֹ֫שֶׁק	hebrew	oppression
2252	1990	מוֹקְדָה	hebrew	hearth
2253	1991	יָקַד	hebrew	to burn
2254	1992	מַד	hebrew	garment
2255	1993	כָּבָה	hebrew	to quench
2256	1994	רָבַךְ	hebrew	to stir
2257	1995	תֻּפִינִים	hebrew	baked
2258	1996	חֶ֫רֶשׂ	hebrew	earthenware
2259	1997	מָרַק	hebrew	to polish
2260	1998	שָׁטַף	hebrew	to overflow
2261	1999	חָרֵב	hebrew	dry
2262	2000	תּוֹדָה	hebrew	thanksgiving
2263	2001	פִּגּוּל	hebrew	refuse
2264	2002	שֶׁ֫קֶץ	hebrew	detestation
2265	2003	מְכַסֶּה	hebrew	covering
2266	2004	רָנַן	hebrew	to sing
2267	1574	דָּמַם	hebrew	to silence: silent
2268	2005	דּוֹד	hebrew	beloved: male relative
2269	2006	פָּרַם	hebrew	to tear
2270	2007	שֵׁכָר	hebrew	strong drink
2271	2008	חֹל	hebrew	common
2272	2009	פְּנִ֫ימָה	hebrew	within
2273	2010	פָּרַס	hebrew	to divide
2274	2011	שֶׁ֫סַע	hebrew	cleft
2275	118	עָלָה	hebrew	to ascend: regurgitate
2276	2012	גֵּרָה	hebrew	cud
2277	2013	שָׁפָן	hebrew	rock badger
2278	2014	אַרְנֶבֶת	hebrew	hare
2279	2015	חֲזִיר	hebrew	swine
2280	2016	גָּרַר	hebrew	to drag/chew/saw
2281	2017	סְנַפִּיר	hebrew	fin
2282	2018	קַשְׂקֶ֫שֶׂת	hebrew	scale
2283	2019	שִׁקֵּץ	hebrew	to detest
2284	2020	פֶּ֫רֶס	hebrew	vulture
2285	2021	עׇזְנִיָּה	hebrew	vulture
2286	2022	דָּאָה	hebrew	kite
2287	2023	אַיָּה	hebrew	falcon
2288	2024	יַעֲנָה	hebrew	ostrich
2289	2025	תַּחְמָס	hebrew	ostrich
2290	2026	שַׁ֫חַף	hebrew	gull
2291	2027	נֵץ	hebrew	hawk
2292	2028	כּוֹס	hebrew	owl
2293	2029	שָׁלָךְ	hebrew	cormorant
2294	2030	יַנְשׁוּף	hebrew	owl
2295	2031	תִּנְשֶׁ֫מֶת	hebrew	chameleon
2296	2032	קָאַת	hebrew	pelican
2297	2033	רָחָם	hebrew	carrion
2298	2034	חֲסִידָה	hebrew	stork
2299	2035	אֲנָפָה	hebrew	heron
2300	2036	דּוּכִיפַת	hebrew	hoopoe
2301	2037	עֲטַלֵּף	hebrew	bat
2302	2038	נָתַר	hebrew	to start
2303	2039	סׇלְעָם	hebrew	locust
2304	2040	חָרְגֹּל	hebrew	locust
2305	2041	חָגָב	hebrew	locust
2306	2042	חֹ֫לֶד	hebrew	weasel
2307	2043	עַכְבָּר	hebrew	mouse
2308	2044	צָב	hebrew	lizard
2309	2045	אֲנָקָה	hebrew	gecko
2310	2046	כֹּחַ	hebrew	reptile
2311	2047	לְטָאָה	hebrew	lizard
2312	2048	חֹ֫מֶט	hebrew	lizard
2313	2049	כִּיר	hebrew	stove
2314	2050	זֵרוּעַ	hebrew	sowing
2315	2051	נִדָּה	hebrew	impurity
2316	2052	דָּוָה	hebrew	be sick
2317	2053	מָקוֹר	hebrew	fountain
2318	2054	סַפַּ֫חַת	hebrew	scab
2319	2055	בַּהֶ֫רֶת	hebrew	bright spot
2320	2056	צָרַ֫עַת	hebrew	leprosy
2321	2057	עָמֹק	hebrew	deep
2322	2058	פָּשָׂה	hebrew	to spread
2323	2059	מִסְפַּ֫חַת	hebrew	scab
2324	2060	טׇהֳרָה	hebrew	purifying
2325	2061	אֲדַמְדָּם	hebrew	reddish
2326	2062	שָׁפָל	hebrew	low
2327	2063	כֵּהֶה	hebrew	faint
2328	2064	צָרֶ֫בֶת	hebrew	scar
2329	2065	מִכְוָה	hebrew	burn
2330	2066	זָקָן	hebrew	beard
2331	2067	צָהֹב	hebrew	yellow
2332	2068	נֶ֫תֶק	hebrew	scab
2333	2069	שָׁחֹר	hebrew	black
2334	2070	בָּקַר	hebrew	to enquire
2335	2071	בֹּ֫הַק	hebrew	spot
2336	2072	מָרַט	hebrew	to smooth
2337	2073	קֵרֵחַ	hebrew	bald
2338	2074	גִּבֵּחַ	hebrew	bald
2339	2075	קָרַ֫חַת	hebrew	baldness
2340	2076	גַּבַּ֫חַת	hebrew	baldness
2341	2077	שָׂפָם	hebrew	mustache
2342	2078	עָטָה	hebrew	to enwrap
2343	2079	בָּדָד	hebrew	isolation
2344	2080	צֶ֫מֶר	hebrew	wool
2345	2081	פֵּ֫שֶׁת	hebrew	flax
2346	2082	שְׁתִי	hebrew	warp
2347	2083	עֵ֫רֶב	hebrew	mixture
2348	2084	יְרַקְרַק	hebrew	greenish
2349	2085	מָאַר	hebrew	to malign
2350	2086	פְּחֶ֫תֶת	hebrew	eating
2351	2087	אֶ֫רֶז	hebrew	cedar
2352	2088	גַּב	hebrew	back/rim/brow
2353	2089	לֹג	hebrew	log
2354	2090	שְׂמָאלִי	hebrew	left
2355	2091	שְׁקַעֲרוּרָה	hebrew	hollow
2356	2092	חָלַץ	hebrew	to rescue
2357	2093	קָצַע	hebrew	to scrape
2358	2094	קָצָה	hebrew	to cut off
2359	2095	טוּחַ	hebrew	to overspread
2360	1404	זוּב	hebrew	to flow: discharge
2361	2096	זוֹב	hebrew	discharge
2362	2097	רִיר	hebrew	to run
2363	2098	חָתַם	hebrew	to seal
2364	2099	רָקַק	hebrew	to spit
2365	2100	מֶרְכָּב	hebrew	chariot
2366	46	זֶ֫רַע	hebrew	seed: semen
2367	2101	נָזַר	hebrew	to dedicate
2368	2102	דָּוֶה	hebrew	sick
2369	2103	צָנַף	hebrew	to wrap
2370	63	נָתַן	hebrew	to give: throw
2371	2104	גּוֹרָל	hebrew	allotted
2372	2105	גַּחֶ֫לֶת	hebrew	coal
2373	2106	עִתִּי	hebrew	timely
2374	2107	גְּזֵרָה	hebrew	isolation
2375	2108	שָׂעִיר	hebrew	satyr
2376	2109	שַׁאֲרָה	hebrew	kinswomen
2377	2110	זִמָּה	hebrew	wickedness
2378	2111	צָרַר	hebrew	to rival
2379	2112	שְׁכֹ֫בֶת	hebrew	copulation
2380	648	עָמַד	hebrew	to stand: put
2381	2113	רָבַע	hebrew	to mate
2382	2114	תֶּ֫בֶל	hebrew	perversion
2383	738	פָּקַד	hebrew	to reckon: punish
2384	2115	קִיא	hebrew	to vomit
2385	2116	אֱלִיל	hebrew	idol
2386	2117	קָצַר	hebrew	to reap
2387	2118	לֶ֫קֶט	hebrew	gleaning
2388	2119	עָלַל	hebrew	to glean
2389	2120	פֶּ֫רֶט	hebrew	broken
2390	2121	פְּעֻלָּה	hebrew	wages
2391	2122	מִכְשׁוֹל	hebrew	stumbling
2392	2123	עָ֫וֶל	hebrew	injustice
2393	2124	צֶ֫דֶק	hebrew	righteousness
2394	2125	רָכִיל	hebrew	slander
2395	2126	נָטַר	hebrew	to keep
2396	2127	כִּלְאַיִם	hebrew	mixture
2397	2128	שַׁעַטְנֵז	hebrew	mixed stuff
2398	2129	חָרַף	hebrew	to acquire
2399	2130	חֻפְֿשָׁה	hebrew	freedom
2400	2131	בִּקֹּ֫רֶת	hebrew	scourging
2401	2132	חָפַשׁ	hebrew	be free
2402	2133	עָרַל	hebrew	be uncircumcised
2403	2134	הִלּוּל	hebrew	praise
2404	2135	עָנַן	hebrew	to divine
2405	2136	נָקַף	hebrew	to surround
2406	2137	שֶׂ֫רֶט	hebrew	incision
2407	68	נֶ֫פֶשׁ	hebrew	soul: dead
2408	2138	כְּתֹ֫בֶת	hebrew	imprint
2409	2139	קַעֲקַע	hebrew	incision
2410	63	נָתַן	hebrew	to give: do
2411	2140	אוֹב	hebrew	medium
2412	2141	יִדְּעֹנִי	hebrew	spiritist
2413	2142	מְשׂוּרָה	hebrew	capacity
2414	2143	מֹאזֵן	hebrew	balance
2415	147	אֶ֫בֶן	hebrew	stone: weight
2416	2144	רָגַם	hebrew	to stone
2417	2145	חֶ֫סֶד	hebrew	shame
2418	2146	קָרַח	hebrew	to make bald
2419	2147	קׇרְחָה	hebrew	bald spot
2420	2148	שָׂרַט	hebrew	to incise
2421	2149	שָׂרֶ֫טֶת	hebrew	incision
2422	2150	חָלָל	hebrew	profaned
2423	2151	בְּתוּלִים	hebrew	virginity
2424	2152	מוּם	hebrew	blemish
2425	2153	פִּסֵּחַ	hebrew	lame
2426	2154	חָרַם	hebrew	to slash
2427	2155	שָׂרַע	hebrew	to extend
2428	2156	שֶׁ֫בֶר	hebrew	breaking
2429	2157	גִּבֵּן	hebrew	humpbacked
2430	2158	תְּבַלֻּל	hebrew	defect
2431	2159	גָּרָב	hebrew	scab
2432	2160	יַלֶּ֫פֶת	hebrew	scab
2433	2161	מְרוֹחַ	hebrew	crushed
2434	2162	אֶ֫שֶׁךְ	hebrew	testicle
2435	2163	עַוֶּ֫רֶת	hebrew	blindness
2436	2164	חָרוּץ	hebrew	sharp
2437	2165	יַבָּל	hebrew	running
2438	2166	קָלַט	hebrew	be stunted
2439	2167	מָעַךְ	hebrew	to bruise
2440	2168	כָּתַת	hebrew	to crush
2441	2169	נָתַק	hebrew	to tear
2442	2170	מָשְׁחָת	hebrew	corruption
2443	55	מוֹעֵד	hebrew	meeting: festival
2444	2171	עֹ֫מֶר	hebrew	sheaf
2445	2172	קָלִי	hebrew	roasted
2446	2173	תְּרוּעָה	hebrew	shout
2447	2174	שָׁבַת	hebrew	to keep
2448	2175	עֲצָרָה	hebrew	assembly
2449	2176	הָדָר	hebrew	glory
2450	2177	עָנָף	hebrew	branch
2451	2178	עָבוֹת	hebrew	leafy
2452	2179	עֲרָבָה	hebrew	willow
2453	2180	מַעֲרֶ֫כֶת	hebrew	row
2454	2181	פָּרַשׁ	hebrew	to declare
2455	2182	נָקַב	hebrew	to curse
2456	2183	זָמַר	hebrew	to prune
2457	2184	סָפִיחַ	hebrew	aftergrowth
2458	2185	מִמְכָּר	hebrew	sale
2459	2186	יָשָׁן	hebrew	old
2460	2187	תְּשִׁיעִי	hebrew	ninth
2461	2188	צְמִיתֻת	hebrew	finality
2462	2189	גְּאֻלָּה	hebrew	redemption
2463	2190	מוּךְ	hebrew	be poor
2464	241	עוֹלָם	hebrew	forever: any time
2465	2191	מִגְרָשׁ	hebrew	pasture
2466	2192	מוֹט	hebrew	to shake
2467	2193	תַּרְבִּית	hebrew	increment
2468	2194	מַרְבִּית	hebrew	greatness
2469	2195	מִמְכֶּ֫רֶת	hebrew	sale
2470	2196	עֵ֫קֶר	hebrew	descendant
2471	2197	מַשְׂכִּית	hebrew	figure
2472	2198	יְבוּל	hebrew	crops
2473	2199	דַּ֫יִשׁ	hebrew	threshing
2474	2200	בָּצִיר	hebrew	vintage
2475	2201	גָּעַל	hebrew	to abhor
2476	2202	מוֹטָה	hebrew	yoke
2477	2203	קוֹמְמִיּוּת	hebrew	uprightness
2478	2204	מָאַס	hebrew	to reject
2479	2205	בֶּֽהָלָה	hebrew	dismay
2480	2206	שַׁחֶ֫פֶת	hebrew	illness
2481	2207	קַדַּ֫חַת	hebrew	fever
2482	2208	דּוּב	hebrew	to pine
2483	2209	רִיק	hebrew	vain
2484	2210	יָסַר	hebrew	to discipline
2485	2211	נְחוּשָׁה	hebrew	bronze
2486	2212	קְרִי	hebrew	hostility
2487	2213	מַכָּה	hebrew	wound
2488	2214	שָׁמֵם	hebrew	be desolate: destroyed
2489	2215	נָקָם	hebrew	vengeance
2490	1141	מַטֶּה	hebrew	tribe: supply
2491	2216	בָּמָה	hebrew	high place
2492	2217	חַמָּן	hebrew	pillar
2493	2218	גִּלּוּל	hebrew	idol
2494	2219	חׇרְבָּה	hebrew	desolation
2495	2214	שָׁמֵם	hebrew	be desolate: appalled
2496	2220	מֹ֫רֶךְ	hebrew	weakness
2497	2221	נָדַף	hebrew	to drive
2498	2222	מְנוּסָה	hebrew	fugitive
2499	2223	כָּשַׁל	hebrew	to stumble
2500	2224	תְּקוּמָה	hebrew	standing
2501	2225	מָקַק	hebrew	to rot
2502	2226	כָּנַע	hebrew	be humble
2503	2227	עָרַךְ	hebrew	to value
2504	2228	מוּר	hebrew	to change
2505	2229	תְּמוּרָה	hebrew	exchange
2506	2230	חֹ֫מֶר	hebrew	homer
2507	2231	חֵ֫רֶם	hebrew	devoted thing
2508	2232	בָּכַר	hebrew	to be/bear firstborn
2509	51	יָצָא	hebrew	to come out: regular
2510	102	צָבָא	hebrew	army: war
2511	732	אֶ֫לֶף	hebrew	thousand: clan
2512	2233	קָרֵב	hebrew	approaching
2513	2234	דֶּ֫גֶל	hebrew	standard
2514	2235	קֶ֫צֶף	hebrew	wrath
2515	2236	פְּקֻדָּה	hebrew	punishment
2516	2237	פְּדוּיִם	hebrew	ransomed
2517	2238	פִּדְיוֹם	hebrew	redemption
2518	102	צָבָא	hebrew	army: duty
2519	2239	כָּסוּי	hebrew	covering
2520	2240	מוֹט	hebrew	yoke
2521	2241	שָׁרֵת	hebrew	ministry
2522	1288	גָּאַל	hebrew	to redeem: relative
2523	2242	שָׂטָה	hebrew	to turn aside
2524	2243	קִנְאָה	hebrew	jealousy
2525	2244	קַרְקַע	hebrew	floor
2526	842	בֶּ֫טֶן	hebrew	belly: body
2527	2245	צָבֶה	hebrew	swollen
2528	2246	צָבָה	hebrew	to swell
2529	2247	אָמֵן	hebrew	amen
2530	2248	חֹ֫מֶץ	hebrew	vinegar
2531	2249	מִשְׁרָה	hebrew	juice
2532	2250	יָבֵשׁ	hebrew	dry
2533	2251	חַרְצַנִּים	hebrew	pip
2534	2252	זָג	hebrew	skin
2535	2253	תַּ֫עַר	hebrew	razor
2536	2254	פֶּ֫רַע	hebrew	lock
2537	2255	פֶּתַע	hebrew	suddenness
2538	2256	פִּתְאֹם	hebrew	suddenly
2539	2257	צָב	hebrew	litter
2540	2258	חֲנֻכָּה	hebrew	dedication
2541	266	חַטָּאת	hebrew	sin: punishment
2542	2259	פִּטְרָה	hebrew	firstborn
2543	2260	חֲצֹצְרָה	hebrew	trumpet
2544	2261	רוּעַ	hebrew	to shout
2545	2262	תּוּר	hebrew	to spy
2546	2263	אָנַן	hebrew	to complain
2547	2264	שָׁקַע	hebrew	to sink
2548	2265	אֲסַפְסֻף	hebrew	rabble
2549	2266	אָוָה	hebrew	to desire
2550	2267	קִשֻּׁאָה	hebrew	cucumber
2551	2268	אֲבַטִּחִים	hebrew	melon
2552	2269	חָצִיר	hebrew	leek
2553	2270	בָּצָל	hebrew	onion
2554	2271	שׁוּם	hebrew	garlic
2555	2272	שׁוּט	hebrew	to rove
2556	2273	דּוּךְ	hebrew	to beat
2557	2274	מְדֹכָה	hebrew	mortar
2558	2275	פָּרוּר	hebrew	pot
2559	2276	לָשָׁד	hebrew	juicy bit
2560	2277	זָרָא	hebrew	loathsome
2561	2278	קָצֵר	hebrew	be short
2562	2279	נָבָא	hebrew	to prophesy
2563	2280	בְּחוּרִים	hebrew	youth
2564	2281	גּוּז	hebrew	to cut off
2565	2282	שָׁטַח	hebrew	to spread
2566	2283	עָנָו	hebrew	poor
2567	2284	חִידָה	hebrew	riddle
2568	216	שִׁית	hebrew	to set: accuse
2569	2285	יָאַל	hebrew	be foolish
2570	2286	יָרַק	hebrew	to spit
2571	2287	כָּלַם	hebrew	be humiliated
2572	2288	רָפֶה	hebrew	weak
2573	2289	מִבְצָר	hebrew	fortification
2574	2290	רָזֶה	hebrew	lean
2575	2291	זְמוֹרָה	hebrew	branch
2576	2292	אֶ֫פֶס	hebrew	end
2577	239	יָד	hebrew	hand: bank
2578	2293	הַס	hebrew	to silence
2579	2294	בַּז	hebrew	plunder
2580	2295	נָאַץ	hebrew	to spurn
2581	2296	גֹּ֫דֶל	hebrew	greatness
2582	2297	עֵ֫מֶק	hebrew	valley
2583	2298	זְנוּת	hebrew	fornication
2584	2299	תְּנוּאָה	hebrew	opposition
2585	51	יָצָא	hebrew	to come out: speak
2586	387	עָבַר	hebrew	to pass: trespass
2587	2300	עָפַל	hebrew	to presume
2588	2301	עֲרִיסָה	hebrew	dough
2589	2302	גָּדַף	hebrew	to blaspheme
2590	2303	צִיצִת	hebrew	tassel
2591	2304	קָרִיא	hebrew	chosen
2592	278	נָשָׂא	hebrew	to lift: exalt
2593	1629	קָדוֹשׁ	hebrew	holy: saint
2594	2305	שָׂרַר	hebrew	to rule
2595	2306	נָקַר	hebrew	to dig
2596	2307	בְּרִיאָה	hebrew	creation
2597	2308	רִקּוּעַ	hebrew	hammered out
2598	2309	רָמֹם	hebrew	be exalted
2599	2310	מְהֵרָה	hebrew	haste
2600	2311	צוּץ	hebrew	to blossom
2601	2312	מְרִי	hebrew	rebellion
2602	2313	מָשְׁחָה	hebrew	consecrated portion
2603	2314	יִצְהָר	hebrew	oil
2604	2315	חֵ֫לֶף	hebrew	for
2605	2316	יֶ֫קֶב	hebrew	wine
2606	2317	אָדֹם	hebrew	red
2607	2318	צָמִיד	hebrew	cover
2608	2319	סֶ֫לַע	hebrew	crag
2609	2320	מָרָה	hebrew	to rebel
2610	2321	מְסִלָּה	hebrew	highway
2611	2322	מֶ֫כֶר	hebrew	merchandise
2612	2323	קְלֹקֵל	hebrew	worthless
2613	2324	שָׂרָף	hebrew	serpent
2614	2325	נֵס	hebrew	ensign
2615	2326	אֶ֫שֶׁד	hebrew	slope
2616	1930	נָדִיב	hebrew	noble
2617	2327	יְשִׁימוֹן	hebrew	wilderness
2618	312	בַּת	hebrew	daughter: village
2619	2328	מָשַׁל	hebrew	to use a proverb
2620	1194	כּוּן	hebrew	to establish: make
2621	2329	לֶהָבָה	hebrew	flame
2622	2330	קִרְיָה	hebrew	town
2623	2331	אוֹי	hebrew	woe!
2624	2332	פָּלֵיט	hebrew	survivor
2625	2333	שְׁבִית	hebrew	captivity
2626	2334	לָכַד	hebrew	to capture
2627	2335	שָׂרִיד	hebrew	survivor
2628	2336	גּוּר	hebrew	to dread
2629	2337	לָחַךְ	hebrew	to lick
2630	2338	קֶ֫סֶם	hebrew	divination
2631	2339	קָבַב	hebrew	to curse
2632	2340	שָׁלַף	hebrew	to draw
2633	2341	מִשְׁעוֹל	hebrew	passage
2634	2342	גָּדֵר	hebrew	wall
2635	2343	צַר	hebrew	narrow
2636	2344	סָכַן	hebrew	be useful
2637	2345	יָרַט	hebrew	to push
2638	2346	שְׁפִי	hebrew	bareness
2639	2347	מָשָׁל	hebrew	proverb
2640	2348	הָרָר	hebrew	mountain
2641	2349	זָעַם	hebrew	be indignant
2642	2350	שׁוּר	hebrew	to see
2643	2351	רֹ֫בַע	hebrew	fourth
2644	2352	כָּזַב	hebrew	to lie
2645	2353	אָ֫וֶן	hebrew	evil: trouble
2646	2354	תּוֹעָפָה	hebrew	peak
2647	2355	רְאֵם	hebrew	wild ox
2648	2356	נַ֫חַשׁ	hebrew	divination
2649	2357	אֲרִי	hebrew	lion
2650	2358	יָשַׁר	hebrew	to smooth
2651	2359	שָׁתַם	hebrew	to open
2652	2360	נַ֫חַל	hebrew	palm-tree
2653	2361	גַּנָּה	hebrew	garden
2654	2362	אָהָל	hebrew	aloe
2655	2363	דְּלִי	hebrew	bucket
2656	2364	מַלְכוּת	hebrew	royalty
2657	2365	גָּרַם	hebrew	to break bones
2658	2366	מָחַץ	hebrew	to wound
2659	2367	סָפַק	hebrew	to slap
2660	2368	דָּרַךְ	hebrew	to tread
2661	2369	קָרַר	hebrew	to destroy
2662	2370	יְרֵשָׁה	hebrew	possession
2663	2371	אֹבֵד	hebrew	destruction
2664	2372	צִי	hebrew	ship
2665	2373	צָמַד	hebrew	to join
2666	2374	רֹ֫מַח	hebrew	spear
2667	2375	קֻבָּה	hebrew	tent
2668	2376	דָּקַר	hebrew	to pierce
2669	2377	קֹבָה	hebrew	belly
2670	2378	נֵ֫כֶל	hebrew	trick
2671	2379	הוֹד	hebrew	splendor
2672	661	מִשְׁפָּט	hebrew	justice: rule
2673	2380	אִסָּר	hebrew	injunction
2674	2381	נוּא	hebrew	to forbid
2675	2382	מִבְטָא	hebrew	rash word
2676	2383	מוֹצָא	hebrew	exit
2677	2384	נְקָמָה	hebrew	vengeance
2678	2385	חָלַץ	hebrew	to arm
2679	2386	מָסַר	hebrew	to commit
2680	2387	מַלְקוֹחַ	hebrew	prey
2681	2388	בְּדִיל	hebrew	tin
2682	2389	מֶ֫כֶס	hebrew	tribute
2683	2390	מֶחֱצָה	hebrew	half
2684	738	פָּקַד	hebrew	to reckon: missing
2685	2391	אֶצְעָדָה	hebrew	armlet
2686	2392	עָגִיל	hebrew	ring
2687	2393	תַּרְבּוּת	hebrew	increase
2688	2394	גְּדֵרָה	hebrew	wall
2689	2395	חוּשׁ	hebrew	to hasten
2690	2396	צֹנֶה	hebrew	sheep
2691	2397	גְּבוּלָה	hebrew	border
2692	2398	חַוָּה	hebrew	village
2693	51	יָצָא	hebrew	to come out: casting(lot)
2694	2399	שֵׂךְ	hebrew	thorn
2695	2400	צָנִין	hebrew	thorn
2696	2401	דָּמָה	hebrew	to resemble
2697	163	נָפַל	hebrew	to fall: allot
2698	2402	תּוֹצָאָה	hebrew	outgoing
2699	2403	תָּאָה	hebrew	to mark
2700	2404	אָוָה	hebrew	to mark
2701	2405	מָחָה	hebrew	to strike
2702	2406	מִקְלָט	hebrew	refuge
2703	1288	גָּאַל	hebrew	to redeem: avenge
2704	239	יָד	hebrew	hand: tool
2705	2407	שִׂנְאָה	hebrew	hating
2706	2408	הָדַף	hebrew	to thrust
2707	2409	צְדִיָּה	hebrew	ambush
2708	2410	חָנֵף	hebrew	to pollute
2709	2411	בָּאַר	hebrew	to make plain
2710	2412	אֵיכָה	hebrew	how?
2711	2413	טֹ֫רַח	hebrew	burden
2712	2414	חָתַת	hebrew	to to be dismayed
2713	2415	רָגַן	hebrew	to grumble
2714	2416	עָרַץ	hebrew	to tremble
2715	2417	זוּלָה	hebrew	exception
2716	2418	אָנַף	hebrew	be angry
2717	248	דֶּ֫רֶךְ	hebrew	way: direction
2718	2419	הוּן	hebrew	be ready
2719	2420	דְּבוֹרָה	hebrew	bee
2720	2421	גָּרָה	hebrew	to stir up
2721	2422	מִדְרָךְ	hebrew	treading
2722	2423	יְרֻשָּׁה	hebrew	possession
2723	2424	כָּרָה	hebrew	to trade
2724	402	חוּל	hebrew	to twist: writh in pain
2725	2425	שָׂגַב	hebrew	to exalt
2726	2426	חֶ֫בֶל	hebrew	cord
2727	2427	פְּרָזִי	hebrew	villager
2728	2428	מִישׁוֹר	hebrew	plain
2729	2429	עֶ֫רֶשׂ	hebrew	bed
2730	2430	עָבַר	hebrew	be angry
2731	2431	לָמַד	hebrew	to learn: teach
2732	2432	דָּבֵק	hebrew	cleaving
2733	2433	בִּינָה	hebrew	understanding
2734	2431	לָמַד	hebrew	to learn: learn
2735	2434	סֶ֫מֶל	hebrew	idol
2736	2435	נָדַח	hebrew	to banish
2737	2436	כּוּר	hebrew	furnace
2738	2437	כָּעַס	hebrew	to provoke
2739	2438	צַר	hebrew	distress
2740	762	נָסָה	hebrew	to test: try
2741	2439	מַסָּה	hebrew	trial
2742	232	שׁוּב	hebrew	to return: recall
2743	2440	עֵדָה	hebrew	testimony
2744	2441	שָׁנַן	hebrew	to sharpen
2745	2442	חָצַב	hebrew	to hew
2746	2443	גָּדַע	hebrew	to cut down/off
2747	2444	פָּסִיל	hebrew	idol
2748	2445	אֶ֫לֶף	hebrew	cattle
2749	2446	עַשְׁתָּרוֹת	hebrew	young
2750	2447	חֳלִי	hebrew	sickness
2751	2448	מַדְוֶה	hebrew	disease
2752	2449	מְהוּמָה	hebrew	tumult
2753	2450	יָקֹשׁ	hebrew	to snare
2754	2451	תַּעָב	hebrew	to abhor
2755	2452	בָּצֵק	hebrew	to swell
2756	2453	מִסְכֵּנֻת	hebrew	poverty
2757	2454	עַקְרָב	hebrew	scorpion
2758	2455	צִמָּאוֹן	hebrew	parched
2759	2456	חַלָּמִישׁ	hebrew	flint
2760	2457	עֹ֫צֶם	hebrew	strength
2761	2458	רִשְׁעָה	hebrew	wickedness
2762	2459	יֹ֫שֶׁר	hebrew	uprightness
2763	2460	יָגֹר	hebrew	to fear
2764	2461	קְשִׁי	hebrew	stubbornness
2765	2462	רֶ֫שַׁע	hebrew	wickedness
2766	2463	מוּסָר	hebrew	discipline
2767	2464	צוּף	hebrew	to flow
2768	2465	יָרָק	hebrew	herb
2769	2466	יוֹרֶה	hebrew	autumn rain
2770	2467	מַלְקוֹשׁ	hebrew	spring rain
2771	2468	מָבוֹא	hebrew	entrance
2772	2469	רַעֲנָן	hebrew	luxuriant
2773	2470	מִשְׁלַח	hebrew	sending
2774	239	יָד	hebrew	hand: undertake
2775	675	שַׁ֫עַר	hebrew	gate: town
2776	2471	אַוָּה	hebrew	desire
2777	2472	צְבִי	hebrew	gazelle
2778	2473	אַיָּל	hebrew	deer
2779	174	עָזַב	hebrew	to leave: neglect
2780	700	חָזַק	hebrew	to strengthen: ensure
2781	2474	נָקַשׁ	hebrew	to snare
2782	2475	סָרָה	hebrew	revolt
2783	1399	בָּעַר	hebrew	to burn: purge
2784	2476	סוּת	hebrew	to incite
2785	2477	סֵ֫תֶר	hebrew	secrecy
2786	2478	חָקַר	hebrew	to search
2787	459	דָּבָר	hebrew	word: promised
2788	2479	תֵּל	hebrew	mound
2789	2480	גָּדַד	hebrew	to cut
2790	2481	יַחְמוּר	hebrew	roebuck
2791	2482	אַקּוֹ	hebrew	wild goat
2792	2483	דִּישֹׁן	hebrew	ibex
2793	2484	תְּאוֹ	hebrew	antelope
2794	2485	זֶ֫מֶר	hebrew	mountain goat
2795	2486	רָאָה	hebrew	glede
2796	2487	דַּיָּה	hebrew	hawk
2797	2488	צוּר	hebrew	to confine
2798	2489	שְׁמִטָּה	hebrew	remission
2799	2490	מַשֶּׁה	hebrew	loan
2800	2491	עָבַט	hebrew	to lend
2801	2492	קָפַץ	hebrew	to gather
2802	2493	מַחְסוֹר	hebrew	need
2803	2494	בְּלִיַּ֫עַל	hebrew	Belial: worthless
2804	2495	עָנַק	hebrew	to ornament
2805	2496	חֶרְמֵשׁ	hebrew	sickle
2806	2497	מִסַּת	hebrew	payment
2807	2498	שָׂמֵחַ	hebrew	glad
2808	2499	דִּין	hebrew	judgment
2809	2500	זָדוֹן	hebrew	arrogance
2810	2501	לְחִי	hebrew	jaw
2811	2502	קֵבָה	hebrew	stomach
2812	2503	גֵּז	hebrew	fleece
2813	2504	קָסַם	hebrew	to divine
2814	2505	חֶ֫בֶר	hebrew	spell
2815	2506	יַ֫עַר	hebrew	wood
2816	2507	חָטַב	hebrew	to chop
2817	2508	גַּרְזֶן	hebrew	axe
2818	47	עֵץ	hebrew	tree: stake
2819	2509	אָרַב	hebrew	to ambush
2820	2510	נָסַג	hebrew	to remove
2821	2511	רָכַךְ	hebrew	be tender
2822	2512	חָפַז	hebrew	to hurry
2823	2513	חָנַךְ	hebrew	to dedicate
2824	305	חָלַל	hebrew	to profane/begin: fruit
2825	2514	שָׁלַם	hebrew	to ally
2826	160	בּוֹא	hebrew	to come (in): besiege
2827	2515	מָצוֹר	hebrew	siege
2828	2516	שִׁבְיָה	hebrew	captive
2829	2517	צִפֹּ֫רֶן	hebrew	fingernail
2830	2518	עָמַר	hebrew	to tyranise
2831	2519	שָׂנִיא	hebrew	hated
2832	2520	סָרַר	hebrew	to rebel
2833	2521	זָלַל	hebrew	be vile
2834	2522	סָבָא	hebrew	be drunk
2835	2523	אֶפְרֹחַ	hebrew	young
2836	2524	בֵּיצָה	hebrew	egg
2837	2525	מַעֲקֶה	hebrew	parapet
2838	106	קָדַשׁ	hebrew	to consecrate: forfeit
2839	2526	גְּדִלִים	hebrew	tassel
2840	130	שׂוּם	hebrew	to set: accuse
2841	2527	עֲלִילָה	hebrew	wantonness
2842	2528	פָּצַע	hebrew	to wound
2843	2529	דַּכָּה	hebrew	crushing
2844	2530	שׇׁפְכָה	hebrew	penis
2845	2531	מַמְזֵר	hebrew	bastard
2846	2532	קָדַם	hebrew	to meet
2847	2533	קָרֶה	hebrew	accident
2848	239	יָד	hebrew	hand: monument
2849	2534	אָזֵן	hebrew	weapon
2850	2535	צֵאָה	hebrew	excrement
2851	2536	קָדֵשׁ	hebrew	male cult prostitute
2852	2537	אֶתְנַן	hebrew	wages
2853	2538	מְחִיר	hebrew	price
2854	2539	נָשַׁךְ	hebrew	to pay interest
2855	2540	קָטַף	hebrew	to pluck
2856	2541	מְלִילָה	hebrew	ear
2857	307	סֵ֫פֶר	hebrew	scroll: document
2858	2542	כְּרִיתוּת	hebrew	divorce
2859	1362	רֶ֫כֶב	hebrew	chariot: millstone
2860	2543	מַשָּׁאָה	hebrew	loan
2861	2544	עֲבוֹט	hebrew	pledge
2862	2545	חָבַט	hebrew	to beat
2863	2546	פִּאֵר	hebrew	to re-harvest
2864	2547	קָלָה	hebrew	to dishonor
2865	2548	חָסַם	hebrew	to muzzle
2866	2549	דּוּשׁ	hebrew	to tread
2867	2550	יָבָם	hebrew	brother-in-law
2868	2551	יְבֵ֫מֶת	hebrew	sister-in-law
2869	2552	מָבוֹשׁ	hebrew	genitalia
2870	2553	כִּיס	hebrew	purse
2871	2554	זָנַב	hebrew	to cut off the tail
2872	2555	חָשַׁל	hebrew	be feeble
2873	2556	יָגֵעַ	hebrew	weary
2874	2557	טֶ֫נֶא	hebrew	basket
2875	2558	מָעוֹן	hebrew	habitation
2876	2559	שִׂיד	hebrew	to whitewash
2877	2560	שִׂיד	hebrew	lime
2878	2561	סָכַת	hebrew	be silent
2879	2562	אָסָם	hebrew	storehouse
2880	2563	אוֹצָר	hebrew	treasure
2881	2564	מְאֵרָה	hebrew	curse
2882	2565	מִגְעֶ֫רֶת	hebrew	rebuke
2883	2566	מַעֲלָל	hebrew	deed
2884	2567	דַּלֶּ֫קֶת	hebrew	inflammation
2885	2568	חַרְחֻר	hebrew	heat
2886	2569	שִׁדָּפוֹן	hebrew	blight
2887	2570	יֵרָקוֹן	hebrew	mildew
2888	2571	זַעֲוָה	hebrew	horror
2889	2572	טְחֹר	hebrew	tumor
2890	2573	חֶ֫רֶס	hebrew	itch
2891	2574	שִׁגָּעוֹן	hebrew	madness
2892	2575	עִוָּרוֹן	hebrew	blindness
2893	2576	תִּמָּהוֹן	hebrew	bewilderment
2894	2577	כָּלֶה	hebrew	longing
2895	2578	שָׁגַע	hebrew	be mad
2896	2579	שַׁמָּה	hebrew	horror: appalled
2897	2580	שְׁנִינָה	hebrew	taunt
2898	2581	חָסַל	hebrew	to consume
2899	2582	אָגַר	hebrew	to gather
2900	2583	סוּךְ	hebrew	to anoint
2901	2584	צְלָצַ֑ל	hebrew	whirring
2902	2585	חֹ֫סֶר	hebrew	lack
2903	2586	דָּאָה	hebrew	to fly
2904	2587	בָּטַח	hebrew	to trust
2905	2588	מָצוֹק	hebrew	distress
2906	2589	צוּק	hebrew	to press
2907	2590	עָנֹג	hebrew	dainty
2908	2591	עָנֹג	hebrew	to delight
2909	2592	רֹךְ	hebrew	tenderness
2910	2593	שִׁלְיָה	hebrew	afterbirth
2911	2594	שׂוּשׂ	hebrew	to rejoice
2912	2595	נָסַח	hebrew	to pull
2913	2596	רָגַע	hebrew	to rest
2914	2597	רַגָּז	hebrew	quivering
2915	2598	כִּלָּיוֹן	hebrew	failing
2916	2599	דְּאָבוֹן	hebrew	sorrow
2917	2600	תָּלָא	hebrew	to hang
2918	2601	פָּחַד	hebrew	to dread
2919	2602	שִׁקּוּץ	hebrew	abomination
2920	2603	שֹׁ֫רֶשׁ	hebrew	root
2921	2604	רֹאשׁ	hebrew	poison
2922	2605	לַעֲנָה	hebrew	wormwood
2923	2606	שְׁרִירוּת	hebrew	stubbornness
2924	2607	רָוֶה	hebrew	watered
2925	2608	צָמֵא	hebrew	thirsty
2926	2609	תַּחֲלֻאִים	hebrew	disease
2927	2610	מַהְפֵּכָה	hebrew	overthrow
2928	2611	נָתַשׁ	hebrew	to uproot
2929	2612	עָרַף	hebrew	to drop
2930	2613	לֶ֫קַח	hebrew	teaching
2931	2614	שְׂעִירִים	hebrew	rain
2932	2615	רְבִיבִים	hebrew	shower
2933	2616	פֹּ֫עַל	hebrew	work
2934	2617	עִקֵּשׁ	hebrew	twisted
2935	2618	פְּתַלְתֹּל	hebrew	twisted
2936	2619	/ה	hebrew	[?]
2937	2620	נָבָל	hebrew	foolish
2938	2621	יְלֵל	hebrew	howling
2939	2622	אִישׁוֹן	hebrew	pupil
2940	2623	עוּר	hebrew	to rouse
2941	2624	אֶבְרָה	hebrew	pinion
2942	2625	תְּנוּבָה	hebrew	fruit
2943	2626	שָׂדַי	hebrew	field
2944	2627	כַּר	hebrew	ram
2945	2628	חֶ֫מֶר	hebrew	wine
2946	2629	שָׁמֵן	hebrew	to grow fat
2947	2630	בָּעַט	hebrew	to kick
2948	2631	עָבָה	hebrew	to thicken
2949	2632	כָּשָׂה	hebrew	be sated
2950	2633	אֱלֹהַּ	hebrew	god
2951	2634	נָבַל	hebrew	be senseless
2952	2635	שֵׁד	hebrew	demon
2953	2636	שָׂעַר	hebrew	to know
2954	2637	שָׁיָה	hebrew	to forget
2955	402	חוּל	hebrew	to twist: give birth
2956	2638	כַּ֫עַס	hebrew	vexation
2957	2639	תַּהְפֻּכָה	hebrew	perversity
2958	2640	אֵמֻן	hebrew	faithful
2959	2641	הֶ֫בֶל	hebrew	vanity
2960	2642	קָדַח	hebrew	to kindle
2961	2643	לָהַט	hebrew	to kindle
2962	2644	מוֹסָד	hebrew	foundation
2963	2645	מָזֶה	hebrew	empty
2964	2646	לָחַם	hebrew	to feed on
2965	2647	רֶ֫שֶׁף	hebrew	flash
2966	2648	קֶ֫טֶב	hebrew	destruction
2967	2649	מְרִירִי	hebrew	bitter
2968	2650	זָחַל	hebrew	to crawl
2969	2651	בָּחוּר	hebrew	youth
2970	2652	פָּאָה	hebrew	to cleave
2971	2653	עֵצָה	hebrew	counsel
2972	2654	שְׁדֵמָה	hebrew	field
2973	2655	מְרֹרָה	hebrew	gall
2974	2656	פֶּ֫תֶן	hebrew	cobra
2975	2657	אַכְזָר	hebrew	cruel
2976	2658	כָּמַס	hebrew	to store up
2977	2659	שִׁלֵּם	hebrew	recompense
2978	2660	אֵיד	hebrew	calamity
2979	2661	עָתִיד	hebrew	ready
2980	2662	אָזַל	hebrew	be gone
2981	2663	חָסָה	hebrew	to seek refuge
2982	2664	נָסִיךְ	hebrew	libation
2983	2665	סִתְרָה	hebrew	shelter
2984	2666	פֶּ֫רַע	hebrew	leader
2985	130	שׂוּם	hebrew	to set: consider
2986	2667	יָפַע	hebrew	to shine
2987	2668	אָתָה	hebrew	to come
2988	2669	חָבַב	hebrew	to love
2989	2670	תָּכָה	hebrew	to follow
2990	2671	דַּבֶּ֫רֶת	hebrew	word
2991	2672	קְהִלָּה	hebrew	assembly
2992	2673	יַ֫חַד	hebrew	unitedness
2993	2674	חָסִיד	hebrew	pious
2994	2675	קְטוֹרָה	hebrew	incense
2995	2676	יָדִיד	hebrew	beloved
2996	2677	חׇפַף	hebrew	to shield
2997	2678	מֶ֫גֶד	hebrew	excellence
2998	2679	גֶּ֫רֶשׁ	hebrew	produce
2999	129	קֶ֫דֶם	hebrew	front: old
3000	2680	שֶׁ֫פַע	hebrew	abundance
3001	2681	שָׂפַן	hebrew	to treasure
3002	2682	סָפַן	hebrew	to cover
3003	2683	זָנַק	hebrew	to leap
3004	2684	דָּרוֹם	hebrew	south
3005	2685	מִנְעָל	hebrew	bolt
3006	2686	דֹּ֫בֶא	hebrew	strength
3007	2687	גַּאֲוָה	hebrew	pride
3008	2688	שַׁ֫חַק	hebrew	cloud
3009	2689	מְעֹנָה	hebrew	habitation
3010	2690	אֶ֫שֶׁר	hebrew	blessed
3011	519	כִּכָּר	hebrew	Plain (of Jericho)
3012	2691	לֵחַ	hebrew	vigor
3013	2692	חָזוֹן	hebrew	vision
3014	2693	פָּשַׁע	hebrew	to transgress
3015	2694	אֵבוּס	hebrew	crib
3016	2695	הוֹי	hebrew	woe!
3017	2696	דַּוָּי	hebrew	faint
3018	2697	מְתֹם	hebrew	soundness
3019	2698	טָרִי	hebrew	fresh
3020	2699	זוּר	hebrew	to crush
3021	2700	מְלוּנָה	hebrew	lodge
3022	2701	מִקְשָׁה	hebrew	cucumber field
3023	2702	קָצִין	hebrew	chief
3024	2703	מְרִיא	hebrew	fatling
3025	2704	רָמַס	hebrew	to trample
3026	2353	אָ֫וֶן	hebrew	evil: wickedness
3027	2705	תְּפִלָּה	hebrew	prayer
3028	2706	זָכָה	hebrew	to clean
3029	2707	חָמוֹץ	hebrew	oppression
3030	2708	לָבֵן	hebrew	to whiten
3031	2709	סִיג	hebrew	dross
3032	2710	סֹ֫בֶא	hebrew	liquor
3033	2711	מָהַל	hebrew	to weaken
3034	2712	חָבֵר	hebrew	companion
3035	2713	שַׁלְמֹן	hebrew	reward
3036	2714	צָרַף	hebrew	to refine
3037	2715	בֹּר	hebrew	lye
3038	232	שׁוּב	hebrew	to return: repent
3039	2716	אַ֫יִל	hebrew	terebinth
3040	2717	חָפֵר	hebrew	be ashamed
3041	2718	חָסֹן	hebrew	strong
3042	2719	נְעֹ֫רֶת	hebrew	tow
3043	2720	נִיצוֹץ	hebrew	spark
3044	2721	נָהַר	hebrew	to flow
3045	2722	אֵת	hebrew	plowshare
3046	2723	חֲנִית	hebrew	spear
3047	2724	מַזְמֵרָה	hebrew	pruner
3048	278	נָשָׂא	hebrew	to lift: fight
3049	2725	קֵ֫צֶה	hebrew	end
3050	2726	שָׁחַח	hebrew	to bow
3051	2727	שָׁפֵל	hebrew	to abase
3052	2728	גַּבְהוּת	hebrew	haughtiness
3053	2729	רוּם	hebrew	height
3054	2730	גֵּאֶה	hebrew	proud
3055	2731	שְׂכִיָּה	hebrew	image
3056	2732	חֶמְדָּה	hebrew	desire
3057	2733	מְחִלָּה	hebrew	hole
3058	2734	חֲפֹר	hebrew	mole
3059	2735	פֵּרָה	hebrew	mole
3060	2736	סָעִיף	hebrew	cleft
3061	2737	מִשְׁעֵן	hebrew	support
3062	2738	מִשְׁעֵנָה	hebrew	support
3063	2739	מִשְׁעָן	hebrew	support
3064	2740	חֶ֫רֶשׁ	hebrew	craftily
3065	2741	לַ֫חַשׁ	hebrew	charm
3066	2742	תַּעֲלוּלִים	hebrew	caprice
3067	2743	רָהַב	hebrew	to be assertive
3068	2744	מַכְשֵׁלָה	hebrew	ruins
3069	2745	הַכָּרָה	hebrew	look
3070	2746	גְּמוּל	hebrew	recompense
3071	2747	עָלַל	hebrew	to mock
3072	1399	בָּעַר	hebrew	to burn: destroy
3073	2748	דָּכָא	hebrew	to crush
3074	2749	גָּבַהּ	hebrew	to exult
3075	2750	גָּרוֹן	hebrew	throat
3076	2751	שָׂקַר	hebrew	to ogle
3077	2752	טָפַף	hebrew	to mince
3078	2753	עָכַס	hebrew	to tinkle
3079	2754	שִׂפַּח	hebrew	to scar
3080	2755	פֹּת	hebrew	hinge
3081	2756	עֶ֫כֶס	hebrew	anklet
3082	2757	שָׁבִיס	hebrew	headband
3083	2758	שַׂהֲרוֹן	hebrew	crescent
3084	2759	נְטִיפָה	hebrew	pendant
3085	2760	שֵׁרָה	hebrew	bracelet
3086	2761	רְעָלָה	hebrew	veil
3087	2762	צְעָדָה	hebrew	bracelette
3088	2763	קִשֻּׁרִים	hebrew	sash
3089	2764	מַחֲלָצָה	hebrew	robe
3090	2765	מַעֲטָפָה	hebrew	overtunic
3091	2766	מִטְפַּ֫חַת	hebrew	cloak
3092	2767	חָרִיט	hebrew	purse
3093	2768	גִּלָּיוֹן	hebrew	tablet
3094	2769	סָדִין	hebrew	linen
3095	2770	צָנִיף	hebrew	turban
3096	2771	רְדִיד	hebrew	veil
3097	2772	מַק	hebrew	decay
3098	2773	נִקְפָּה	hebrew	rope
3099	2774	מִקְשֶׁה	hebrew	hairstyle
3100	2775	פְּתִיגִיל	hebrew	robe
3101	2776	מַחֲגֹ֫רֶת	hebrew	girding
3102	2777	כִּי	hebrew	branding
3103	2778	יֳפִי	hebrew	beauty
3104	2779	אָנָה	hebrew	to lament
3105	2780	צְבִי	hebrew	beauty
3106	2781	צֹאָה	hebrew	filth
3107	2782	דּוּחַ	hebrew	to wash
3108	2783	נֹ֫גַהּ	hebrew	brightness
3109	2784	חֻפָּה	hebrew	canopy
3110	2785	מַחְסֶּה	hebrew	refuge
3111	2786	מִסְתּוֹר	hebrew	shelter
3112	2787	זֶ֫רֶם	hebrew	storm
3113	2005	דּוֹד	hebrew	beloved: love
3114	2788	עָזַק	hebrew	to dig about
3115	2789	שֹׂרֵק	hebrew	vine
3116	2790	בְּאֻשִׁים	hebrew	sour grapes
3117	2791	מְשֻׂכָּה	hebrew	hedge
3118	2792	מִרְמָס	hebrew	trampling
3119	2793	בָּתָה	hebrew	waste
3120	2794	עָדַר	hebrew	to hoe
3121	2795	שָׁמִיר	hebrew	thorn
3122	2796	שַׁ֫יִת	hebrew	thornbush
3123	2797	נֶ֫טַע	hebrew	plantation
3124	2798	שַׁעֲשֻׁעִים	hebrew	delight
3125	2799	מִשְׂפָּח	hebrew	bloodshed
3126	2579	שַׁמָּה	hebrew	horror: destroyed
3127	2800	צֶ֫מֶד	hebrew	pair
3128	2801	בַּת	hebrew	bath
3129	2802	נֶ֫שֶׁף	hebrew	twilight
3130	2803	נֵ֫בֶל	hebrew	harp
3131	2804	חָלִיל	hebrew	flute
3132	440	גָּלָה	hebrew	to reveal: remove
3133	2805	צִחֶה	hebrew	parched
3134	2806	פָּעַר	hebrew	to open
3135	1280	חֹק	hebrew	statute: allotment
3136	2807	שָׁאוֹן	hebrew	roar
3137	2808	עָלֵז	hebrew	exultant
3138	2809	דֹּ֫בֶר	hebrew	pasture
3139	2810	מֵחַ	hebrew	fatling
3140	2811	מָתוֹק	hebrew	sweet
3141	2812	מָסַךְ	hebrew	to mix
3142	2813	חֲשַׁשׁ	hebrew	chaff
3143	2814	סוּחָה	hebrew	offal
3144	2815	שָׁרַק	hebrew	to whistle
3145	2816	קַל	hebrew	swift
3146	2817	נוּם	hebrew	to slumber
3147	2818	אֵזוֹר	hebrew	girdle
3148	2819	צַר	hebrew	hard
3149	2820	גַּלְגַּל	hebrew	wheel
3150	2821	סוּפָה	hebrew	whirlwind
3151	2822	שְׁאָגָה	hebrew	roaring
3152	2823	שָׁאַג	hebrew	to roar
3153	2824	כְּפִיר	hebrew	lion
3154	2825	נָהַם	hebrew	to groan
3155	2826	פָּלַט	hebrew	to escape
3156	2827	נְהָמָה	hebrew	groaning
3157	2828	עָרִיף	hebrew	cloud
3158	2829	הֵיכָל	hebrew	temple
3159	2830	שָׂרָף	hebrew	Seraph
3160	2831	אַמָּה	hebrew	foundation
3161	2832	סַף	hebrew	threshold
3162	2833	דָּמָה	hebrew	to cease
3163	2834	רִצְפָּה	hebrew	glowing stone
3164	2835	שָׁעַע	hebrew	to smear
3165	2836	שָׁאָה	hebrew	to crash
3166	2837	עֲזוּבָה	hebrew	desolation
3167	2838	שַׁלֶּ֫כֶת	hebrew	felling
3168	2839	תְּעָלָה	hebrew	conduit
3169	2840	בְּרֵכָה	hebrew	pool
3170	2841	שָׁקַט	hebrew	to quiet
3171	2842	אוּד	hebrew	firebrand
3172	2843	עָמֹק	hebrew	be deep
3173	2844	זְבוּב	hebrew	fly
3174	2845	בַּתָּה	hebrew	precipice
3175	2846	נָקִיק	hebrew	cleft
3176	2847	נַעֲצוּץ	hebrew	thorn bush
3177	2848	נַהֲלֹל	hebrew	watering
3178	2849	שְׂכִירָה	hebrew	hired
3179	2850	מַעְדֵּר	hebrew	hoe
3180	2851	מָשׂוֹשׂ	hebrew	rejoicing
3181	2852	אָפִיק	hebrew	channel
3182	2853	גָּדָה	hebrew	bank
3183	2854	מֻטָּה	hebrew	spread
3184	2855	רָעַע	hebrew	to shatter
3185	2856	מֶרְחָק	hebrew	distance
3186	2857	אָזַר	hebrew	to gird
3187	2858	עוּץ	hebrew	to plan
3188	2859	חֶזְקָה	hebrew	strength
3189	2860	קֶ֫שֶׁר	hebrew	conspiracy
3190	2861	פַּח	hebrew	snare
3191	2862	תְּעוּדָה	hebrew	testimony
3192	2863	לִמֻּד	hebrew	disciple
3193	2864	חָכָה	hebrew	to wait
3194	2865	צָפַף	hebrew	to whisper
3195	2866	הָגָה	hebrew	to mutter
3196	2867	רָעֵב	hebrew	hungry
3197	2868	מָעוּף	hebrew	gloom
3198	2869	צוּקָה	hebrew	anguish
3199	2870	מוּעָף	hebrew	gloom
3200	2871	מוּצָק	hebrew	constraint
3201	2872	צַלְמָ֫וֶת	hebrew	shadow
3202	2873	נָגַהּ	hebrew	to shine
3203	2874	גִּיל	hebrew	to rejoice
3204	2875	סֹ֫בֶל	hebrew	burden
3205	2876	סְאוֹן	hebrew	boot
3206	2877	סָאַן	hebrew	to tread
3207	2878	רַ֫עַשׁ	hebrew	quaking
3208	2879	מַאֲכֹ֫לֶת	hebrew	fuel
3209	2880	מִשְׂרָה	hebrew	dominion
3210	2881	מַרְבֶה	hebrew	abundance
3211	2882	שִׁקְמָה	hebrew	sycamore
3212	2883	כִּפָּה	hebrew	branch
3213	2884	אַגְמֹן	hebrew	bulrush
3214	2885	חָנֵף	hebrew	profane
3215	2886	יָצַת	hebrew	to kindle
3216	2887	אָבַךְ	hebrew	to roll up
3217	2888	גֵּאוּת	hebrew	majesty
3218	2889	עָתַם	hebrew	to burn
3219	2890	גָּזַר	hebrew	to cut
3220	2891	חֵקֶק	hebrew	decree
3221	2892	שׁוֹאָה	hebrew	devastation
3222	2893	עֶזְרָה	hebrew	help
3223	2894	אַסִּיר	hebrew	prisoner
3224	2895	זַ֫עַם	hebrew	indignation
3225	2896	שָׁלַל	hebrew	to loot
3226	2897	עָצָב	hebrew	idol
3227	2898	בָּצַע	hebrew	to cut off: to end
3228	2899	עָתוּד	hebrew	ready
3229	2900	שָׁסָה	hebrew	to plunder
3230	2901	אַבִּיר	hebrew	mighty: ox
3231	2902	מַשּׂוֹר	hebrew	saw
3232	2903	מִשְׁמָן	hebrew	fatness
3233	2904	רָזוֹן	hebrew	leanness
3234	2905	יְקוֹד	hebrew	burning
3235	2906	נָסַס	hebrew	to faint
3236	2907	שְׁאָר	hebrew	remnant
3237	2908	מִזְעָר	hebrew	little
3238	2909	תַּבְלִית	hebrew	destruction
3239	2910	שׁוֹט	hebrew	whip
3240	2911	חָבַל	hebrew	to destroy
3241	738	פָּקַד	hebrew	to reckon: put
3242	2912	מַעֲבָרָה	hebrew	ford
3243	2913	צָהַל	hebrew	to cry out
3244	2914	קָשַׁב	hebrew	to listen
3245	2915	סָעַף	hebrew	to lop
3246	2916	פּוּרָה	hebrew	bough
3247	2917	מַעֲרָצָה	hebrew	terror
3248	2918	נָקַף	hebrew	to strike
3249	2919	חֹטֵר	hebrew	branch
3250	2920	גֶּ֫זַע	hebrew	stock
3251	2921	נֵ֫צֶר	hebrew	branch
3252	2922	מִשְׁמָע	hebrew	hearing
3253	2923	נָמֵר	hebrew	leopard
3254	2924	דֹּב	hebrew	bear
3255	2925	רָעָה	hebrew	to accompany
3256	2926	שָׁעַע	hebrew	to delight
3257	2927	חֻר	hebrew	cavern
3258	2928	מְאוּרָה	hebrew	hole
3259	2929	צִפְעוֹנִי	hebrew	serpent
3260	2930	הָדָה	hebrew	to stretch out
3261	2931	דֵּעָה	hebrew	knowledge
3262	2932	מִשְׁלוֹחַ	hebrew	sending
3263	2933	מִשְׁמַ֫עַת	hebrew	guard
3264	451	לָשׁוֹן	hebrew	tongue: bar
3265	2934	עֲיָם	hebrew	heat
3266	2935	שָׂשׂוֹן	hebrew	rejoicing
3267	2936	זָמַר	hebrew	to sing
3268	2937	מַשָּׂא	hebrew	oracle
3269	2938	שָׁפָה	hebrew	be bare
3270	2939	עַלִּיז	hebrew	jubilant
3271	2940	יָלַל	hebrew	to wail
3272	2941	שֹׁד	hebrew	violence
3273	2942	צִיר	hebrew	pang
3274	2943	חֵ֫בֶל	hebrew	pain
3275	2944	לַ֫הַב	hebrew	flame
3276	2945	אַכְזָרִי	hebrew	cruel
3277	2946	כְּסִיל	hebrew	constellation
3278	2947	הָלַל	hebrew	to shine
3279	2948	תֵּבֵל	hebrew	world
3280	2949	זֵד	hebrew	arrogant
3281	2950	עָרִיץ	hebrew	ruthless
3282	2951	יָקַר	hebrew	be precious
3283	2952	פַּז	hebrew	pure gold
3284	2953	כֶּ֫תֶם	hebrew	gold
3285	2954	רָעַשׁ	hebrew	to shake
3286	2955	עוֹלֵל	hebrew	infant
3287	2956	רָטַשׁ	hebrew	to dash in pieces
3288	2957	שָׁסַס	hebrew	to plunder
3289	2958	נֵ֫צַח	hebrew	perpetuity
3290	2959	צִי	hebrew	wild beast
3291	2960	אֹחַ	hebrew	howling animal
3292	2961	רָקַד	hebrew	to skip about
3293	2962	עוּן	hebrew	to dwell
3294	2963	אִי	hebrew	wild beast
3295	2964	תַּן	hebrew	jackal
3296	2829	הֵיכָל	hebrew	temple: palace
3297	2965	עֹ֫נֶג	hebrew	delight
3298	2966	סָפַח	hebrew	to attach
3299	2967	עֹ֫צֶב	hebrew	pain
3300	2968	רֹ֫גֶז	hebrew	turmoil
3301	2969	מַדְהֵבָה	hebrew	insolence
3302	2970	מֻרְדָּף	hebrew	persecution
3303	2971	פָּצַח	hebrew	to break out
3304	2972	רִנָּה	hebrew	cry
3305	2973	בְּרוֹשׁ	hebrew	cypress
3306	2974	רְפָאִים	hebrew	shade
3307	1285	חָלָה	hebrew	be weak: weak
3308	2975	מָשַׁל	hebrew	to liken
3309	2976	הֶמְיָה	hebrew	sound
3310	2977	יָצַע	hebrew	to lay
3311	2978	שָׁגַח	hebrew	to gaze
3312	2979	טָעַן	hebrew	to pierce
3313	2980	בּוּס	hebrew	to trample
3314	2981	מַטְבֵּחַ	hebrew	slaughter
3315	2982	בַּל	hebrew	not
3316	2983	מוֹרָשׁ	hebrew	possession
3317	2984	קִפֹּד	hebrew	porcupine
3318	2985	טֵאטֵא	hebrew	to sweep
3319	2986	מַטְאֲטֵא	hebrew	broom
3320	2987	צֶ֫פַע	hebrew	serpent
3321	2988	בָּדַד	hebrew	be alone
3322	2989	מוֹעָד	hebrew	ranks
3323	2990	שָׁדַד	hebrew	to ruin
3324	2991	יָרַע	hebrew	be ill
3325	2992	בָּרִיחַ	hebrew	fleeing
3326	2993	מַעֲלֶה	hebrew	ascent
3327	2994	מְשַׁמָּה	hebrew	devastation
3328	2995	חָצִיר	hebrew	grass
3329	2996	יִתְרָה	hebrew	abundance
3330	2997	יְלָלָה	hebrew	wailing
3331	2998	פְּלִילָה	hebrew	judge
3332	2999	מֵץ	hebrew	extortioner
3333	3000	מָהִיר	hebrew	quick
3334	3001	גֵּא	hebrew	proud
3335	3002	בַּד	hebrew	bluster
3336	3003	אֲשִׁישָׁה	hebrew	raisin bun
3337	3004	נָכָא	hebrew	stricken
3338	3005	אָמַל	hebrew	to weaken
3339	3006	הָלַם	hebrew	to smite
3340	3007	שָׂרֹק	hebrew	tendril
3341	3008	שְׁלּוּחָה	hebrew	shoot
3342	3009	רָוָה	hebrew	to quench
3343	3010	דִּמְעָה	hebrew	tears
3344	3011	הֵידָד	hebrew	shout
3345	3012	גִּיל	hebrew	rejoicing
3346	3013	הָמָה	hebrew	to roar
3347	3014	כַּבִּיר	hebrew	mighty
3348	3015	מְעִי	hebrew	heap
3349	3016	מַפָּלָה	hebrew	ruin
3350	3017	דָּלַל	hebrew	to languish
3351	3018	רָזָה	hebrew	to starve
3352	3019	עֹלֵלוֹת	hebrew	gleaning
3353	3020	נֹ֫קֶף	hebrew	shaking
3354	3021	גַּרְגַּר	hebrew	berry
3355	3022	אָמִיר	hebrew	top
3356	3023	מָעוֹז	hebrew	security
3357	3024	חֹ֫רֶשׁ	hebrew	wood
3358	3025	יֵ֫שַׁע	hebrew	salvation
3359	3026	נַעֲמָן	hebrew	pleasantness
3360	3027	שׂוּג	hebrew	to grow
3361	1285	חָלָה	hebrew	be weak: grieved
3362	3028	כְּאֵב	hebrew	pain
3363	3029	אָנַשׁ	hebrew	be incurable
3364	3030	מוֹץ	hebrew	chaff
3365	3031	בַּלָּהָה	hebrew	terror
3366	3032	צִלְצָל	hebrew	buzzing
3367	3033	צִיר	hebrew	envoy
3368	3034	קַוְקָו	hebrew	might
3369	3035	מְבוּסָה	hebrew	subjugation
3370	3036	בָּזָא	hebrew	to divide
3371	3037	צַח	hebrew	dazzling
3372	3038	בֹּ֫סֶר	hebrew	unripe grape
3373	3039	נִצָּה	hebrew	flower
3374	3040	זַלְזַל	hebrew	tendril
3375	3041	נְטִישָׁה	hebrew	tendril
3376	3042	תָּזַז	hebrew	to strike away
3377	3043	קוּץ	hebrew	to summer
3378	3044	חָרַף	hebrew	to winter
3379	3045	יָבַל	hebrew	to conduct
3380	3046	שַׁי	hebrew	gift
3381	3047	בָּקַק	hebrew	to empty
3382	3048	אִטִּי	hebrew	mutterer
3383	3049	נָשַׁת	hebrew	be dry
3384	3050	זָנַח	hebrew	to stink
3385	3051	קָמֵל	hebrew	to decay
3386	3052	עָרָה	hebrew	bulrush
3387	3053	מִזְרָע	hebrew	sowing
3388	3054	דַּיָּג	hebrew	fisher
3389	3055	חַכָּה	hebrew	hook
3390	3056	מִכְמֹ֫רֶת	hebrew	net
3391	3057	שָׂרִיק	hebrew	combed
3392	3058	חוֹרָ֑י	hebrew	white cloth
3393	3059	שָׁת	hebrew	foundation
3394	3060	שֶׂ֫כֶר	hebrew	hire
3395	3061	אָגֵם	hebrew	grieved
3396	3062	אֱוִיל	hebrew	fool(ish)
3397	3063	עִוְעִים	hebrew	distortion
3398	3064	שִׁכֹּר	hebrew	drunken
3399	3065	קִיא	hebrew	vomit
3400	3066	חָגָּא	hebrew	terror
3401	3067	יָחֵף	hebrew	barefoot
3402	3068	גָּלוּת	hebrew	captivity
3403	3069	חָשַׂף	hebrew	to strip
3404	3070	שֵׁת	hebrew	buttock
3405	3071	מַבָּט	hebrew	expectation
3406	3072	חָזוּת	hebrew	vision
3407	3073	אֲנָחָה	hebrew	sighing
3408	3074	חַלְחָלָה	hebrew	anguish
3409	3075	עָוָה	hebrew	to twist
3410	3076	פַּלָּצוּת	hebrew	shuddering
3411	3077	בָּעַת	hebrew	to terrify
3412	3078	חֵ֫שֶׁק	hebrew	desire
3413	3079	צָפִית	hebrew	rug
3414	3080	קֶ֫שֶׁב	hebrew	attentiveness
3415	3081	מִצְפֶּה	hebrew	lookout
3416	3082	מְדֻשָֿׁה	hebrew	threshed
3417	3083	בָּעָה	hebrew	to enquire
3418	3084	כֹּ֫בֶד	hebrew	heaviness
3419	3085	חִזָּיוֹן	hebrew	vision
3420	3086	תְּשֻׁאָה	hebrew	shout
3421	3087	מְבוּכָה	hebrew	confusion
3422	3088	שׁוֹעַ	hebrew	cry
3423	3089	אַשְׁפָּה	hebrew	quiver
3424	3090	נֶ֫שֶׁק	hebrew	weapon
3425	3091	בְּקִיעַ	hebrew	breach
3426	3092	תַּחְתּוֹן	hebrew	lower
3427	3093	מִקְוָה	hebrew	reservoir
3428	121	יָצַר	hebrew	to form: plan
3429	3094	מָרוֹם	hebrew	height
3430	3095	טוּל	hebrew	to cast
3431	3096	טַלְטֵלָה	hebrew	captivity
3432	3097	עָטָה	hebrew	to grasp
3433	3098	צְנֵפָה	hebrew	toss
3434	3099	כַּדּוּר	hebrew	ball
3435	239	יָד	hebrew	hand: spacious
3436	3100	קָלוֹן	hebrew	dishonor
3437	3101	מַצָּב	hebrew	station
3438	3102	מַעֲמָד	hebrew	office
3439	3103	מַפְתֵּחַ	hebrew	key
3440	1202	כִּסֵּא	hebrew	throne: seat
3441	3104	צֶאֱצָא	hebrew	offspring
3442	3105	צְפִיעָה	hebrew	offshoot
3443	3106	נֵ֫בֶל	hebrew	bag
3444	3107	דָּמַם	hebrew	to wail
3445	3108	סַחַר	hebrew	profit
3446	3109	קַדְמָה	hebrew	former
3447	3110	עָטַר	hebrew	to crown
3448	3111	מֵ֫זַח	hebrew	belt
3449	3112	עָלַז	hebrew	to exult
3450	3113	בַחוּן	hebrew	tower
3451	3114	עָרַר	hebrew	to strip
3452	3115	אַרְמוֹן	hebrew	citadel: palace
3453	3116	מַפֵּלָה	hebrew	ruin
3454	3117	נָגַן	hebrew	to play
3455	3118	אָצַר	hebrew	to store
3456	3119	חָסַן	hebrew	to hoard
3457	3120	שׇׂבְעָה	hebrew	satiety
3458	3121	עָתִיק	hebrew	surpassing
3459	3122	בָּלַק	hebrew	to waste
3460	3123	נָשָׁא	hebrew	to exact
3461	3124	חָרַר	hebrew	to scorch
3462	3125	צְוָחָה	hebrew	outcry
3463	3126	עָרַב	hebrew	to grow dark
3464	3127	שְׁאִיָּה	hebrew	ruin
3465	3128	אֻרִים	hebrew	flame
3466	3129	זָמִיר	hebrew	song
3467	3130	רָזִי	hebrew	wasting
3468	3131	בֶּ֫גֶד	hebrew	treachery
3469	3132	פַּ֫חַת	hebrew	pit
3470	3133	פָּרַר	hebrew	to split
3471	3134	אֲסֵפָה	hebrew	collecting
3472	3135	מַסְגֵּר	hebrew	locksmith
3473	3136	לְבָנָה	hebrew	moon
3474	3137	חַמָּה	hebrew	heat
3475	3138	אֹ֫מֶן	hebrew	faithfulness
3476	3115	אַרְמוֹן	hebrew	citadel: fortress
3477	3139	צָיוֹן	hebrew	dryness
3478	3140	שֶׁ֫מֶר	hebrew	dreg
3479	3141	מָחָה	hebrew	be marrow
3480	3142	זָקַק	hebrew	to refine
3481	3143	לוֹט	hebrew	covering
3482	3144	לוּט	hebrew	to wrap
3483	3145	מַסֵּכָה	hebrew	veil
3484	3146	נָסַךְ	hebrew	to weave
3485	3147	מַתְבֵּן	hebrew	straw
3486	3148	בְּמוֹ	hebrew	in/at/by
3487	3149	מַדְמֵנָה	hebrew	dunghill
3488	3150	שָׂחָה	hebrew	to swim
3489	3151	אָרְבָּה	hebrew	skill
3490	3152	מִשְׂגָּב	hebrew	high refuge
3491	3153	חֵל	hebrew	rampart
3492	3154	מֵישָׁר	hebrew	uprightness
3493	3155	מַעְגָּל	hebrew	track
3494	3156	פָּלַס	hebrew	to envy
3495	3157	שָׁחַר	hebrew	to seek
3496	3158	נְכֹחָה	hebrew	upright
3497	3159	עָוַל	hebrew	to act unjustly
3498	3160	שָׁפַת	hebrew	to set
3499	719	בָּעַל	hebrew	rule: to rule
3500	3161	קָ֫צוּ	hebrew	boundary
3501	3162	צוּק	hebrew	to pour
3502	3163	קִיץ	hebrew	to awake
3503	3164	אוֹרָה	hebrew	light
3504	3165	דָּלָה	hebrew	door
3505	3166	חָבָה	hebrew	to hide
3506	3167	עֲקַלָּתוֹן	hebrew	crooked
3507	3168	חֶ֫מֶד	hebrew	delight
3508	3169	פָּשַׂע	hebrew	to step
3509	3170	צוּת	hebrew	to burn
3510	3171	שָׁרַשׁ	hebrew	to uproot
3511	3172	הֶ֫רֶג	hebrew	slaughter
3512	3173	סֵאסֵא	hebrew	to drive away
3513	238	שָׁלַח	hebrew	to send: exile
3514	3174	הָגָה	hebrew	to remove
3515	3175	גִּר	hebrew	chalk
3516	3176	נָפַץ	hebrew	to shatter
3517	3177	קָצִיר	hebrew	foliage
3518	3178	עֲטָרָה	hebrew	crown
3519	3179	אַמִּיץ	hebrew	strong
3520	3180	שַׂ֫עַר	hebrew	storm
3521	3181	צִיצָה	hebrew	flower
3522	3182	בַּכֻּרוֹת	hebrew	early fig
3523	3183	צְפִירָה	hebrew	diadem/doom
3524	3184	רֹאֶה	hebrew	vision
3525	3185	פּוּק	hebrew	to reel
3526	3186	פְּלִילִיָּה	hebrew	judgment
3527	3187	שְׁמוּעָה	hebrew	tidings
3528	3188	עַתִּיק	hebrew	ancient/taken
3529	3189	צַו	hebrew	command
3530	3190	קַו	hebrew	cord
3531	3191	זְעֵיר	hebrew	little
3532	3192	לָעֵג	hebrew	mocking
3533	3193	מַרְגֵּעָה	hebrew	repose
3534	3194	לָצוֹן	hebrew	scorning
3535	3195	חֹזֶה	hebrew	seer
3536	3196	כָּזָב	hebrew	lie
3537	3197	בֹּ֫חַן	hebrew	testing
3538	3198	יָקָר	hebrew	precious
3539	3199	מוּסָד	hebrew	foundation
3540	3200	קַו	hebrew	line
3541	3201	מִשְׁקֶ֫לֶת	hebrew	level
3542	3202	יָעָה	hebrew	to sweep away
3543	3203	זְוָעָה	hebrew	trembling
3544	3204	מַצָּע	hebrew	bed
3545	3205	כָּנַס	hebrew	to gather
3546	3206	מוֹסֵר	hebrew	bond
3547	3207	שָׂדַד	hebrew	to harrow
3548	3208	שָׁוָה	hebrew	be like
3549	3209	קֶ֫צַח	hebrew	dill
3550	3210	כַּמֹּן	hebrew	cummin
3551	3211	שׂוֹרָה	hebrew	row
3552	3212	סָמַן	hebrew	to appoint
3553	1141	מַטֶּה	hebrew	tribe: stick
3554	3213	גִּלְגָּל	hebrew	wheel
3555	3214	פָּרָשׁ	hebrew	horse
3556	3215	תּוּשִׁיָּה	hebrew	wisdom
3557	3216	תַּאֲנִיָּה	hebrew	mourning
3558	3217	אֲנִיָּה	hebrew	lamentation
3559	3218	דּוּר	hebrew	circle
3560	3219	מֻצָּב	hebrew	entrenchment
3561	3220	מְצוּרָה	hebrew	fortress
3562	3221	רַ֫עַם	hebrew	thunder
3563	3222	סְעָרָה	hebrew	tempest
3564	3223	מְצוֹדָה	hebrew	stronghold
3565	3224	שָׁקַק	hebrew	to rush
3566	3225	עָצַם	hebrew	to shut eyes
3567	307	סֵ֫פֶר	hebrew	scroll: read
3568	3226	מַחְשָׁךְ	hebrew	darkness
3569	3227	הֹפֶךְ	hebrew	perversity
3570	121	יָצַר	hebrew	to form: potter
3571	3228	אֹ֫פֶל	hebrew	darkness
3572	3229	שָׁקַד	hebrew	to watch
3573	3230	קוּשׁ	hebrew	to lure
3574	3231	חָוַר	hebrew	to pale
3575	3232	בֹּ֫שֶׁת	hebrew	shame
3576	3233	חָסוּת	hebrew	refuge
3577	3234	כְּלִמָּה	hebrew	shame
3578	3235	יָעַל	hebrew	to gain
3579	3236	לַ֫יִשׁ	hebrew	lion
3580	3237	אֶפְעֶה	hebrew	viper
3581	3238	דַּבֶּ֫שֶׁת	hebrew	hump
3582	3239	כֶּחָשׁ	hebrew	deceptive
3583	3240	רֹאֶה	hebrew	seer
3584	18	רָאָה	hebrew	to see: seer
3585	3241	מַֽהֲתַלּוֹת	hebrew	deception
3586	3242	לוּז	hebrew	be devious
3587	3243	מְכִתָּה	hebrew	fragment
3588	3244	חָתָה	hebrew	to snatch up
3589	3245	גֶּ֫בֶא	hebrew	cistern
3590	3246	שׁוּבָה	hebrew	returning
3591	3247	נַ֫חַת	hebrew	quietness
3592	3248	בִּטְחָה	hebrew	trust
3593	3249	גְּעָרָה	hebrew	rebuke
3594	3250	תֹּ֫רֶן	hebrew	mast
3595	3251	כָּנַף	hebrew	to corner
3596	3252	מוֹרֶה	hebrew	rain/teacher
3597	3253	אָמַן	hebrew	to turn right
3598	3254	דָּשֵׁן	hebrew	fat
3599	3255	כַּר	hebrew	pasture
3600	3256	בְּלִיל	hebrew	fodder
3601	3257	חָמִיץ	hebrew	salted
3602	3258	רַ֫חַת	hebrew	shovel
3603	3259	מִזְרֶה	hebrew	pitchfork
3604	3260	פֶּ֫לֶג	hebrew	stream
3605	3261	יָבָל	hebrew	stream
3606	3262	מַ֫חַץ	hebrew	wound
3607	3263	מַשָּׂאָה	hebrew	smoke
3608	3264	נָפָה	hebrew	sieve
3609	3265	רֶ֫סֶן	hebrew	bridle
3610	3266	נַ֫חַת	hebrew	descent
3611	3267	זַ֫עַף	hebrew	rage
3612	3268	נֶ֫פֶץ	hebrew	storm
3613	3269	מוּסָדָה	hebrew	appointment
3614	3270	אֶתְמוֹל	hebrew	previously
3615	3271	מְדוּרָה	hebrew	pile
3616	3272	גָּנַן	hebrew	to defend
3617	3273	מָגוֹר	hebrew	terror
3618	3274	אוּר	hebrew	flame
3619	3275	מַחֲבֵא	hebrew	hiding-place
3620	3276	עִלֵּג	hebrew	stammerer
3621	3277	כִּילַי	hebrew	rogue
3622	3278	שׁוֹעַ	hebrew	rich
3623	3279	חֹ֫נֶף	hebrew	profaneness
3624	3280	תּוֹעָה	hebrew	error
3625	3281	שַׁאֲנָן	hebrew	secure
3626	3282	אֹ֫סֵף	hebrew	gathering
3627	3283	עֹ֫פֶל	hebrew	hill
3628	3284	בַּ֫חַן	hebrew	watchtower
3629	3285	מִבְטָח	hebrew	confidence
3630	3286	בָּרַד	hebrew	to hail
3631	3287	שִׁפְלָה	hebrew	humiliation
3632	3288	נָלָה	hebrew	to cease
3633	3289	רוֹמֵמוּת	hebrew	uplifting
3634	3290	חָסִיל	hebrew	locust
3635	3291	מַשָּׁק	hebrew	rushing
3636	3292	גֵּב	hebrew	locust
3637	3293	חֹ֫סֶן	hebrew	wealth
3638	3294	אֶרְאֵל	hebrew	hero
3639	3295	מִשְׂרָפָה	hebrew	burning
3640	3296	כָּסַח	hebrew	to cut
3641	3297	רְעַדָה	hebrew	trembling
3642	3298	מוֹקֵד	hebrew	burning
3643	3299	מַעֲשַׁקָּה	hebrew	oppression
3644	3300	אָטַם	hebrew	to shutter
3645	3301	מְצָד	hebrew	stronghold
3646	3302	יָעַז	hebrew	be fierce
3647	3303	עָמֵק	hebrew	unfathomable
3648	3304	לָעַג	hebrew	to mock
3649	3305	צָעַן	hebrew	to move
3650	3306	אֳנִי	hebrew	fleet
3651	3307	שַׁ֫יִט	hebrew	oar
3652	3308	בְּאֹשׁ	hebrew	stench
3653	3309	שִׁלּוּם	hebrew	recompense
3654	3310	חָרֵב	hebrew	to destroy
3655	3311	חֹר	hebrew	noble
3656	3312	מְלוּכָה	hebrew	kingship
3657	3313	סִיר	hebrew	thorn
3658	3314	קִמּוֹשׂ	hebrew	nettle
3659	3315	חוֹחַ	hebrew	thistle
3660	3316	חָצִיר	hebrew	abode
3661	3317	לִילִית	hebrew	night-creature
3662	3318	קִנֵּן	hebrew	to make a nest
3663	3319	קִפּוֹז	hebrew	arrow snake
3664	3320	דָּגַר	hebrew	to gather
3665	3321	עָדַר	hebrew	to lack
3666	3322	צִיָּה	hebrew	dryness
3667	3323	חֲבַצֶּלֶת	hebrew	crocus
3668	3324	גִּילָה	hebrew	rejoicing
3669	3325	דָּלַג	hebrew	to leap
3670	3326	שָׁרָב	hebrew	scorching
3671	3327	מַבּוּעַ	hebrew	spring
3672	3328	רֵ֫בֶץ	hebrew	rest
3673	3329	מַסְלוּל	hebrew	highway
3674	3330	פָּרִיץ	hebrew	violent
3675	3331	סֹפֵר	hebrew	secretary
3676	3332	בִּטָּחוֹן	hebrew	trust
3677	3333	פֶּחָה	hebrew	governor
3678	3334	אֲרָמִית	hebrew	Aramaic
3679	3335	תּוֹכֵחָה	hebrew	rebuke
3680	3336	נְאָצָה	hebrew	contempt
3681	3337	מַשְׁבֵּר	hebrew	birth
3682	3338	חָרַף	hebrew	to taunt
3683	3339	אׇמְנָם	hebrew	truly
3684	3340	קוּר	hebrew	to dig
3685	3341	נָצָה	hebrew	to desolate
3686	3342	קָצֵר	hebrew	short
3687	3343	מֶ֫תֶג	hebrew	bridle
3688	3344	סָחִישׁ	hebrew	offspring
3689	428	שָׁפַךְ	hebrew	to pour: build siege mound
3690	3345	סֹלְלָה	hebrew	mound
3691	3346	דֳּמִי	hebrew	quiet
3692	3347	חֶ֫דֶל	hebrew	world
3693	3348	קָפַד	hebrew	to roll
3694	3349	דַּלָּה	hebrew	hair
3695	2898	בָּצַע	hebrew	to cut off
3696	3350	שָׁוָה	hebrew	to set
3697	3351	סוּס	hebrew	swallow
3698	3352	עָגוּר	hebrew	crane
3699	3353	עׇשְׁקָה	hebrew	oppression
3700	3354	דָּדָה	hebrew	to go slowly
3701	3355	חָלַם	hebrew	be healthy
3702	3356	שַׁ֫חַת	hebrew	Pit: hell
3703	3357	גֵּו	hebrew	back
3704	3358	שָׂבַר	hebrew	to await
3705	3359	נְגִינָה	hebrew	music
3706	3360	דְּבֵלָה	hebrew	fig cake
3707	3361	מָרַח	hebrew	to rub
3708	3362	נְכֹת	hebrew	treasure
3709	815	אֱמֶת	hebrew	truth: certain
3710	3363	כֶּ֫פֶל	hebrew	double
3711	3364	עָקֹב	hebrew	steep
3712	3365	רֶ֫כֶס	hebrew	roughness
3713	3366	בָּשַׂר	hebrew	to bear tidings
3714	3367	טְלָא	hebrew	lamb
3715	3368	שֹׁ֫עַל	hebrew	handful
3716	3369	תָּכַן	hebrew	to measure
3717	3370	שָׁלִישׁ	hebrew	third
3718	3371	פֶּ֫לֶס	hebrew	balance
3719	3372	מַר	hebrew	drop
3720	3373	נָטַל	hebrew	to lift
3721	3374	רְתֻקָה	hebrew	chain
3722	3375	סָכַן	hebrew	to impoverish
3723	3376	רָקֵב	hebrew	to rot
3724	3377	מוֹסָדָה	hebrew	foundation
3725	3378	חוּג	hebrew	circle
3726	3379	דֹּק	hebrew	curtain
3727	3380	מָתַח	hebrew	to spread
3728	3381	רָזַן	hebrew	to rule
3729	3382	יָעֵף	hebrew	to faint
3730	3383	יָגֵעַ	hebrew	be weary/toil
3731	3384	חֵ֫קֶר	hebrew	search
3732	3385	יָעֵף	hebrew	weary
3733	3386	עׇצְמָה	hebrew	strength
3734	3387	אֵ֫בֶר	hebrew	wing
3735	3388	חָלַק	hebrew	to smooth
3736	3389	פַּטִּישׁ	hebrew	hammer
3737	3390	דֶּ֫בֶק	hebrew	joint
3738	3391	מַסְמֵר	hebrew	nail
3739	764	אָהֵב	hebrew	to love: friend
3740	700	חָזַק	hebrew	to strengthen: prevail over
3741	3392	מַצּוּת	hebrew	strife
3742	3393	מוֹרַג	hebrew	threshing sled
3743	537	בַּעַל	hebrew	master: owning
3744	3394	פִּיפִיָּה	hebrew	tooth
3745	499	הָלַל	hebrew	to boast: boast
3746	3395	הֲדַס	hebrew	myrtle
3747	3396	תִּדְהָר	hebrew	elm
3748	3397	תְּאַשּׁוּר	hebrew	boxtree
3749	3398	עַצֻמָה	hebrew	defense
3750	199	שָׁמַע	hebrew	to hear: proclaim
3751	3399	אֶ֫פַע	hebrew	worthless
3752	3400	סָגָן	hebrew	ruler
3753	3401	טִיט	hebrew	mud
3754	3402	בָּחִיר	hebrew	chosen
3755	406	יָחַל	hebrew	to wait: hope
3756	3403	כֶּ֫לֶא	hebrew	prison
3757	3404	צָוַח	hebrew	to cry aloud
3758	3405	צָרַח	hebrew	to cry
3759	3406	חָשָׁה	hebrew	be silent
3760	3407	פָּעָה	hebrew	to groan
3761	3408	נָשַׁם	hebrew	to pant
3762	3409	שָׁאַף	hebrew	to long for
3763	3410	נְתִיבָה	hebrew	path
3764	3411	מַעֲקָשׁ	hebrew	crooked place
3765	3412	סוּג	hebrew	to turn
3766	3413	פָּחַח	hebrew	to ensnare
3767	3414	מְשִׁסָּה	hebrew	plunder
3768	3415	עֱזוּז	hebrew	strength
3769	3416	כָּוָה	hebrew	to burn
3770	3417	מַעֲרָב	hebrew	west
3771	3418	עִזּוּז	hebrew	mighty
3772	3419	דָּעַךְ	hebrew	to put out
3773	3420	קַדְמֹנִי	hebrew	eastern: older
3774	116	עָבַד	hebrew	to serve: burden
3775	3421	גִּדּוּפִים	hebrew	reviling
3776	22	בַּ֫יִן	hebrew	between: among
3777	3422	כָּנָה	hebrew	to flatter
3778	3423	רָהָה	hebrew	to fear
3779	3424	מַעֲצָד	hebrew	axe
3780	3425	פֶּחָם	hebrew	coal
3781	3426	מַקָּבָה	hebrew	hammer
3782	47	עֵץ	hebrew	tree: carpenter
3783	3427	תָּאַר	hebrew	to delimit
3784	3428	שֶׂ֫רֶד	hebrew	stylus
3785	3429	מַקְצֻעָה	hebrew	plane
3786	3430	מְחוּגָה	hebrew	compass
3787	3431	תִּרְזָה	hebrew	cypress
3788	3432	אֹ֫רֶן	hebrew	fir
3789	3433	שָׂלַק	hebrew	to kindle
3790	3434	סָגַד	hebrew	to prostrate
3791	3435	צָלָה	hebrew	to roast
3792	3436	הֶאָח	hebrew	Aha!
3793	3437	טָחַח	hebrew	to be smeared
3794	3438	בּוּל	hebrew	produce
3795	3439	הָלַל	hebrew	to be foolish
3796	3440	צוּלָה	hebrew	deep
3797	3441	חֵ֫פֶץ	hebrew	pleasure
3798	3442	רָדַד	hebrew	to subdue
3799	3443	מִסְתָּר	hebrew	hiding
3800	3444	רָעַף	hebrew	to drip
3801	3445	זֵק	hebrew	fetter
3802	3446	צִיר	hebrew	image
3803	3447	תְּשׁוּעָה	hebrew	deliverance: salvation
3804	3448	קָרַס	hebrew	to stoop
3805	3449	נְשׂוּאָה	hebrew	burden
3806	3450	זוּל	hebrew	to lavish/despise
3807	1179	קָנֶה	hebrew	branch: scales
3808	3451	אשׁשׁ	hebrew	be manly
3809	2901	אַבִּיר	hebrew	mighty: strong
3810	3452	צַמָּה	hebrew	veil
3811	3453	שֹׁ֫בֶל	hebrew	skirt
3812	3454	דּוּמָם	hebrew	silence
3813	3455	עָדִין	hebrew	voluptuous
3814	3456	שְׁכוֹל	hebrew	bereavement
3815	3457	אַלְמֹן	hebrew	widower
3816	3458	כֶּ֫שֶׁף	hebrew	sorcery
3817	3459	הֹוָה	hebrew	misfortune
3818	3460	הָבַר	hebrew	to divide
3819	3461	עֹ֫צֶב	hebrew	idol
3820	3462	חָטַם	hebrew	to restrain
3821	3463	טָפַח	hebrew	to extend
3822	1032	גַּל	hebrew	heap: wave
3823	3464	מָעָה	hebrew	grain
3824	3465	חַד	hebrew	sharp
3825	3466	בָּרַר	hebrew	to purify
3826	3467	מַרְעִית	hebrew	pasturing
3827	3468	עוּל	hebrew	infant
3828	481	כַּלָּה	hebrew	daughter-in-law: bride
3829	3469	הֲרִיסוּת	hebrew	ruins
3830	3470	שִׁכֻּלִים	hebrew	bereavement
3831	3471	שַׁכּוּל	hebrew	childless
3832	3472	גַּלְמוּד	hebrew	solitary
3833	3473	חֹ֫צֶן	hebrew	bosom
3834	3474	שָׂרָה	hebrew	princess
3835	3475	יָרִיב	hebrew	opponent
3836	3476	עָסִיס	hebrew	sweet
3837	3477	קַדְרוּת	hebrew	darkness
3838	3478	עוּת	hebrew	to help
3839	3479	רֹק	hebrew	spittle
3840	3480	עָשׁ	hebrew	moth
3841	3481	זֵק	hebrew	missile
3842	3482	מַעֲצֵבָה	hebrew	torment
3843	3483	מַקֶּבֶת	hebrew	hole
3844	3484	זִמְרָה	hebrew	melody
3845	3485	מָלַח	hebrew	to dissipate
3846	3486	סָ֑ס	hebrew	moth
3847	3487	חָלַל	hebrew	to bore
3848	3488	מַעֲמַקִּים	hebrew	deep
3849	3489	צָעָה	hebrew	to march
3850	3490	רָגַע	hebrew	to disturb
3851	3491	קֻבַּעַת	hebrew	dreg
3852	3492	תַּרְעֵלָה	hebrew	reeling
3853	3493	מִכְמָר	hebrew	net
3854	3494	יָגָה	hebrew	to suffer
3855	3495	שָׁבִי	hebrew	captive
3856	3496	נָאָה	hebrew	be lovely
3857	3497	מִשְׁחַת	hebrew	mutilation
3858	3498	נָזָה	hebrew	to spring
3859	3499	יוֹנֵק	hebrew	sapling
3860	3500	חָדֵל	hebrew	rejected/fleeting
3861	3501	מַסְתֵּר	hebrew	hiding
3862	3502	עֹ֫צֶר	hebrew	coercion
3863	3503	שִׂיחַ	hebrew	to muse
3864	3504	עָלוּמִים	hebrew	youth
3865	3505	שֶׁצֶף	hebrew	overflowing
3866	3506	סָעַר	hebrew	to rage
3867	3507	פּוּךְ	hebrew	color
3868	3508	כַּדְכֹּד	hebrew	ruby
3869	3509	אֶקְדָּח	hebrew	carbuncle
3870	3510	מְחִתָּה	hebrew	terror
3871	3511	גּוּר	hebrew	to quarrel
3872	3512	נָגִיד	hebrew	leader
3873	3513	מָחָא	hebrew	to clap
3874	3514	סִרְפָּד	hebrew	nettle
3875	3515	נָבַח	hebrew	to bark
3876	3516	הָזָה	hebrew	to dream
3877	3517	סָבָא	hebrew	to imbibe
3878	3518	נָכֹחַ	hebrew	straightforward
3879	3519	חַלָּק	hebrew	smooth
3880	239	יָד	hebrew	hand: penis
3881	3520	שׁוּר	hebrew	to travel
3882	3521	רַקּוּחַ	hebrew	perfumery
3883	3522	יָאַשׁ	hebrew	to despair
3884	3523	דָּאַג	hebrew	be anxious
3885	3524	קִבּוּץ	hebrew	collection
3886	3525	דַּכָּא	hebrew	contrite
3887	3526	שׁוֹבָב	hebrew	turning back
3888	3527	נִחוּם	hebrew	comfort
3889	3528	נִיב	hebrew	fruit
3890	3529	רֶ֫פֶשׁ	hebrew	mire
3891	3530	קִרְבָה	hebrew	nearness
3892	3531	צוּם	hebrew	to fast
3893	3532	צוֹם	hebrew	fast
3894	3533	עָצֵב	hebrew	worker
3895	3534	מַצָּה	hebrew	strife
3896	3535	כָּפַף	hebrew	to bend
3897	3536	חַרְצֻבָּה	hebrew	bond
3898	3537	נָתַר	hebrew	to free
3899	3538	מָרוֹד	hebrew	wandering
3900	3539	אֲרוּכָה	hebrew	health
3901	3540	שָׁוַע	hebrew	to cry
3902	3541	פּוּק	hebrew	to promote
3903	3542	צַחְצָחָה	hebrew	scorched
3904	3543	גָּדַר	hebrew	to wall up/off
3905	3544	גָּאַל	hebrew	to defile
3906	3545	עַוְלָה	hebrew	injustice
3907	3546	קוּר	hebrew	web
3908	3547	עַכָּבִישׁ	hebrew	spider
3909	3548	זוּרֶה	hebrew	crushed
3910	3549	עָקַשׁ	hebrew	to twist
3911	3550	נְגֹהָה	hebrew	brightness
3912	3551	גָּשַׁשׁ	hebrew	to grope
3913	3552	אַשְׁמַנִּים	hebrew	strong
3914	3553	שִׁרְיוֹן	hebrew	armor
3915	3554	כּוֹבַע	hebrew	helmet
3916	3555	תִּלְבֹּשֶׁת	hebrew	clothing
3917	3556	גְּמוּלָה	hebrew	recompense
3918	3557	זֶ֫רַח	hebrew	dawning
3919	3558	נָהַר	hebrew	to shine
3920	3559	שִׁפְעָה	hebrew	abundance
3921	3560	בֶּכֶר	hebrew	young camel
3922	3561	שֹׁד	hebrew	breast
3923	3562	מַטָּע	hebrew	plantation
3924	3563	פְּקַח־קוֹחַ	hebrew	opening
3925	3564	מַעֲטֶה	hebrew	mantle
3926	3565	חָדַשׁ	hebrew	to renew
3927	3566	חֹ֫רֶב	hebrew	desolation
3928	3567	אִכָּר	hebrew	farmer
3929	3568	כָּרַם	hebrew	to tend vineyards
3930	3569	יָמַר	hebrew	to exchange
3931	3570	יָעַט	hebrew	to cover
3932	3571	עָדָה	hebrew	to adorn
3933	3572	חָמַץ	hebrew	be red
3934	3573	גַּת	hebrew	wine press
3935	3574	פּוּרָה	hebrew	winepress
3936	3575	נֵ֫צַח	hebrew	lifeblood
3937	3576	מַלְבּוּשׁ	hebrew	garment
3938	3577	גְּאוּלַי	hebrew	redemption
3939	3578	זְבֻל	hebrew	elevation
3940	3579	קָשַׁח	hebrew	to harden
3941	3580	זָלַל	hebrew	to shake
3942	3581	הֶ֫מֶס	hebrew	brushwood
3943	3582	עִדָּה	hebrew	filth
3944	3583	מַחְמָד	hebrew	desire
3945	1856	קָטַר	hebrew	to offer: offer
3946	3584	מָרָק	hebrew	broth
3947	601	חֵיק	hebrew	bosom: lap
3948	3585	שָׁכֵחַ	hebrew	forgetful
3949	3586	מִמְסָךְ	hebrew	mixed drink
3950	3587	טָלֶה	hebrew	lamb
3951	3588	הֲדֹם	hebrew	footstool
3952	3589	נָכֵה	hebrew	crippled
3953	3590	חָרֵד	hebrew	trembling
3954	3591	מְגוּרָה	hebrew	fear
3955	3592	נָדָה	hebrew	to put away
3956	3593	תַּנְחוּם	hebrew	consolation
3957	3594	מָצַץ	hebrew	to drink deeply
3958	3595	זִיז	hebrew	abundance
3959	3596	סוּף	hebrew	to cease
3960	450	גּוֹי	hebrew	Gentile
3961	3597	פֶּ֫רֶד	hebrew	mule
3962	3598	כִּרְכָּרָה	hebrew	dromedary
3963	3599	דֵּרָאוֹן	hebrew	abhorrence
3964	3600	אֲהָהּ	hebrew	alas!
3965	3601	כְּלוּלָה	hebrew	betrothal
3966	3602	הָבַל	hebrew	to become vain
3967	3603	שׁוּחָה	hebrew	pit
3968	3604	שָׂעַר	hebrew	to shudder
3969	3605	בֹּאר	hebrew	cistern
3970	3606	מְשׁוּבָה	hebrew	faithlessness
3971	3607	פַּחְדָּה	hebrew	dread
3972	3608	סוּר	hebrew	degenerate
3973	3609	נֶ֫תֶר	hebrew	lye
3974	3610	בֹּרִית	hebrew	lye
3975	3611	כָּתַם	hebrew	be stained
3976	3612	בִּכְרָה	hebrew	young camel
3977	3613	שָׂרַךְ	hebrew	to twist
3978	3614	תַּאֲנָה	hebrew	estrous
3979	3615	צִמְאָה	hebrew	parched
3980	3616	מַאְפֵּלְיָה	hebrew	darkness
3981	3617	שָׁנָה	hebrew	to change
3982	3618	אַלּוּף	hebrew	tame
3983	3619	בָּגוֹד	hebrew	treacherous
3984	3620	קֹל	hebrew	frivolity
3985	3621	פָּזַר	hebrew	to scatter
3986	3622	תַּחֲנוּן	hebrew	supplication
3987	3623	נִיר	hebrew	to break
3988	3624	נִיר	hebrew	fallow ground
3989	3625	סְבֹךְ	hebrew	thicket
3990	3626	סָכָל	hebrew	fool
3991	3627	קָדַר	hebrew	be dark
3992	3628	כֵּף	hebrew	rock
3993	3629	יָפָה	hebrew	be beautiful
3994	3630	עָגַב	hebrew	to lust
3995	3631	יָפַח	hebrew	to breathe
3996	3632	עִיף	hebrew	be faint
3997	3633	זוּן	hebrew	to feed
3998	3634	שָׁכָה	hebrew	to lust
3999	3635	שָׁרָה	hebrew	vine-row
4000	3636	דִּבֵּר	hebrew	statement
4001	3637	רָשַׁשׁ	hebrew	to beat
4002	402	חוּל	hebrew	to twist: tremble
4003	3638	גָּעַשׁ	hebrew	to shake
4004	3639	יָקוּשׁ	hebrew	fowler
4005	3640	כְּלוּב	hebrew	basket
4006	3641	עָשַׁת	hebrew	to gleam
4007	459	דָּבָר	hebrew	word: deed
4008	3642	שַׁעֲרוּרָה	hebrew	horror
4009	3643	רָדָה	hebrew	to scrape
4010	3644	נָאוֶה	hebrew	lovely
4011	106	קָדַשׁ	hebrew	to consecrate: prepare
4012	118	עָלָה	hebrew	to ascend: attack
4013	3645	צֵלֶל	hebrew	shadow
4014	3646	עֵצָה	hebrew	tree
4015	3647	קָרַר	hebrew	to cool
4016	3648	סַלְסִלָּה	hebrew	branch
4017	24	יוֹם	hebrew	day: old
4018	144	סָבַב	hebrew	to turn: repell
4019	2898	בָּצַע	hebrew	to cut off: to gain
4020	3649	מַרְגּוֹעַ	hebrew	rest
4021	3650	עָרַב	hebrew	to please
4022	3651	כִּידוֹן	hebrew	javelin
4023	3652	שֹׁ֫מַע	hebrew	report
4024	3653	פָּלַשׁ	hebrew	to wallow
4025	3654	תַּמְרוּר	hebrew	bitterness
4026	3655	בָּחוֹן	hebrew	assayer
4027	3656	מַפֻּחַ	hebrew	bellow
4028	3657	כַּוָּן	hebrew	bun
4029	3658	מְלֶ֫כֶת	hebrew	queen
4030	3659	מוֹעֵצָה	hebrew	counsel
4031	1850	נֵ֫זֶר	hebrew	consecration: hair
4032	3660	קִינָה	hebrew	dirge
4033	3661	דֹּ֫מֶן	hebrew	dung
4034	3662	נָצַח	hebrew	to conduct
4035	3663	תַּרְמִית	hebrew	deceitfulness
4036	3664	מְרוּצָה	hebrew	running
4037	3665	עֵט	hebrew	stylus
4038	1574	דָּמַם	hebrew	to silence: destroyed
4039	3666	מַרְפֵּא	hebrew	healing
4040	3667	בְּעָתָה	hebrew	terror
4041	3668	נַחֲרָה	hebrew	snorting
4042	3669	מַצְהָלָה	hebrew	neighing
4043	2901	אַבִּיר	hebrew	mighty: stallion
4044	3670	מַבְלִיגִית	hebrew	cheer
4045	3671	אָרַח	hebrew	to journey
4046	3672	עָוָה	hebrew	to pervert
4047	3673	אֹ֫רֶב	hebrew	ambush
4048	3674	נְהִי	hebrew	wailing
4049	3675	נָוָה	hebrew	habitation
4050	3676	קִינֵן	hebrew	to chant
4051	3677	עַפְעַף	hebrew	eyelid
4052	3678	עָמִיר	hebrew	sheaf
4053	3679	תֹּ֫מֶר	hebrew	palm
4054	3680	יָאָה	hebrew	to befit
4055	3681	כָּסַל	hebrew	be stupid
4056	2463	מוּסָר	hebrew	discipline: instruction
4057	3682	דְּנָה	aramaic	this
4058	3683	אֲמַר	aramaic	to say
4059	3684	אֱלָהּ	hebrew	god
4060	3685	דִּי	aramaic	that
4061	3686	שָׁמַ֫יִן	aramaic	heaven
4062	3687	אֲרַק	aramaic	earth
4063	3688	לָא	aramaic	not
4064	3689	עֲבַד	aramaic	to make
4065	3690	אֲבַד	aramaic	to destroy
4066	3691	אֲרַע	aramaic	earth: planet
4067	3692	מִן־	aramaic	from
4068	3693	תְּחוֹת	aramaic	under
4069	3694	אֵלֶּה	aramaic	these
4070	3695	נָשִׂיא	hebrew	mist
4071	3696	תֵּעְתֻּעִים	hebrew	delusion
4072	3697	כִּנְעָה	hebrew	bundle
4073	3698	קָלַע	hebrew	to sling
4074	3699	צַ֫עַד	hebrew	step
4075	3700	מְזִמָּה	hebrew	plot
4076	3701	הֲמֻלָּה	hebrew	tumult
4077	3702	דָּלִיּוֹת	hebrew	branch
4078	3703	שָׁלָה	hebrew	to prosper
4079	3704	טִבְחָה	hebrew	slaughtered
4080	3705	הֲרֵגָה	hebrew	slaughter
4081	3706	תַּחָרָה	hebrew	to contend
4082	3707	יְדִדוּת	hebrew	beloved
4083	3708	צָבוּעַ	hebrew	variegated
4084	3709	שָׁמֵם	hebrew	devastated
4085	3710	מֵאֵן	hebrew	refusing
4086	3711	שִׁכָּרוֹן	hebrew	drunkenness
4087	3712	גֵּוָה	hebrew	pride
4088	3713	דָּמַע	hebrew	to weep
4089	3714	גְּבִירָה	hebrew	queen
4090	3715	מְרַאֲשָׁוֹת	hebrew	head
4091	587	שָׁלוֹם	hebrew	peace: completely
4092	3716	חָמַס	hebrew	to injure
4093	3717	חֲבַרְבֻּרָה	hebrew	spot
4094	3718	מְנָת	hebrew	portion
4095	3719	נִאֻף	hebrew	adultery
4096	3720	בַּצֹּרֶת	hebrew	drought
4097	3721	גֵּב	hebrew	cistern
4098	3722	חָפָה	hebrew	to cover
4099	3723	מִקְוֶה	hebrew	hope
4100	3724	דָּהַם	hebrew	to astonish
4101	3725	גָּשַׁם	hebrew	to rain
4102	3726	סָחַב	hebrew	to drag
4103	3727	עִיר	hebrew	excitement
4104	3728	מָדוֹן	hebrew	strife
4105	3729	שָׁרָה	hebrew	to free
4106	3730	שָׂחַק	hebrew	to laugh
4107	3731	אַכְזָב	hebrew	deceptive
4108	3732	מָמוֹת	hebrew	death
4109	3733	מַרְזֵחַ	hebrew	mourning
4110	3734	חֲנִינָה	hebrew	favor
4111	3735	דִּיג	hebrew	to fish
4112	3736	צַיָּד	hebrew	hunter
4113	3737	מָנוֹס	hebrew	refuge
4114	3738	עֲרוֹעֵר	hebrew	juniper
4115	3739	חָרֵר	hebrew	parched
4116	3740	מְלֵחָה	hebrew	saltiness
4117	3741	שָׁתַל	hebrew	to transplant
4118	3742	יוּבַל	hebrew	stream
4119	3743	עָקֹב	hebrew	insidious
4120	3744	קֹרֵא	hebrew	partridge
4121	3745	שִׁבָּרוֹן	hebrew	breaking
4122	3746	שַׁעֲרִירִיָּה	hebrew	horror
4123	3747	קַר	hebrew	cool
4124	3748	שְׁבוּל	hebrew	path
4125	3749	שְׁרִיקָה	hebrew	piping
4126	3750	נָגַר	hebrew	to pour
4127	3751	בַּקְבֻּק	hebrew	flask
4128	3752	צָלַל	hebrew	to tingle
4129	3753	שְׁרֵקָה	hebrew	hissing
4130	3754	מַהְפֶּ֫כֶת	hebrew	stocks
4131	3755	יְקָר	hebrew	preciousness
4132	3756	שְׂחֹק	hebrew	laughter
4133	3757	קֶ֫לֶס	hebrew	derision
4134	587	שָׁלוֹם	hebrew	peace: friendship
4135	3758	צֶ֫לַע	hebrew	stumbling
4136	3759	נָחֵת	hebrew	to descend
4137	3760	עָשׁוֹק	hebrew	oppressor
4138	3761	עֲלִיָּה	hebrew	upper room
4139	3762	רָוַח	hebrew	be wide
4140	3763	שָׁשֵׁר	hebrew	vermilion
4141	3764	מְרוּצָה	hebrew	oppression
4142	3765	שַׁלְוָה	hebrew	ease
4143	3766	יָגוֹר	hebrew	fearing
4144	278	נָשָׂא	hebrew	to lift: trust
4145	3767	עֶ֫צֶב	hebrew	vessel
4146	3768	רָחַף	hebrew	be weak
4147	3769	חֲלַקְלַקּוֹת	hebrew	smoothness
4148	3770	דָּחַח	hebrew	to thrust
4149	3771	תִּפְלָה	hebrew	folly
4150	3772	חֲנֻפָּה	hebrew	profaneness
4151	3773	סַ֫עַר	hebrew	tempest
4152	402	חוּל	hebrew	to twist: dance
4153	3774	פָּצַץ	hebrew	to shatter
4154	3775	נָאַם	hebrew	to prophesy
4155	3776	פַּחֲזוּת	hebrew	recklessness
4156	3777	כְּלִמּוּת	hebrew	shame
4157	3778	דּוּד	hebrew	pot
4158	3779	רִאשֹׁנִי	hebrew	first
4159	3780	קָיָה	hebrew	to vomit
4160	3781	תְּפוֹצָה	hebrew	dispersion
4161	3782	סֹךְ	hebrew	lair
4162	3783	מַמְלָכוּת	hebrew	kingdom
4163	3784	עִי	hebrew	ruin
4164	3785	כַּשָּׁף	hebrew	sorcerer
4165	3786	מְכוֹנָה	hebrew	base
4166	3787	גּוֹלָה	hebrew	captivity
4167	3788	תִּקְוָה	hebrew	hope
4168	3789	שֹׁעָר	hebrew	disgusting
4169	3790	צִינֹק	hebrew	stocks
4170	3791	אָרֹךְ	hebrew	long
4171	3792	שָׁאַן	hebrew	to rest
4172	3793	מָזוֹר	hebrew	wound
4173	3794	רְפֻאָה	hebrew	remedy
4174	3795	תְּעָלָה	hebrew	healing
4175	3796	צָעַר	hebrew	be little
4176	3797	מָחוֹל	hebrew	dance
4177	1584	יָשָׁר	hebrew	upright
4178	3798	דָּאֵב	hebrew	to languish
4179	3799	יַקִּיר	hebrew	precious
4180	3800	צִיּוּן	hebrew	signpost
4181	3801	תַּמְרוּר	hebrew	signpost
4182	3802	חָמַק	hebrew	to turn away
4183	3803	שׁוֹבֵב	hebrew	backsliding
4184	3804	קָהָה	hebrew	be blunt
4185	3805	מַטָּרָה	hebrew	guardhouse
4186	3806	עֲלִילִיָּה	hebrew	deed
4187	3807	אֶזְרוֹעַ	hebrew	arm
4188	3808	נְעוּרוֹת	hebrew	youth
4189	3809	עֲתֶ֫רֶת	hebrew	abundance
4190	3810	חָרֵב	hebrew	desolate
4191	431	כָּרַת	hebrew	to cut: lack
4192	3811	לִשְׁכָּה	hebrew	chamber
4193	3812	מְגִלָּה	hebrew	scroll
4194	3813	תְּחִנָּה	hebrew	supplication
4195	3814	דְּיוֹ	hebrew	ink
4196	3815	אָח	hebrew	hearth
4197	3816	כְּלִיא	hebrew	prison
4198	3817	פְּקִדֻת	hebrew	oversight
4199	3818	אֵסוּר	hebrew	bond
4200	3819	חָנוּת	hebrew	vault
4201	3820	בְּלוֹא	hebrew	old
4202	3821	סְחָבָה	hebrew	rag
4203	3822	מֶ֫לַח	hebrew	rag
4204	3823	אַצִּיל	hebrew	joint
4205	3824	בֹּץ	hebrew	mire
4206	3825	רַב	hebrew	chief
4207	3826	יָגֵב	hebrew	field
4208	3827	אֲזֵק	hebrew	chains
4209	3828	אֲרֻחָה	hebrew	ration
4210	163	נָפַל	hebrew	to fall: presenting
4211	3829	מֶ֫לֶט	hebrew	mortar
4212	3830	מַלְבֵּן	hebrew	brick
4213	3831	שַׁפְרִיר	hebrew	pavilion
4214	3832	עָצַב	hebrew	to shape
4215	3833	קִטֵּר	hebrew	incense
4216	3834	צִנָּה	hebrew	shield
4217	3835	סִרְיֹן	hebrew	armor
4218	3836	חַת	hebrew	shattered
4219	499	הָלַל	hebrew	to boast: rave madly
4220	3837	סָחַף	hebrew	to prostatrate
4221	3838	יְפֵה־פִיָּה	hebrew	pretty
4222	3839	קֶ֫רֶץ	hebrew	stinging fly
4223	3840	מַרְבֵּק	hebrew	stall
4224	3841	קַרְדֹּם	hebrew	axe
4225	3842	שַׁעֲטָה	hebrew	stamping
4226	3843	רִפְיוֹן	hebrew	feebleness
4227	3844	מוֹרָד	hebrew	descent
4228	3845	צִיץ	hebrew	feather
4229	3846	נָצָא	hebrew	to flee
4230	3847	רְמִיָּה	hebrew	slackness
4231	3848	גֹּ֫בַהּ	hebrew	height
4232	3849	גְּדוּד	hebrew	furrow
4233	3850	צָרַר	hebrew	to distress
4234	3851	תִּפְלֶ֫צֶת	hebrew	terror
4235	3852	חֲגָוִים	hebrew	cleft
4236	3853	דְּאָגָה	hebrew	anxiety
4237	3854	רֶ֫טֶט	hebrew	panic
4238	3855	שָׁלֵו	hebrew	at ease
4239	3856	פּוּשׁ	hebrew	to leap
4240	3857	אָשְׁיָה	hebrew	foundation
4241	3858	מַגָּל	hebrew	sickle
4242	3859	חָרַב	hebrew	to slay
4243	3860	מַאֲבוּס	hebrew	granary
4244	3861	עֲרֵמָה	hebrew	heap
4245	3862	רַב	hebrew	archer
4246	3863	אַלְמָן	hebrew	forsaken
4247	3864	שֶׁ֫לֶט	hebrew	shield
4248	3865	יֶ֫לֶק	hebrew	locust
4249	3866	מַפֵּץ	hebrew	war-club
4250	3867	טִפְסָר	hebrew	official
4251	3868	סָמָר	hebrew	rough
4252	3869	כְּרֵשׂ	hebrew	belly
4253	3870	עֵ֫דֶן	hebrew	delicacy
4254	3871	נָעַר	hebrew	to growl
4255	3872	גּוֹר	hebrew	whelp
4256	3873	בֶ֫לַע	hebrew	swallowing
4257	3874	אָנַק	hebrew	to groan
4258	1079	חָלָל	hebrew	slain: wounded
4259	3875	דָּיֵק	hebrew	siegework
4260	3876	אָמוֹן	hebrew	artisan
4261	3877	יָגַב	hebrew	to till
4262	3878	מְזַמֶּרֶת	hebrew	snuffer
4263	3879	עֲבִי	hebrew	thickness
4264	3880	כֹּתֶ֫רֶת	hebrew	capital
4265	3881	שְׂבָכָה	hebrew	latticework
4266	13	רוּחַ	hebrew	spirit: side
4267	18	רָאָה	hebrew	to see: approach
4268	230	לֶ֫חֶם	hebrew	food: allowance
4269	3882	מְדִינָה	hebrew	province
4270	3883	מֵצַר	hebrew	terror
4271	3884	מַחְמֹד	hebrew	desirable
4272	3885	מִשְׁבָּת	hebrew	annihilation
4273	3886	נִידָה	hebrew	filth
4274	3887	שָׂקַד	hebrew	to bind
4275	3888	שָׂרַג	hebrew	to intertwine
4276	3889	סָלָה	hebrew	to reject
4277	791	סָבִיב	hebrew	around: neighours
4278	3890	חָמַר	hebrew	to aggitate
4279	3891	עוּב	hebrew	to becloud
4280	3892	שֹׂךְ	hebrew	booth
4281	3893	זָנַח	hebrew	to reject
4282	3894	נָאַר	hebrew	to disown
4283	3895	תָּפֵל	hebrew	insipid
4284	3896	מַדּוּחַ	hebrew	enticement
4285	3897	חָרַק	hebrew	to grind
4286	3898	אֶמְרָה	hebrew	threat
4287	3899	פּוּגַת	hebrew	cessation
4288	3900	טִפֻּחִים	hebrew	tender care
4289	3901	שָׂתַם	hebrew	to stopper
4290	3902	פָּשַׁח	hebrew	to tear
4291	3903	גָּרַס	hebrew	to break
4292	3904	חָצָץ	hebrew	gravel
4293	3905	כָּפַשׁ	hebrew	to cower
4294	3906	תּוֹחֶ֫לֶת	hebrew	hope
4295	3907	שׁוּחַ	hebrew	to sink
4296	3908	יָחִיל	hebrew	waiting
4297	3909	עָוַת	hebrew	to pervert
4298	3910	סְחִי	hebrew	offscouring
4299	3911	מָאוֹס	hebrew	refuse
4300	3912	שֵׁאת	hebrew	devastation
4301	3913	הֲפוּגָה	hebrew	cessation
4302	3914	צָמַת	hebrew	to destroy
4303	3915	עַוָּתָה	hebrew	oppression
4304	3916	הִגָּיוֹן	hebrew	meditation
4305	3917	שֶׁ֫בֶת	hebrew	seat
4306	3918	קִימָה	hebrew	rising
4307	3919	מַנְגִּינָה	hebrew	mocking
4308	3920	מְגִנָּה	hebrew	covering
4309	3921	תַּאֲלָה	hebrew	curse
4310	3922	עָמַם	hebrew	to darken
4311	3923	שָׁנָא	hebrew	to change
4312	428	שָׁפַךְ	hebrew	to pour: scatter
4313	3924	סָלָא	hebrew	to weigh
4314	3925	יָעֵן	hebrew	ostrich
4315	3926	חֵךְ	hebrew	palate
4316	3927	אַשְׁפֹּת	hebrew	refuse
4317	3928	זָכַךְ	hebrew	be clean
4318	3929	צָחַח	hebrew	be dazzling
4319	173	עֶ֫צֶם	hebrew	bone: body
4320	3930	פְּנִינִים	hebrew	jewel
4321	3931	גִּזְרָה	hebrew	cutting/separation
4322	3932	שְׁחוֹר	hebrew	blackness
4323	3933	צָפַד	hebrew	to shrivel
4324	1404	זוּב	hebrew	to flow: waste away
4325	3934	רַחֲמָנִי	hebrew	compassionate
4326	3935	בָּרָה	hebrew	to eat
4327	3936	נָצָה	hebrew	to flee
4328	3937	צְפִּיָּה	hebrew	watch
4329	3938	שְׁחִית	hebrew	pit
4330	3939	זַלְעָפָה	hebrew	scorching
4331	3940	טְחוֹן	hebrew	grinding
4332	3941	שׁוּעָל	hebrew	fox
4333	3942	חַשְׁמַל	hebrew	amber
4334	3943	נָצַץ	hebrew	to shine
4335	3944	קָלָל	hebrew	burnished
4336	3945	רָצָא	hebrew	to run
4337	3946	בָּזָק	hebrew	lightning
4338	3947	סָרָב	hebrew	thorn
4339	3948	סַלּוֹן	hebrew	briar
4340	3949	הֶ֫גֶה	hebrew	moaning
4341	3950	הִי	hebrew	woe
4342	842	בֶּ֫טֶן	hebrew	belly: abdomen
4343	3951	פּוֹל	hebrew	bean
4344	3952	דֹּ֫חַן	hebrew	millet
4345	3953	מִשְׁקוֹל	hebrew	weight
4346	3954	גֵּל	hebrew	dung
4347	3955	עוּג	hebrew	to bake
4348	3956	צָפִיעַ	hebrew	dung
4349	3957	שִׁמָּמוֹן	hebrew	horror
4350	3958	גַּלָּב	hebrew	barber
4351	3959	הָמַן	hebrew	be turbulent
4352	3960	גְּדוּפָה	hebrew	taunt
4353	3961	תּוֹכַ֫חַת	hebrew	argument
4354	3962	קוּט	hebrew	to loath
4355	3963	אָח	hebrew	ah!
4356	3964	הֵד	hebrew	shout
4357	3965	הֵם	hebrew	wealth
4358	3966	נֹהַּ	hebrew	eminency
4359	3967	תָּקוֹעַ	hebrew	trumpet
4360	3968	בּוּשָׁה	hebrew	shame
4361	3969	רַתּוֹק	hebrew	chain
4362	3970	קְפָדָה	hebrew	anguish
4363	3971	זֹ֫הַר	hebrew	brightness
4364	3972	פְּנִימִי	hebrew	inner
4365	3973	בִּאָה	hebrew	entrance
4366	3974	חֹר	hebrew	hole
4367	3975	חָתַר	hebrew	to dig
4368	3976	חָקָה	hebrew	to engrave
4369	3977	מִקְטֶ֫רֶת	hebrew	censer
4370	3978	עָתָר	hebrew	odour
4371	3979	אוּלָם	hebrew	Portico
4372	3980	מַשְׁחֵת	hebrew	destruction
4373	3981	מַפָּץ	hebrew	shattering
4374	3982	קֶ֫סֶת	hebrew	pot
4375	3983	מִפְתָּן	hebrew	threshold
4376	3984	תָּוָה	hebrew	to mark
4377	3985	תָּו	hebrew	mark
4378	3986	מֻטֶּה	hebrew	perversion
4379	517	יָמִין	hebrew	right: south
4380	3987	חִיצוֹן	hebrew	outer
4381	3420	קַדְמֹנִי	hebrew	eastern
4382	3988	מַעֲלָה	hebrew	thought
4383	3989	מְצוּדָה	hebrew	net
4384	3990	אֲגַף	hebrew	band
4385	3991	רׇגְזָה	hebrew	quivering
4386	3992	מִקְסָם	hebrew	divination
4387	3993	כְּתָב	hebrew	writing
4388	3994	טָעָה	hebrew	to stray
4389	3995	חַ֫יִץ	hebrew	wall
4390	3996	תָּפֵל	hebrew	whitewash
4391	3997	אֶלְגָּבִישׁ	hebrew	hail
4392	3998	טִיחַ	hebrew	coating
4393	3999	כֶּ֫סֶת	hebrew	amulet
4394	4000	מִסְפָּחָה	hebrew	veil
4395	4001	כֶן	hebrew	you
4396	4002	פָּתוֹת	hebrew	morsel
4397	4003	פָּרַח	hebrew	to fly
4398	4004	כָּאָה	hebrew	be disheartened
4399	4005	מְכֹרָה	hebrew	origin
4400	4006	שֹׁר	hebrew	umbilical cord
4401	4007	מִשְׁעִי	hebrew	cleansing
4402	4008	חָתַל	hebrew	to entwine
4403	4009	גֹּ֫עַל	hebrew	loathing
4404	4010	עֶרְיָה	hebrew	nakedness
4405	4011	רִקְמָה	hebrew	embroidery
4406	4012	נָעַל	hebrew	to shoe
4407	4013	מֶ֫שִׁי	hebrew	silk
4408	4014	תַּזְנוּת	hebrew	fornication
4409	63	נָתַן	hebrew	to give: turn
4410	4015	רָמָה	hebrew	high place
4411	4016	פָּשַׂק	hebrew	to open
4412	4017	לִבָּה	hebrew	heart
4413	4018	שַׁלֶּטֶת	hebrew	imperious
4414	4019	קָלַס	hebrew	to mock
4415	4020	נֶ֑דֶה	hebrew	gift
4416	4021	נָדָן	hebrew	gift
4417	4022	שָׁחַד	hebrew	to bribe
4418	4023	הֶ֫פֶךְ	hebrew	contrariness
4419	4024	נְחֹ֫שֶׁת	hebrew	lust
4420	4025	בָּתַק	hebrew	to cut up
4421	4026	קָ֔ט	hebrew	only
4422	4027	שִׂבְעָה	hebrew	fullness
4423	4028	שׁוּט	hebrew	to despise
4424	4029	פִּתְחוֹן	hebrew	opening
4425	4030	חוּד	hebrew	to riddle
4426	4031	צַמֶּ֫רֶת	hebrew	treetop
4427	4032	יְנִיקָה	hebrew	shoot
4428	4033	רָכַל	hebrew	to trade
4429	110	שָׂדֶה	hebrew	land: soil
4430	4034	צַפְצָפָה	hebrew	willow
4431	4035	פֹּארָה	hebrew	bough
4432	4036	כָּפַן	hebrew	to hunger
4433	4037	עֲרוּגָה	hebrew	bed
4434	4038	קָסַס	hebrew	to strip
4435	4039	פּוּר	hebrew	to break
4436	4040	מִבְרָח	hebrew	fugitive
4437	4041	יוֹנֶ֫קֶת	hebrew	shoot
4438	4042	תָּלוּל	hebrew	be eminent
4439	4043	חֲבֹלָה	hebrew	pledge
4440	4044	חוֹב	hebrew	debtor
4441	4045	חֲבֹל	hebrew	pledge
4442	4046	לְבִיָּא	hebrew	lioness
4443	3356	שַׁ֫חַת	hebrew	pit: grave
4444	4047	סוּגַר	hebrew	cage
4445	4048	עָנֵף	hebrew	thickly branched
4446	4049	מָסֹ֫רֶת	hebrew	pledge
4447	106	קָדַשׁ	hebrew	to consecrate: holiness
4448	4050	נָטַף	hebrew	to drip/prophesy
4449	4051	שַׁלְהֶ֫בֶת	hebrew	flame
4450	4052	צָרַב	hebrew	to burn
4451	4053	מְרִירוּת	hebrew	bitterness
4452	4054	חָדַד	hebrew	be sharp
4453	4055	מָגַר	hebrew	to cast
4454	4056	חָדַר	hebrew	to surround
4455	4057	אִבְחָה	hebrew	slaughter
4456	4058	מָעֹט	hebrew	sharp
4457	4059	אָחַד	hebrew	to go either way
4458	4060	רֶ֫צַח	hebrew	shattering
4459	4061	עַוָּה	hebrew	ruin
4460	4062	פּוּחַ	hebrew	to breathe
4461	4063	קַלָּסָה	hebrew	derision
4462	4064	קְבֻצָה	hebrew	gathering
4463	4065	הִתּוּךְ	hebrew	melting
4464	4066	גֹּ֫שֶׁם	hebrew	rain
4465	4067	עָשָׂה	hebrew	to press
4466	4068	דַּד	hebrew	breast
4467	4069	שְׁפוֹט	hebrew	judgment
4468	4070	עֲגָבָה	hebrew	lust
4469	4071	מִכְלוֹל	hebrew	perfection
4470	4072	חָגוֹר	hebrew	belted
4471	4073	טְבוּל	hebrew	turban
4472	4074	נָקַע	hebrew	be alienated
4473	4075	זִרְמָה	hebrew	discharge
4474	4076	הֹ֫צֶן	hebrew	weapon
4475	4077	קוֹבַע	hebrew	helmet
4476	4078	לַ֫עַג	hebrew	derision
4477	4079	מִרְבָּה	hebrew	much
4478	4080	גַּו	hebrew	the back
4479	4081	כָּחַל	hebrew	to paint
4480	4082	כָּבוֹד	hebrew	glorious
4481	4083	בָּלֶה	hebrew	old
4482	4084	דּוּר	hebrew	to dwell
4483	4085	רָתַח	hebrew	to boil
4484	4086	רֶ֫תַח	hebrew	boiling
4485	4087	חֶלְאָה	hebrew	rust
4486	4088	צְחִיחַ	hebrew	bare
4487	4089	מֶרְקָחָה	hebrew	ointment pot/seasoning
4488	4090	תְּאֻנִים	hebrew	toil
4489	4091	מַחְמָל	hebrew	compassion
4490	4092	הַשְׁמָעוּת	hebrew	report
4491	4093	מַרְבֵּץ	hebrew	resting
4492	4094	שְׁאָט	hebrew	scorn
4493	4095	סָחָה	hebrew	to scrape
4494	4096	מִשְׁטָח	hebrew	spreading-place
4495	4097	חֵ֫רֶם	hebrew	net
4496	4098	מְחִי	hebrew	blow
4497	4099	קְבֹל	hebrew	battering-ram
4498	4100	רְכֻלָּה	hebrew	merchandise
4499	4101	מַפֶּ֫לֶת	hebrew	carcass
4500	4102	חִתִּית	hebrew	terror
4501	4103	מְבוֹאָה	hebrew	entry
4502	4104	כָּלַל	hebrew	to perfect
4503	4105	מִשּׁוֹט	hebrew	oar
4504	1319	שֵׁן	hebrew	tooth: ivory
4505	4106	אֲשֻׁרִים	hebrew	pine
4506	4107	מִפְרָשׂ	hebrew	spreading
4507	4108	שׁוּט	hebrew	to row
4508	4109	חֹבֵל	hebrew	pilot
4509	4110	בֶּ֫דֶק	hebrew	breach
4510	4111	מַלָּח	hebrew	mariner
4511	4112	מַעֲרָב	hebrew	merchandise
4512	4113	הוֹן	hebrew	substance
4513	4114	עִזָּבוֹן	hebrew	ware
4514	4115	סְחֹרָה	hebrew	merchandise
4515	4116	הָבְנִי	hebrew	ebony
4516	4117	אֶשְׁכָּר	hebrew	gift
4517	4118	בּוּץ	hebrew	fine linen
4518	4119	רָאמוֹת	hebrew	coral
4519	4120	פַּנַּג	hebrew	cake
4520	4121	עָשׁוֹת	hebrew	smooth
4521	1179	קָנֶה	hebrew	branch: calamus
4522	4122	חֹ֫פֶשׁ	hebrew	spread
4523	4123	רִכְבָּה	hebrew	riding
4524	4124	מַכְלֻל	hebrew	perfection
4525	4125	גְּלוֹם	hebrew	garment
4526	4126	גְּנָזִים	hebrew	treasury
4527	4127	בְּרֹמִים	hebrew	rich apparel
4528	4128	אָרוּז	hebrew	reinforced
4529	4129	מַרְכֹּ֫לֶת	hebrew	market
4530	4130	מָשׁוֹט	hebrew	oar
4531	4131	נִי	hebrew	wailing
4532	4132	דֻּמָּה	hebrew	destroyed
4533	4133	שַׂ֫עַר	hebrew	shuddering
4534	4134	רָעַם	hebrew	to thunder
4535	4135	יִפְעָה	hebrew	splendor
4536	4136	תׇּכְנִית	hebrew	proportion
4537	4137	מְסֻכָֿה	hebrew	covering
4538	4138	בָּֽרְקַת	hebrew	gem
4539	4139	נֶ֫קֶב	hebrew	socket
4540	4140	מִמְשַׁח	hebrew	expanded
4541	4141	עָמַד	hebrew	to shake
4542	4142	הָהּ	hebrew	alas!
4543	4143	חִתּוּל	hebrew	bandage
4544	4144	נָאַק	hebrew	to groan
4545	4145	צָלַל	hebrew	to shade
4546	4146	סַרְעַפָּה	hebrew	bough
4547	4147	סְעַפָּה	hebrew	bough
4548	163	נָפַל	hebrew	to fall: fell(trees)
4549	4148	עֻלְפֶּה	hebrew	fainting
4550	683	שָׁכַב	hebrew	to lie down: be dead
4551	4149	תַּן	hebrew	dragon
4552	4150	גִּיחַ	hebrew	to burst/come out
4553	4151	דָּלַח	hebrew	to trouble
4554	4152	רָפַשׂ	hebrew	to foul
4555	4153	רָמוּת	hebrew	refuse
4556	4154	צָפָה	hebrew	discharge
4557	4155	נָהָה	hebrew	to wail
4558	4156	נָסִיךְ	hebrew	prince
4559	4157	חַד	hebrew	one
4560	4158	עָגָב	hebrew	lust
4561	4159	חׇזְקָה	hebrew	force
4562	4160	בַּקָּרָה	hebrew	seeking
4563	4161	מִשְׁקָע	hebrew	clarified
4564	4162	מַרְפֵּשׂ	hebrew	mud
4565	4163	בִּרְיָה	hebrew	fat
4566	4164	שִֽׁמְמָה	hebrew	desolation
4567	4165	נֶאָצָה	hebrew	contempt
4568	4166	עָתַר	hebrew	be abundant
4569	4167	שָׁאַף	hebrew	to crush
4570	4168	רִאשָׁה	hebrew	beginning
4571	4169	הַלֵּ֫זוּ	hebrew	this
4572	4170	קָרַם	hebrew	to cover
4573	4171	רֹאשׁ	hebrew	prince
4574	4172	פְּרָזָה	hebrew	village
4575	4173	טַבּוּר	hebrew	highest
4576	4174	מַדְרֵגָה	hebrew	steep
4577	4175	שִׁשֵּׁא	hebrew	to lead
4578	4176	מִבְנֶה	hebrew	structure
4579	4177	בִּנְיָן	hebrew	building
4580	1179	קָנֶה	hebrew	branch: measuring rod
4581	4178	תָּא	hebrew	chamber
4582	4179	אַ֫יִל	hebrew	pillar
4583	4180	אִיתוֹן	hebrew	entrance
4584	4181	אֵילָם	hebrew	arches
4585	4182	תִּמֹרָה	hebrew	palm
4586	4183	רִצְפָּה	hebrew	pavement
4587	4184	עֹלָה	hebrew	ascent
4588	4185	שְׁפַתַּ֫יִם	hebrew	hook
4589	4186	זֹה	hebrew	this
4590	2829	הֵיכָל	hebrew	temple: nave
4591	285	אֹ֫הֶל	hebrew	tent: home
4592	4187	מוּסָב	hebrew	surrounding
4593	4188	בֵּית	hebrew	place
4594	4189	בִּנְיָה	hebrew	building
4595	4190	אַתִּיק	hebrew	gallery
4596	4191	שָׁחִיף	hebrew	paneled
4597	4192	עָב	hebrew	threshold
4598	4193	מַהֲלָךְ	hebrew	journey
4599	4194	גֶּדֶר	hebrew	wall
4600	4195	הָגִין	hebrew	suitable
4601	4196	צוּרָה	hebrew	design
4602	4197	תְּכוּנָה	hebrew	fitting
4603	4198	מוֹבָא	hebrew	entrance
4604	4199	עֲזָרָה	hebrew	enclosure
4605	4200	הַרְאֵל	hebrew	altar
4606	4201	אֲרִאֵיל	hebrew	altar
4607	4202	מִפְקָד	hebrew	appointment
4608	4203	יֶ֫זַע	hebrew	sweat
4609	4204	כָּסַם	hebrew	to shear
4610	4205	גְרוּשָׁה	hebrew	eviction
4611	4206	מָנֶה	hebrew	mina
4612	4207	שִׁשָּׁה	hebrew	to give a sixth
4613	4208	כֹּר	hebrew	kor
4614	4209	פֶּ֫תִי	hebrew	simple
4615	4210	מַתַּת	hebrew	gift
4616	4211	רָסַס	hebrew	to moisten
4617	4212	קָטַר	hebrew	to enclose
4618	4213	קָצַע	hebrew	to corner
4619	4214	מְבַשְּׁלוֹת	hebrew	hearth
4620	1862	יְמָנִי	hebrew	right: south
4621	4215	פָּכָה	hebrew	to trickle
4622	4216	אֹ֫פֶס	hebrew	soles
4623	4217	שָׂחוּ	hebrew	swimming
4624	4218	גְלִילָה	hebrew	border
4625	4219	קַדְמוֹן	hebrew	eastern
4626	4220	דַּוָּג	hebrew	fisher
4627	4221	מִשְׁטוֹחַ	hebrew	spreading-place
4628	4222	בִּצָּה	hebrew	swamp
4629	4223	תְּרוּפָה	hebrew	healing
4630	4224	גֵּה	hebrew	this
4631	4225	תְּרוּמִיָּה	hebrew	contribution
4632	4226	מַחֲלֹ֫קֶת	hebrew	division
4633	4227	פַּרְתְּמִים	hebrew	noble
4634	4228	מאוּם	hebrew	blemish
4635	4229	מַדָּע	hebrew	knowledge
4636	4230	פַּת־בָּג	hebrew	choice
4637	130	שׂוּם	hebrew	to set: name
4638	4231	גִּיל	hebrew	youth
4639	4232	חוּב	hebrew	to endanger
4640	4233	זֵרֹעַ	hebrew	vegetable
4641	4234	זֵֽרְעֹן	hebrew	vegetable
4642	4235	אַשָּׁף	hebrew	enchanter
4643	4236	מֶ֫לֶךְ	aramaic	king
4644	4237	עָלַם	aramaic	perpetuity
4645	4238	חֲיָא	aramaic	to live
4646	4239	חֵ֫לֶם	aramaic	dream
4647	4240	עֲבַד	aramaic	servant/slave
4648	4241	פְּשַׁר	aramaic	interpretation
4649	4242	חֲוָה	aramaic	to show
4650	4243	עֲנָה	aramaic	to answer
4651	4244	מִלָּה	aramaic	word
4652	4245	אַזְדָּא	aramaic	gone
4653	4246	הֵן	aramaic	if
4654	4247	יְדַע	aramaic	to know
4655	4248	הַדָּם	aramaic	piece
4656	4249	בַּ֫יִת	aramaic	house
4657	4250	נְוָלוּ	aramaic	dunghill
4658	4251	שׂוּם	aramaic	to set: put/give
4659	4252	מַתְּנָא	aramaic	gift
4660	4253	נְבִזְבָּה	aramaic	reward
4661	4254	יְקָר	aramaic	honor
4662	4255	שַׂגִּיא	aramaic	greatly
4663	4256	קַבֵּל	aramaic	to receive
4664	4257	קֳדָם	aramaic	before
4665	4258	לָהֵן	aramaic	therefore
4666	4259	תִּנְיָנוּת	aramaic	second time
4667	4260	יַצִּיב	aramaic	certain
4668	4261	אֲנָה	aramaic	me
4669	4262	עִדָּן	aramaic	time
4670	4263	אַנְתּוּן	aramaic	you
4671	4264	זְבַן	aramaic	to buy
4672	4265	/ל	hebrew	to/for
4673	4266	קֳבֵל	aramaic	before: because
4674	4267	חֲזָה	aramaic	to see
4675	4268	חַד	aramaic	one
4676	4269	הוּא	aramaic	he/she/it
4677	4270	דָּת	aramaic	law
4678	4271	כְּדַב	aramaic	false
4679	4272	שְׁחַת	aramaic	to corrupt
4680	4273	זְמַן	aramaic	to agree
4681	4274	עַד	aramaic	till
4682	4275	שְׁנָא	aramaic	to change
4683	4276	אִיתַי	aramaic	there is
4684	4277	אֱנָשׁ	aramaic	man
4685	4278	עַל	aramaic	since
4686	4279	יַבֶּ֫שֶׁת	aramaic	earth
4687	4280	יְכִל	aramaic	be able
4688	4281	כֹּל	aramaic	all
4689	4282	רַב	aramaic	great
4690	4283	שַׁלִּיט	aramaic	ruling
4691	4284	שְׁאֵל	aramaic	to ask
4692	4285	חַרְטֹם	aramaic	magician
4693	4286	אָשַׁף	aramaic	enchanter
4694	4287	יַקִּיר	aramaic	honorable
4695	4288	אׇחֳרָן	aramaic	another
4696	4289	לָהֵן	aramaic	except
4697	4290	מְדָר	aramaic	dwelling
4698	4291	עִם	aramaic	with
4699	4292	בְּשַׁר	aramaic	flesh
4700	4293	בְּנַס	aramaic	be angry
4701	4294	קְצַף	aramaic	be angry
4702	4295	חַכִּים	aramaic	wise
4703	4296	נְפַק	aramaic	to go out
4704	4297	קְטַל	aramaic	to slay
4705	4298	בְּעָא	aramaic	to ask
4706	4299	חֲבַר	aramaic	fellow
4707	4300	אֱדַ֫יִן	aramaic	then
4708	4301	תּוּב	aramaic	to return: reply
4709	4302	עֵטָא	aramaic	counsel
4710	4303	טְעֵם	aramaic	command
4711	4304	טַבָּח	aramaic	guardsman
4712	4305	מָה	aramaic	what?
4713	4306	חֲצַף	aramaic	be hasty
4714	4307	עֲלַל	aramaic	to come
4715	4308	זְמַן	aramaic	time
4716	4309	נְתַן	aramaic	to give: put
4717	4310	אֲזַל	aramaic	to go
4718	4311	רַחֲמִין	aramaic	compassion
4719	4312	רָז	aramaic	mystery
4720	4313	שְׁאָר	aramaic	remainder
4721	4314	חֱזוּ	aramaic	vision
4722	4315	לֵילָא	aramaic	night
4723	4316	גְּלָא	aramaic	to reveal
4724	4317	בְּרַךְ	aramaic	to bless
4725	4318	הֲוָא	aramaic	to be
4726	4319	שֻׁם	aramaic	name
4727	4320	חׇכְמָה	aramaic	wisdom
4728	4321	גְּבוּרָה	aramaic	might
4729	4322	עֲדָה	aramaic	to pass on/over/away
4730	4323	קוּם	aramaic	to stand: establish
4731	4324	יְהַב	aramaic	to give
4732	4325	מַנְדַּע	aramaic	knowledge
4733	4326	בִּינָה	aramaic	understanding
4734	4327	עֲמִיק	aramaic	deep
4735	4328	סְתַר	aramaic	to hide
4736	4329	חֲשׁוֹךְ	aramaic	darkness
4737	4330	נְהִיר	aramaic	light
4738	4331	שְׁרָא	aramaic	to loose
4739	4332	אַב	aramaic	father
4740	4333	יְדָא	aramaic	to praise
4741	4334	שְׁבַח	aramaic	to praise
4742	4335	כְּעַן	aramaic	now
4743	4336	מְנָה	aramaic	to reckon/appoint
4744	4337	כֵּן	aramaic	thus
4745	4338	אַל	aramaic	not
4746	4339	בְּהַל	aramaic	to dismay
4747	4340	שְׁכַח	aramaic	to find
4748	4341	גְּבַר	aramaic	man
4749	4342	גָּלוּ	aramaic	captivity
4750	4343	כְּהַל	aramaic	be able
4751	4344	גְּזַר	aramaic	to determine
4752	4345	בְּרַם	aramaic	nevertheless
4753	4346	אַחֲרִית	aramaic	latter
4754	4347	יוֹם	aramaic	day
4755	4348	רֵאשׁ	aramaic	head
4756	4349	מִשְׁכַּב	aramaic	bed
4757	4350	אַנְתָּה	aramaic	you
4758	4351	רַעְיוֹן	aramaic	thought
4759	4352	סְלֵק	aramaic	to ascend
4760	4353	אַחַר	aramaic	after
4761	4354	חַי	aramaic	living
4762	4355	דִּבְרָה	aramaic	cause
4763	4356	לְבַב	aramaic	heart
4764	4357	אֲלוּ	aramaic	behold
4765	4358	צְלֵם	aramaic	image
4766	4359	דִּכֵּן	aramaic	this
4767	4360	זִיו	aramaic	splendor
4768	4361	יַתִּיר	aramaic	preeminent
4769	4266	קֳבֵל	aramaic	before
4770	4362	רֵו	aramaic	appearance
4771	4363	דְּחַל	aramaic	to fear
4772	4364	דְּהַב	aramaic	gold
4773	4365	טָב	aramaic	fine
4774	4366	חֲדִי	aramaic	breast
4775	4367	דְּרַע	aramaic	arm
4776	4368	כְּסַף	aramaic	silver
4777	4369	מְעָא	aramaic	belly
4778	4370	יַרְכָא	aramaic	thigh
4779	4371	נְחָשׁ	aramaic	bronze
4780	4372	שָׁק	aramaic	leg
4781	4373	פַּרְזֶל	aramaic	iron
4782	4374	רְגַל	aramaic	foot
4783	4375	חֲסַף	aramaic	clay
4784	4376	אֶ֫בֶן	aramaic	stone
4785	4377	יַד	aramaic	hand
4786	4378	מְחָא	aramaic	to smite
4787	4379	דְּקַק	aramaic	to break up
4788	4380	הִמּוֹ	aramaic	they
4789	4381	עוּר	aramaic	chaff
4790	4382	אִדַּר	aramaic	threshing floor
4791	4383	קַ֫יִט	aramaic	summer
4792	4384	נְשָׂא	aramaic	to lift
4793	4385	רוּחַ	aramaic	spirit
4794	4386	אֲתַר	aramaic	place
4795	4387	טוּר	aramaic	mountain
4796	4388	מְלָא	aramaic	to fill
4797	4389	מַלְכוּ	aramaic	kingdom
4798	4390	חֵ֫סֶן	aramaic	authority
4799	4391	תְּקֹף	aramaic	might
4800	4392	דּוּר	aramaic	to dwell
4801	4393	חֵיוָא	aramaic	beast
4802	4394	בַּר	aramaic	field
4803	4395	עוֹף	aramaic	bird
4804	4396	שְׁלֵט	aramaic	to rule
4805	4323	קוּם	aramaic	to stand: rise
4806	4397	אׇחֳרִי	aramaic	another
4807	3691	אֲרַע	aramaic	earth: inferior
4808	4398	תְּלִיתַי	aramaic	third
4809	4399	רְבִיעִי	aramaic	fourth
4810	4400	תַּקִּיף	aramaic	strong
4811	4401	חֲשַׁל	aramaic	to shatter
4812	4402	רְעַע	aramaic	to break
4813	4403	אִלֵּין	aramaic	these
4814	4404	אֶצְבַּע	aramaic	digit
4815	4405	פֶּחָר	aramaic	potter
4816	4406	פְּלַג	aramaic	to divide
4817	4407	נִצְבָּה	aramaic	firmness
4818	4408	עֲרַב	aramaic	to mix
4819	4409	טִין	aramaic	common
4820	4410	קְצָת	aramaic	end
4821	4411	תְּבַר	aramaic	to break
4822	4412	זְרַע	aramaic	seed
4823	4413	דְּבֵק	aramaic	to cleave
4824	4414	הֵא	aramaic	behold!
4825	4415	אִנּוּן	aramaic	they
4826	4416	חֲבַל	aramaic	to destroy
4827	4417	עַם	aramaic	people
4828	4418	שְׁבַק	aramaic	to be left
4829	4419	סוּף	aramaic	be fulfilled
4830	4420	אֲמַן	aramaic	to trust
4831	4421	נְפַל	aramaic	to fall
4832	4422	אֲנַף	aramaic	face
4833	4423	סְגִ֑ד	aramaic	to do homage
4834	4424	מִנְחָה	aramaic	offering
4835	4425	נִיחוֹחַ	aramaic	soothing
4836	4426	נְסַךְ	aramaic	to pour
4837	4427	קְשֹׁט	aramaic	truth
4838	4428	מָרֵא	aramaic	lord
4839	4429	רְבָה	aramaic	to grow great
4840	4430	רַבְרַב	aramaic	great
4841	4431	מְדִינָה	aramaic	province
4842	4432	סְגַן	aramaic	prefect
4843	4433	עֲבִידָה	aramaic	service
4844	4434	תְּרַע	aramaic	door
4845	4435	רוּם	aramaic	height
4846	4436	אַמָּה	aramaic	cubit
4847	4437	שִׁתִּין	aramaic	sixty
4848	4438	פְּתָי	aramaic	breadth
4849	4439	שֵׁת	aramaic	six
4850	4440	בִּקְעָא	aramaic	plain
4851	4441	שְׁלַח	aramaic	to send
4852	4442	כְּנַשׁ	aramaic	to gather
4853	4443	אֲחַשְׁדַּרְפְּנִין	aramaic	satrap
4854	4444	פֶּחָה	aramaic	governor
4855	4445	אֲדַרְגָּזֵר	aramaic	judge
4856	4446	גְּדָֽבְרַיָּא	aramaic	treasurer
4857	4447	דְּתָבָר	aramaic	judge
4858	4448	תִּפְתָּיֵא	aramaic	magistrate
4859	4449	שִׁלְטוֹן	aramaic	governor
4860	4450	אֲתָה	aramaic	to come
4861	4451	חֲנֻכָּה	aramaic	dedication
4862	4452	כָּרוֹז	aramaic	proclaimer
4863	4453	קְרָא	aramaic	to read
4864	4454	חַ֫יִל	aramaic	strength
4865	4455	אֻמָּה	aramaic	people
4866	4456	לִשָּׁן	aramaic	tongue
4867	4457	שְׁמַע	aramaic	to hear
4868	4458	קָל	aramaic	voice: sound
4869	4459	קֶ֫רֶן	aramaic	horn
4870	4460	מַשְׁרוֹקִי	aramaic	flute
4871	4461	קַתָרֹס	aramaic	lyre
4872	4462	שַׂבְּכָא	aramaic	trigon
4873	4463	פְּסַנְטֵרִין	aramaic	psaltery
4874	4464	סוּמְפּוֹנְיָה	aramaic	bagpipe
4875	4465	זַן	aramaic	kind
4876	4466	זְמָר	aramaic	music
4877	4467	מָן	aramaic	who?
4878	4468	שָׁעָה	aramaic	moment
4879	4469	רְמָא	aramaic	to cast
4880	4470	גַּו	aramaic	midst
4881	4471	אַתּוּן	aramaic	furnace
4882	4472	נוּר	aramaic	fire
4883	4473	יְקַד	aramaic	to burn
4884	4474	קְרֵב	aramaic	to approach
4885	4475	אֲכַל	aramaic	to devour
4886	4476	קְרַץ	aramaic	charges
4887	4251	שׂוּם	aramaic	to set: make
4888	4477	יָת	aramaic	whom
4889	4478	אִלֵּךְ	aramaic	these
4890	4479	פְּלַח	aramaic	to serve
4891	4480	רְגַז	aramaic	rage
4892	4481	חֱמָא	aramaic	rage
4893	4482	צְדָא	aramaic	intended
4894	4483	עֲתִיד	aramaic	ready
4895	4484	שֵׁיזִב	aramaic	to rescue
4896	4485	חֲשַׁח	aramaic	to need
4897	4486	אֲנַ֫חְנָא	aramaic	we
4898	4487	פִּתְגָם	aramaic	edict
4899	4488	אֲזָא	aramaic	to heat
4900	4489	שִׁבְעָה	aramaic	seven
4901	4490	גִּבָּר	aramaic	mighty
4902	4491	כְּפַת	aramaic	to bind
4903	4492	סַרְבָּל	aramaic	mantle
4904	4493	פְּטַשׁ	aramaic	legging
4905	4494	כַּרְבְּלָא	aramaic	helmet
4906	4495	לְבוּשׁ	aramaic	garment
4907	4496	נְסַק	aramaic	to take up
4908	4497	שְׂבִיב	aramaic	flame
4909	4498	תְּלָת	aramaic	three
4910	4499	תְּוַהּ	aramaic	be startled
4911	4500	הַדָּבָר	aramaic	counselor
4912	4501	הָא	aramaic	behold
4913	4502	אַרְבַּע	aramaic	four
4914	4503	הֲלַךְ	aramaic	to go
4915	4504	חֲבָל	aramaic	harm
4916	4505	דְּמָה	aramaic	be like
4917	4506	גְּשֵׁם	aramaic	body
4918	4507	שְׂעַר	aramaic	hair
4919	4508	חֲרַךְ	aramaic	to singe
4920	4509	רֵיחַ	aramaic	smell
4921	4510	מַלְאַךְ	aramaic	angel
4922	4511	רְחַץ	aramaic	to trust
4923	4512	שָׁלוּ	aramaic	neglect
4924	4513	שְׁוָה	aramaic	be set
4925	4514	נְצַל	aramaic	to rescue
4926	4515	צְלַח	aramaic	to prosper
4927	4516	שְׁלָם	aramaic	peace
4928	4517	שְׂגָא	aramaic	to grow great
4929	4518	אָת	aramaic	sign
4930	4519	תְּמַהּ	aramaic	wonder
4931	4520	שְׁפַר	aramaic	to acceptable
4932	4521	שׇׁלְטָן	aramaic	dominion
4933	4522	דָּר	aramaic	generation
4934	4523	שְׁלֵה	aramaic	be safe
4935	4524	רַעֲנַן	aramaic	luxuriant
4936	4525	הֵיכַל	aramaic	temple: palace
4937	4526	הַרְהֹר	aramaic	fantasies
4938	4527	אׇחֳרֵין	aramaic	finally
4939	4528	קַדִּישׁ	aramaic	holy
4940	4529	אֲנַס	aramaic	to constrain
4941	4530	אִילָן	aramaic	tree
4942	4531	תְּקֵף	aramaic	to grow strong
4943	4532	מְטָא	aramaic	to reach
4944	4533	חֲזוֹת	aramaic	visibility
4945	4534	סוֹף	aramaic	end
4946	4535	עֳפִי	aramaic	foliage
4947	4536	שַׁפִּיר	aramaic	fair
4948	4537	אֵב	aramaic	fruit
4949	4538	מָזוֹן	aramaic	food
4950	4539	טְלַל	aramaic	to have shade
4951	4540	עֲנַף	aramaic	bough
4952	4541	צְפַר	aramaic	bird
4953	4542	זוּן	aramaic	to feed
4954	4543	עִיר	aramaic	watcher
4955	4544	נְחֵת	aramaic	to descend
4956	4545	גְּדַד	aramaic	to chop
4957	4546	קְצַץ	aramaic	to cut
4958	4547	נְתַר	aramaic	to strip
4959	4548	בְּדַר	aramaic	to scatter
4960	4549	נוּד	aramaic	to flee
4961	4550	עִקַּר	aramaic	root
4962	4551	שֹׁ֫רֶשׁ	aramaic	root
4963	3691	אֲרַע	aramaic	earth: soil
4964	4552	אֱסוּר	aramaic	bond
4965	4553	דֶּ֫תֶא	aramaic	grass
4966	4554	טַל	aramaic	dew
4967	4555	צְבַע	aramaic	to drench
4968	4556	חֲלָק	aramaic	portion
4969	4557	עֲשַׂב	aramaic	grass
4970	4558	חֲלַף	aramaic	to pass
4971	4559	גְּזֵרָה	aramaic	decree
4972	4560	מֵאמַר	aramaic	command
4973	4561	שְׁאֵלָא	aramaic	affair
4974	4562	צְבָא	aramaic	to will
4975	4309	נְתַן	aramaic	to give: give
4976	4563	שְׁפַל	aramaic	low
4977	4564	שְׁמַם	aramaic	be appalled
4978	4565	שְׂנָא	aramaic	to hate
4979	4566	עָר	aramaic	foe
4980	4567	שְׁכֵן	aramaic	to dwell
4981	4568	רְבוּ	aramaic	greatness
4982	4569	טְרַד	aramaic	to chase away
4983	4570	מְדוֹר	aramaic	dwelling
4984	4571	תּוֹר	aramaic	bullock
4985	4572	טְעֵם	aramaic	to feed
4986	4573	קַיָּם	aramaic	enduring
4987	4574	מְלֵךְ	aramaic	counsel
4988	4575	חֲטָי	aramaic	sin
4989	4576	צִדְקָה	aramaic	righteousness
4990	4577	פְּרַק	aramaic	to break
4991	4578	עֲוָיָה	aramaic	iniquity
4992	4579	חֲנַן	aramaic	be gracious
4993	4580	עֲנָי	aramaic	to afflict
4994	4581	אַרְכָֿא	aramaic	lengthening
4995	4582	שְׁלֵוָה	aramaic	ease
4996	4583	יְרַח	aramaic	month
4997	4584	תְּרֵין	aramaic	two
4998	4585	עֲשַׂר	aramaic	ten
4999	4586	דָּא	aramaic	this
5000	4587	בְּנָה	aramaic	to build
5001	4588	תְּקָף	aramaic	might
5002	4589	הֲדַר	aramaic	honor
5003	4590	עוֹד	aramaic	still
5004	4591	פֻּם	aramaic	mouth
5005	4458	קָל	aramaic	voice
5006	4592	נְשַׁר	aramaic	eagle
5007	4593	טְפַר	aramaic	nail/claw
5008	4594	עַ֫יִן	aramaic	eye
5009	4595	נְטַל	aramaic	to lift
5010	4301	תּוּב	aramaic	to return: return
5011	4596	הֲדַר	aramaic	to honor
5012	4597	חֲשַׁב	aramaic	to account
5013	4598	רַבְרְבָן	aramaic	noble
5014	4599	תְּקַן	aramaic	to confirm
5015	4600	יְסַף	aramaic	to add
5016	4601	רוּם	aramaic	to rise
5017	4602	מַעֲבַד	aramaic	work
5018	4603	אֹ֫רַח	aramaic	way
5019	4604	דִּין	aramaic	judgment
5020	4605	גֵּוָה	aramaic	pride
5021	4606	שְׁפֵל	aramaic	be low
5022	4607	לְחֵם	aramaic	feast
5023	4608	אֲלַ֑ף	aramaic	thousand
5024	4609	חֲמַר	aramaic	wine
5025	4610	שְׁתָה	aramaic	to drink
5026	4611	מָאן	aramaic	utensil
5027	4525	הֵיכַל	aramaic	temple
5028	4612	שֵׁגָל	aramaic	consort
5029	4613	לְחֵנָה	aramaic	concubine
5030	4614	אָע	aramaic	wood
5031	4615	כְּתַב	aramaic	to write
5032	4616	נֶבְרַשְׁתָּא	aramaic	lampstand
5033	4617	גִּיר	aramaic	plaster
5034	4618	כְּתַל	aramaic	wall
5035	4619	פַּס	aramaic	palm
5036	4620	קְטַר	aramaic	joint
5037	4621	חֲרַץ	aramaic	loin
5038	4622	אַרְכֻבָּה	aramaic	knee
5039	4623	נְקַשׁ	aramaic	to knock
5040	4624	כְּתָב	aramaic	inscription
5041	4625	אַרְגְּוָן	aramaic	purple
5042	4626	לְבֵשׁ	aramaic	to clothe
5043	4627	הַמְנִיכָא	aramaic	chain
5044	4628	צַוַּאר	aramaic	neck
5045	4629	תַּלְתִּי	aramaic	third
5046	4630	שְׁבַשׁ	aramaic	be perplexed
5047	4631	מַלְכָּה	aramaic	queen
5048	4632	מִשְׁתֶּה	aramaic	feast
5049	4633	נְהִירוּ	aramaic	illumination
5050	4634	שׇׂכְלְתָנוּ	aramaic	insight
5051	4635	פְּשַׁר	aramaic	to interpret
5052	4636	אַחֲוָיָה	aramaic	explanation
5053	4637	אֲחִידָה	aramaic	riddle
5054	4638	תְּלַת	aramaic	third
5055	4639	זוּעַ	aramaic	to tremble
5056	4640	זוּד	aramaic	be proud
5057	4641	כׇּרְסֵא	aramaic	throne
5058	4642	שְׁוָה	aramaic	be like
5059	4643	עֲרָד	aramaic	wild donkey
5060	4644	נִשְׁמָא	aramaic	breath
5061	4645	רְשַׁם	aramaic	to sign
5062	4646	מְנֵא	aramaic	mina
5063	4647	תְּקֵל	aramaic	shekel
5064	4648	פְּרֵס	aramaic	half
5065	4649	שְׁלֵם	aramaic	be complete
5066	4650	תְּקַל	aramaic	to weigh
5067	4651	מֹאזֵנְיָא	aramaic	scale
5068	4652	חַסִּר	aramaic	lacking
5069	4653	פְּרַס	aramaic	to divide
5070	4654	כְּרַז	aramaic	to proclaim
5071	4655	שְׁנָה	aramaic	year
5072	4656	מְאָה	aramaic	hundred
5073	4657	עֶשְׂרִין	aramaic	twenty
5074	4658	עֵ֫לָּא	aramaic	above
5075	4659	סָרֵךְ	aramaic	chief
5076	4660	טְעֵם	aramaic	account
5077	4661	נְזַק	aramaic	to suffer injury
5078	4662	נְצַח	aramaic	to distinguish oneself
5079	4663	עֲשִׁת	aramaic	to plan
5080	4664	עִלָּה	aramaic	pretext
5081	4665	צַד	aramaic	side
5082	4666	רְגַשׁ	aramaic	to throng
5083	4667	יְעַט	aramaic	to counsel
5084	4668	קְיָם	aramaic	statute
5085	4669	אֱסָר	aramaic	injunction
5086	4670	בָּעוּ	aramaic	petition
5087	4671	תְּלָתִין	aramaic	thirty
5088	4672	גֹּב	aramaic	den
5089	4673	אַרְיֵה	aramaic	lion
5090	4674	כַּוָּה	aramaic	window
5091	4675	פְּתַח	aramaic	to open
5092	4676	עֲלִי	aramaic	roof
5093	4677	נֶ֫גֶד	aramaic	before
5094	4678	בְּרַךְ	aramaic	knee
5095	4679	צְלָא	aramaic	to pray
5096	4680	קַדְמָה	aramaic	previously
5097	4681	בְּאֵשׁ	aramaic	be displeased
5098	4682	בָּל	aramaic	mind
5099	4683	מֶעָל	aramaic	going down
5100	4684	שְׁמַשׁ	aramaic	sun
5101	4685	שְׁדַר	aramaic	to strive
5102	4686	תְּדִירָא	aramaic	continuance
5103	4687	חֲתַם	aramaic	to seal
5104	4688	עִזְקָה	aramaic	signet ring
5105	4689	צְבוּ	aramaic	thing
5106	4690	בִּית	aramaic	to lodge
5107	4691	טְוָת	aramaic	fasting
5108	4692	דַּחֲוָה	aramaic	diversion
5109	4693	שְׁנָה	aramaic	sleep
5110	4694	נְדַד	aramaic	to flee
5111	4695	שְׁפַרְפָּר	aramaic	dawn
5112	4696	נֹ֫גַהּ	aramaic	daylight
5113	4697	עֲצַב	aramaic	to pain
5114	4698	זְעִ֑ק	aramaic	to cry out
5115	4699	מְלַל	aramaic	to speak
5116	4700	סְגַר	aramaic	to shut
5117	4701	זָכוּ	aramaic	innocence
5118	4702	אַף	aramaic	also
5119	4703	חֲבוּלָא	aramaic	crime
5120	4704	טְאֵב	aramaic	be good
5121	4705	נְשִׁין	aramaic	woman
5122	4706	אַרְעִי	aramaic	bottom
5123	4707	גְּרַם	aramaic	bone
5124	4708	אֲרוּ	aramaic	behold!
5125	4709	גִּיחַ	aramaic	to strive
5126	4710	יַם	aramaic	sea
5127	4711	קַדְמַי	aramaic	first
5128	4712	גַּף	aramaic	wing
5129	4713	מְרַט	aramaic	to pluck
5130	4714	תִּנְיָן	aramaic	second
5131	4715	דֹּב	aramaic	bear
5132	4716	שְׂטַר	aramaic	side
5133	4323	קוּם	aramaic	to stand: raise
5134	4717	עֲלַע	aramaic	rib
5135	4718	בֵּין	aramaic	between
5136	4719	שֵׁן	aramaic	tooth
5137	4720	נְמַר	aramaic	leopard
5138	4721	גַּב	aramaic	back
5139	4722	אֵימְתָן	aramaic	terrible
5140	4723	רְפַס	aramaic	to tread
5141	4724	שְׂכַל	aramaic	to contemplate
5142	4725	זְעֵיר	aramaic	little
5143	4726	עֲקַר	aramaic	be uprooted
5144	4727	עַתִּיק	aramaic	ancient
5145	4728	יְתִב	aramaic	to dwell
5146	4729	תְּלַג	aramaic	snow
5147	4730	חִוָּר	aramaic	white
5148	4731	עֲמַר	aramaic	wool
5149	4732	נְקֵא	aramaic	pure
5150	4733	גַּלְגַּל	aramaic	wheel
5151	4734	דְּלַק	aramaic	to burn
5152	4735	נְהַר	aramaic	river
5153	4736	נְגַד	aramaic	to flow
5154	4737	שְׁמַשׁ	aramaic	to minister
5155	4738	רִבּוֹ	aramaic	myriad
5156	4739	סְפַר	aramaic	scroll
5157	4740	יְקֵדָא	aramaic	burning
5158	4741	אֶשָּׁא	aramaic	fire
5159	4742	עֲנָן	aramaic	cloud
5160	4743	כְּרָא	aramaic	be distressed
5161	4744	נִדְנֵ֑ה	aramaic	sheath
5162	4745	אִנִּין	aramaic	they(fem.)
5163	4746	חֲסַן	aramaic	to possess
5164	4747	יְצַב	aramaic	to know
5165	4748	חַבְרָה	aramaic	associate
5166	4749	קְרָב	aramaic	war
5167	4750	דּוּשׁ	aramaic	to tread
5168	4751	בְּלָא	aramaic	to wear out
5169	4752	סְבַר	aramaic	to intend
5170	4753	פְּלַג	aramaic	half
5171	4754	שְׁמַד	aramaic	to destroy
5172	4755	כָּה	aramaic	thus
5173	4756	לֵב	aramaic	heart
5174	4757	נְטַר	aramaic	to keep
5175	4758	בִּירָה	hebrew	palace
5176	4759	אוּבַל	hebrew	river
5177	4760	צָפִיר	hebrew	male goat
5178	4761	פַּלְמוֹנִי	hebrew	certain
5179	4762	הַלָּז	hebrew	this
5180	4763	עֹ֫מֶד	hebrew	post
5181	4764	רָדַם	hebrew	to sleep
5182	4765	שֵׂ֫כֶל	hebrew	understanding
5183	4766	סְלִיחָה	hebrew	forgiveness
5184	4767	יְעָף	hebrew	weariness
5185	944	שָׁבוּעַ	hebrew	week
5186	4768	חָתַךְ	hebrew	to determine
5187	4769	חָרוּץ	hebrew	trench
5188	4770	צוֹק	hebrew	distress
5189	4771	שֶׁ֫טֶף	hebrew	flood
5190	4772	מַרְגְּלוֹת	hebrew	feet
5191	4773	רָעַד	hebrew	to tremble
5192	407	רִאשׁוֹן	hebrew	first: chief
5193	4774	הֵיךְ	hebrew	how?
5194	4775	רָשַׁם	hebrew	to inscribe
5195	4776	מִמְשָׁל	hebrew	dominion
5196	4777	מֹ֫שֶׁל	hebrew	dominion
5197	4778	רִבּוֹ	hebrew	ten thousand
5198	4779	עָזַז	hebrew	be strong
5199	4780	תֹּ֫קֶף	hebrew	power
5200	4781	הֶ֫דֶר	hebrew	glory
5201	4782	בִּזָּה	hebrew	plunder
5202	4783	בָּזַר	hebrew	to scatter
5203	4784	מֵרַע	hebrew	mischief
5204	4785	חֲלַקָּה	hebrew	flattery
5205	700	חָזַק	hebrew	to strengthen: persevere
5206	4786	חֲמוּדָה	hebrew	precious thing
5207	4787	שָׂעַר	hebrew	to storm
5208	4788	מִכְמָן	hebrew	hidden
5209	4789	מִצְעָד	hebrew	step
5210	4790	אַפֶּ֫דֶן	hebrew	palace
5211	4791	יָשֵׁן	hebrew	sleeping
5212	4792	זָהַר	hebrew	to shine
5213	4793	נַאֲפוּף	hebrew	adultery
5214	4794	שִׁקּוּי	hebrew	drink
5215	4795	שׂוּךְ	hebrew	to hedge
5216	4796	נַבְלוּת	hebrew	lewdness
5217	4797	אֶתְנָה	hebrew	wages
5218	4798	חֶלְיָה	hebrew	jewelry
5219	4799	לֶ֫תֶךְ	hebrew	lethek
5220	4800	אָלָה	hebrew	to swear
5221	4801	לָבַט	hebrew	to ruin
5222	4802	מֶרְחָב	hebrew	broad
5223	4803	שַׁחֲטָה	hebrew	slaughtering
5224	4804	שֵׂט	hebrew	rebellion
5225	4805	רָקָב	hebrew	rottenness
5226	4806	גָּהָה	hebrew	to cure
5227	4807	שַׁ֫חַל	hebrew	lion
5228	4808	כַּ֫חַשׁ	hebrew	lie
5229	4809	עַל	hebrew	height
5230	4810	רְמִיָּה	hebrew	deceit
5231	4811	זוֹ	hebrew	this
5232	4812	שׂוּר	hebrew	to reign
5233	4813	שְׁבָבִים	hebrew	fragment
5234	4814	תָּנָה	hebrew	to hire
5235	4815	אַ֫הַב	hebrew	lover
5236	4816	הַבְהָב	hebrew	gift
5237	4817	מַשְׂטֵמָה	hebrew	hatred
5238	4818	יָקוֹשׁ	hebrew	fowler
5239	4819	צָמַק	hebrew	to shrivel
5240	4820	בָּקַק	hebrew	be luxuriant
5241	4821	תֶּ֫לֶם	hebrew	furrow
5242	4822	כֹּ֫מֶר	hebrew	pagan priest
5243	257	מִנְחָה	hebrew	offering: tribute
5244	4823	בׇּשְׁנָה	hebrew	shame
5245	4824	קֶ֫צֶף	hebrew	splinter
5246	4825	עַלְוָה	hebrew	iniquity
5247	4826	תִּרְגַּל	hebrew	to teach
5248	4827	רְתֵת	hebrew	trembling
5249	4828	תַּלְאֻבָה	hebrew	drought
5250	4829	סְגוֹר	hebrew	enclosure
5251	4830	אֱהִי	hebrew	where?
5252	4831	קֹטֶב	hebrew	destruction
5253	4832	נֹ֫חַם	hebrew	repentance
5254	4833	פָּרָא	hebrew	be fruitful
5255	4834	הָרִיָּה	hebrew	pregnant
5256	4835	שׁוּשַׁן	hebrew	lily
5257	4836	גָּזָם	hebrew	locust
5258	4837	מְתַלְּעוֹת	hebrew	jaw
5259	4838	קְצָפָה	hebrew	splinter
5260	4839	אָלָה	hebrew	to wail
5261	4840	תַּפּוּחַ	hebrew	apple
5262	4841	עָבַשׁ	hebrew	to shrivel
5263	4842	פְּרֻדָה	hebrew	grain
5264	4843	מֶגְרָפָה	hebrew	clod
5265	4844	מַמְּגֻרוֹת	hebrew	granary
5266	4845	עָרַג	hebrew	to long for
5267	4846	פָּארוּר	hebrew	pale
5268	4847	דָּחַק	hebrew	to crowd
5269	4848	שֶׁ֫לַח	hebrew	missile
5270	4849	צְפוֹנִי	hebrew	northern
5271	4850	סוֹף	hebrew	end
5272	4851	צַחֲנָה	hebrew	stench
5273	4852	שׁוּק	hebrew	to overflow
5274	4853	תִּימָרָה	hebrew	column
5275	4854	יָדַד	hebrew	to cast a lot
5276	4855	חַלָּשׁ	hebrew	weak
5277	4856	עוּשׁ	hebrew	to help
5278	4857	חָרוּץ	hebrew	decision
5279	4858	נָקִיא	hebrew	innocent
5280	4859	נֹקֵד	hebrew	shepherd
5281	4860	עוּק	hebrew	to totter
5282	4861	עָשׁוּקִים	hebrew	oppression
5283	4862	בָּדָל	hebrew	piece
5284	4863	דְּמֶשֶׁק	hebrew	silk
5285	4864	צִנָּה	hebrew	hook
5286	4865	דּוּגָה	hebrew	fishhook
5287	4866	קֵהָיוֹן	hebrew	bluntness
5288	4867	שֵׂחַ	hebrew	thought
5289	4868	עֵיפָה	hebrew	darkness
5290	4869	צָלַח	hebrew	to rush
5291	4870	בָּלַג	hebrew	be cheerful
5292	4871	בָּשַׁס	hebrew	to trample
5293	4872	הוֹ	hebrew	Ah!
5294	4873	אָפֵל	hebrew	gloom
5295	4874	פָּרַט	hebrew	to divide
5296	4875	מִרְזַח	hebrew	banquet
5297	4876	תָּאַב	hebrew	to loathe
5298	4877	סָרַף	hebrew	to burn
5299	4878	רָסִיס	hebrew	fragment
5300	4879	גֹּבַי	hebrew	locust
5301	4880	לֶ֫קֶשׁ	hebrew	spring crop
5302	4881	אֲנָךְ	hebrew	plumbline
5303	4882	בּוֹקֵר	hebrew	herdsman
5304	4883	בָּלַס	hebrew	to gather/tend figs
5305	4884	מַפָּל	hebrew	refuse
5306	4885	כְּבָרָה	hebrew	sieve
5307	4886	צְרוֹר	hebrew	pebble
5308	4887	הֲרִיסָה	hebrew	ruins
5309	4888	מַצְפּוֹן	hebrew	treasure
5310	4889	מָזוֹר	hebrew	net
5311	4890	קֶ֫טֶל	hebrew	slaughter
5312	4891	נֶ֫כֶר	hebrew	misfortune
5313	4892	פֶּ֫רֶק	hebrew	plunder
5314	4893	לוּעַ	hebrew	to swallow
5315	4894	סְפִינָה	hebrew	ship
5316	4895	עָשַׁת	hebrew	to think
5317	4896	שָׁתַק	hebrew	be quiet
5318	4897	מִשְׁבָּר	hebrew	wave
5319	4898	אָפַף	hebrew	to surround
5320	4899	קֶ֫צֶב	hebrew	shape
5321	4900	קְרִיאָה	hebrew	proclamation
5322	4901	טָעַם	hebrew	to perceive
5323	84	אֲדָמָה	hebrew	land: country
5324	4902	קִיקָיוֹן	hebrew	plant
5325	4903	חֲרִישִׁי	hebrew	scorching
5326	4904	עָמַל	hebrew	to toil
5327	4905	דּוֹנַג	hebrew	wax
5328	4906	שׁוֹלָל	hebrew	barefoot
5329	4907	עֶמְדָּה	hebrew	support
5330	4908	רָתַם	hebrew	to bind
5331	4909	רֶ֫כֶשׁ	hebrew	steed
5332	4910	תַּעֲנוּג	hebrew	luxury
5333	4911	רוֹמָה	hebrew	haughtily
5334	13	רוּחַ	hebrew	spirit: temper
5335	4912	אֶ֫דֶר	hebrew	robe
5336	4913	חֶ֫בֶל	hebrew	destruction
5337	4914	מָרַץ	hebrew	be sick
5338	4915	בׇּצְרָה	hebrew	enclosure
5339	4916	הוּם	hebrew	to make noise
5340	4917	קַלַּ֫חַת	hebrew	caldron
5341	4918	מַעֲנֶה	hebrew	answer
5342	4919	הָלָא	hebrew	to cast far off
5343	4920	מוֹצָאָה	hebrew	going forth
5344	4921	צָנַע	hebrew	be humble
5345	4922	אִשׁ	hebrew	there is
5346	4923	יֶ֫שַׁח	hebrew	emptiness
5347	4924	אַלְלַי	hebrew	woe!
5348	4925	הַוָּה	hebrew	desire
5349	4926	עָבַת	hebrew	to weave
5350	4927	חֵ֫דֶק	hebrew	briar
5351	4928	מְסוּכָה	hebrew	hedge
5352	4929	חֲמוֹת	hebrew	mother-in-law
5353	4930	חָפֵץ	hebrew	delighting
5354	4931	קַנּוֹא	hebrew	jealous
5355	4932	שְׂעָרָה	hebrew	storm
5356	4933	סָבַךְ	hebrew	to interweave
5357	4934	מֵפִיץ	hebrew	scatterer
5358	4935	תָּלַע	hebrew	to clothe in scarlet
5359	4936	פְּלָדָה	hebrew	iron
5360	4937	רָעַל	hebrew	to quiver
5361	4938	הֲלִיכָה	hebrew	walk
5362	4939	סֹכֵךְ	hebrew	protector
5363	4940	נָהַג	hebrew	to moan
5364	4941	תָּפַף	hebrew	to beat
5365	4942	בּוּקָה	hebrew	emptiness
5366	4943	מְבוּקָה	hebrew	emptiness
5367	4944	פִּיק	hebrew	tottering
5368	4945	חָנַק	hebrew	to strangle
5369	4946	לְבִי	hebrew	lion
5370	4947	דָּהַר	hebrew	to rush
5371	4948	בַּעֲלָה	hebrew	mistress
5372	4949	מַעַר	hebrew	nakedness
5373	4950	רָתַק	hebrew	to bind
5374	663	כָּבֵד	hebrew	to honor: many
5375	4951	מִנְזָר	hebrew	prince
5376	4952	גּוֹב	hebrew	locust
5377	4953	קָרָה	hebrew	cold
5378	4954	פּוּשׁ	hebrew	to scatter
5379	4955	כֵּהָה	hebrew	easing
5380	4956	כָּתַר	hebrew	to surround
5381	4957	עָקַל	hebrew	to twist
5382	4958	אָיֹם	hebrew	terrible
5383	4959	מְגַמָּה	hebrew	horde
5384	4960	מִשְׂחַק	hebrew	laughing
5385	4961	טְהוֹר	hebrew	pureness
5386	4962	מִכְמֶ֫רֶת	hebrew	net
5387	4963	עָפַל	hebrew	to swell
5388	4964	יָהִיר	hebrew	proud
5389	4965	נָוָה	hebrew	to dwell
5390	4966	מְלִיצָה	hebrew	mockery
5391	4967	עַבְטִיט	hebrew	debt
5392	4968	זוּעַ	hebrew	to tremble
5393	4969	כָּפִיס	hebrew	rafter
5394	4970	מָעוֹר	hebrew	nakedness
5395	4971	קִיקָלוֹן	hebrew	disgrace
5396	4972	חֶבְיוֹן	hebrew	hiding
5397	4973	מוּד	hebrew	to shake
5398	4974	עוּר	hebrew	be exposed
5399	1141	מַטֶּה	hebrew	tribe: arrow
5400	4975	אֹמֶר	hebrew	word
5401	4976	רוֹם	hebrew	hight
5402	4977	פֶּ֫רֶז	hebrew	warrior
5403	4978	עֲלִיצוּת	hebrew	exultation
5404	4979	מִכְלָה	hebrew	fold
5405	4980	רֶ֫פֶת	hebrew	stall
5406	4981	נָטִיל	hebrew	laden
5407	4982	מַהֵר	hebrew	quick
5408	4983	מְצוּקָה	hebrew	distress
5409	4984	מְשׁוֹאָה	hebrew	desolation
5410	4985	לְחוּם	hebrew	intestine
5411	4986	גָּלָל	hebrew	dung
5412	4987	קָשַׁשׁ	hebrew	to assemble
5413	4988	עֲנָוָה	hebrew	humility
5414	4989	עָקַר	hebrew	to uproot
5415	4990	כָּרָה	hebrew	hollow
5416	4991	מִמְשָׁק	hebrew	possession
5417	4992	חָרוּל	hebrew	nettle
5418	4993	מִכְרֶה	hebrew	pit
5419	4994	אַרְזָה	hebrew	cedar
5420	4995	מָרָא	hebrew	to flap
5421	4996	גָּרַם	hebrew	to reserve
5422	4997	פָּחַז	hebrew	be reckless
5423	4998	בֹּגְדוֹת	hebrew	treachery
5424	4999	עַוָּל	hebrew	unjust
5425	5000	צָדָה	hebrew	to waste
5426	5001	עָתָר	hebrew	worshiper
5427	5002	מַלְאָכוּת	hebrew	message
5428	5003	מְצֻלָה	hebrew	ravine
5429	5004	שָׂרֹק	hebrew	sorrel
5430	5005	פּוּץ	hebrew	to flow
5431	5006	בָּבָה	hebrew	apple
5432	5007	שָׂטַן	hebrew	to oppose
5433	5008	צוֹא	hebrew	filthy
5434	5009	גֻּלָּה	hebrew	bowl
5435	5010	מוּצֶ֫קֶת	hebrew	casting
5436	5011	רֹאשָׁה	hebrew	top
5437	5012	בּוּז	hebrew	to despise
5438	5013	צַנְתְּרוֹת	hebrew	pipe
5439	187	עַ֫יִן	hebrew	eye: sin
5440	5014	מְכֻנָה	hebrew	base
5441	5015	אָמֹץ	hebrew	strong
5442	5016	חָרוּץ	hebrew	gold
5443	5017	מִצָּבָה	hebrew	guard
5444	5018	בִּצָּרוֹן	hebrew	stronghold
5445	5019	קֶ֫לַע	hebrew	sling
5446	5020	זָוִית	hebrew	corner
5447	5021	נָסַס	hebrew	to shine
5448	5022	נוּב	hebrew	to bear fruit
5449	5023	חֲזִיז	hebrew	lightning
5450	5024	נֹ֫עַם	hebrew	pleasantness
5451	5025	חֹבְלִים	hebrew	union
5452	5026	בָּחֵל	hebrew	to loath
5453	5027	אַחֲוָה	hebrew	brotherhood
5454	5028	אֱוִלִי	hebrew	foolish
5455	5029	נַ֫עַר	hebrew	newborn
5456	5030	רַ֫עַל	hebrew	reeling
5457	5031	מַעֲמָסָה	hebrew	burden
5458	5032	אַמְצָה	hebrew	strength
5459	273	פֶּה	hebrew	lip: one third
5460	5033	קְרָב	hebrew	battle
5461	5034	קִפָּאוֹן	hebrew	thickness
5462	5035	רָאַם	hebrew	to rise
5463	5036	מְצִלָּה	hebrew	bell
5464	5037	כְּנַעֲנִי	hebrew	merchant
5465	5038	מֻקְטָר	hebrew	incense
5466	5039	אֲנָקָה	hebrew	groaning
5467	5040	חֲבֶ֫רֶת	hebrew	consort
5468	5041	קָבַע	hebrew	to rob
5469	5042	קְדֹרַנִּית	hebrew	mournfully
5470	5043	עָסַס	hebrew	to press
5471	141	רֹאשׁ	hebrew	head: group
5472	5044	תֻּמָּה	hebrew	integrity
5473	5045	גָּרַד	hebrew	to scrape
5474	5046	נְהָרָה	hebrew	light
5475	5047	עֲנָנָה	hebrew	cloud
5476	5048	כִּמְרִיר	hebrew	darkness
5477	5049	רְנָנָה	hebrew	triumphing
5478	5050	נֵ֫פֶל	hebrew	miscarriage
5479	5051	יָגִיעַ	hebrew	weary
5480	5052	עָמֵל	hebrew	labour(er)
5481	5053	סוּךְ	hebrew	to fence
5482	5054	מִלָּה	hebrew	speech
5483	5055	כִּסְלָה	hebrew	confidence
5484	5056	נָתַע	hebrew	to break
5485	5057	שֵׁ֫מֶץ	hebrew	whisper
5486	5058	שְׂעִפִּים	hebrew	disquietings
5487	5059	סָמַר	hebrew	to bristle up
5488	5060	שַׂעֲרָה	hebrew	hair
5489	5061	דְּמָמָה	hebrew	silence
5490	5062	תׇּהֳלָה	hebrew	error
5491	5063	יֶ֫תֶר	hebrew	cord
5492	5064	כַּ֫עַשׂ	hebrew	vexation
5493	5065	צֵן	hebrew	thorn
5494	5066	צַמִּים	hebrew	snare
5495	5067	דִּבְרָה	hebrew	cause
5496	5068	עָרֹם	hebrew	be shrewd
5497	5069	כָּפָן	hebrew	famine
5498	5070	כֶּ֫לַח	hebrew	vigor
5499	5071	לוּעַ	hebrew	to talk wildly
5500	5072	בִּעוּתִים	hebrew	terror
5501	5073	נָהַק	hebrew	to bray
5502	5074	גָּעָה	hebrew	to low
5503	5075	רִיר	hebrew	spittle
5504	5076	חַלָּמוּת	hebrew	mallow
5505	5077	דְּוַי	hebrew	illness
5506	5078	שְׁאֵלָה	hebrew	petition
5507	5079	נֶחָמָה	hebrew	comfort
5508	5080	סָלַד	hebrew	to rejoice
5509	5081	חִילָה	hebrew	agony
5510	5082	נָחוּשׁ	hebrew	bronze
5511	5083	מָס	hebrew	despairing
5512	5084	זָרַב	hebrew	to burn
5513	5085	לָפַת	hebrew	to twist
5514	5086	חֲתַת	hebrew	terror
5515	5087	נְדוּד	hebrew	tossing
5516	5088	גּוּשׁ	hebrew	clod
5517	5089	רָגַע	hebrew	to harden
5518	5090	מָאַס	hebrew	to flow
5519	5091	אֶ֫רֶג	hebrew	shuttle
5520	5092	שִׂיחַ	hebrew	complaint
5521	5093	מַחֲנָק	hebrew	strangling
5522	5094	מִפְגָּע	hebrew	target
5523	5095	שָׂגָה	hebrew	to increase
5524	5096	שָׂגָה	hebrew	to grow
5525	5097	אֵב	hebrew	greenery
5526	5098	קוֹט	hebrew	to cut off
5527	5099	רָטֹב	hebrew	fresh
5528	5100	פָּלַץ	hebrew	to shudder
5529	5101	חֶ֫רֶס	hebrew	sun
5530	5102	חָתַף	hebrew	to seize
5531	5103	מַמְרוֹר	hebrew	bitterness
5532	5104	מַסָּה	hebrew	despair
5533	5105	אֵ֫בֶה	hebrew	papyrus
5534	5106	טוּשׂ	hebrew	to dart
5535	5107	עַצֶּ֫בֶת	hebrew	injury
5536	5108	נָקַט	hebrew	to tire
5537	5109	גְּבִינָה	hebrew	cheese
5538	5110	שָׂכַךְ	hebrew	to weave
5539	5111	רָאֶה	hebrew	to see
5540	5112	סֵ֫דֶר	hebrew	order
5541	5113	בַּר	hebrew	pure
5542	5114	תַּעֲלֻמָּהֿ	hebrew	secret
5543	5115	תַּכְלִית	hebrew	limit
5544	5116	לָבַב	hebrew	to encourage
5545	928	יָצַק	hebrew	to pour: firm
5546	5117	חֶ֫לֶד	hebrew	lifetime/world
5547	5118	תְּעֻפָה	hebrew	gloom
5548	5119	מַפָּח	hebrew	exhalation
5549	5120	פִּיד	hebrew	disaster
5550	5121	עַשְׁתּוּת	hebrew	thought
5551	5122	נָכוֹן	hebrew	blow
5552	5123	מָעַד	hebrew	to slip
5553	5124	בַּטֻּחוֹת	hebrew	security
5554	5125	יָשִׁישׁ	hebrew	aged
5555	2463	מוּסָר	hebrew	discipline: bonds
5556	5126	מְזִיחַ	hebrew	belt
5557	5127	שָׂגָא	hebrew	to grow great
5558	5128	טָפַל	hebrew	to smear
5559	5129	קָטַל	hebrew	to slay
5560	5130	אַחְוָה	hebrew	declaration
5561	5131	סַד	hebrew	stock
5562	5132	מָלַל	hebrew	to languish
5563	5133	סָפִיחַ	hebrew	outpouring
5564	5134	תָּקֵף	hebrew	to prevail
5565	5135	שִׂיחָה	hebrew	meditation
5566	5136	אָלַף	hebrew	to teach/learn
5567	5137	שִׂיב	hebrew	be gray
5568	5138	רָזַם	hebrew	to flash
5569	5139	אָלַח	hebrew	to corrupt
5570	5140	חָוָה	hebrew	to explain
5571	5141	כִּידוֹר	hebrew	battle
5572	5142	פִּימָה	hebrew	excess fat
5573	5143	עָתֹד	hebrew	be ready
5574	5144	מִנְלֶה	hebrew	gain
5575	5145	רָעַן	hebrew	be fresh
5576	5146	בֶּסֶר	hebrew	unripe grape
5577	5147	נִיד	hebrew	solace
5578	5148	קָמַט	hebrew	to seize
5579	5149	עֲוִיל	hebrew	unjust one
5580	5150	רָטָה	hebrew	to wring
5581	5151	פָּלַח	hebrew	to cleave
5582	5152	מְרֵרָה	hebrew	gall
5583	5153	גֶּ֫לֶד	hebrew	skin
5584	5154	עָלַל	hebrew	to thrust
5585	5155	חָמַר	hebrew	be red
5586	5156	שָׂהֵד	hebrew	advocate
5587	5157	דָּלַף	hebrew	to drip
5588	5158	זָעַךְ	hebrew	to extinguish
5589	5159	הֲתֻלִֿים	hebrew	mockery
5590	5160	מְשֹׁל	hebrew	byword
5591	5161	תֹּ֫פֶת	hebrew	spit
5592	5162	יְצֻרִים	hebrew	member
5593	5163	אֹ֫מֶץ	hebrew	strength
5594	5164	רָפַד	hebrew	to spread
5595	5165	קֵ֫נֶץ	hebrew	snare
5596	5166	טָמָה	hebrew	to defile
5597	5167	שָׁבִיב	hebrew	flame
5598	5168	מַלְכֹּ֫דֶת	hebrew	snare
5599	5169	נָתִיב	hebrew	path
5600	5170	הָכַר	hebrew	to wrong
5601	5171	מְשׁוּגָה	hebrew	error
5602	5172	מָצוֹד	hebrew	net
5603	5173	זוּר	hebrew	be loathsome
5604	5174	חָנַן	hebrew	be loathsome
5605	5175	עֲוִיל	hebrew	boy
5606	5176	שִׂיא	hebrew	loftiness
5607	5177	שָׁזַף	hebrew	to see
5608	5178	פְּלַגָּה	hebrew	stream
5609	5179	יָגָע	hebrew	toil
5610	5180	עָלַס	hebrew	to rejoice
5611	5181	חִיל	hebrew	be firm
5612	5182	שֵׂ֫פֶק	hebrew	sufficiency
5613	5183	גֵּוָה	hebrew	back
5614	5184	כִּיד	hebrew	ruin
5615	5185	חָצַץ	hebrew	to divide
5616	5186	שַׁלְאֲנָן	hebrew	at ease
5617	5187	עֲטִין	hebrew	belly
5618	5188	מֹחַ	hebrew	marrow
5619	5189	גָּדִישׁ	hebrew	tomb
5620	5190	רֶ֫גֶב	hebrew	clod
5621	5191	תְּשׁוּבָה	hebrew	turn
5622	5192	קִים	hebrew	adversary
5623	5193	בֶּ֫צֶר	hebrew	gold
5624	5194	שַׁח	hebrew	lowly
5625	5195	אִי	hebrew	not
5626	5196	בֹּר	hebrew	cleanness
5627	5197	תְּכוּנָה	hebrew	place
5628	129	קֶ֫דֶם	hebrew	front: forward
5629	5198	עָטַף	hebrew	to turn aside
5630	5199	אֲשׁוּר	hebrew	step
5631	5200	לָקַשׁ	hebrew	to glean
5632	5201	רָטֵב	hebrew	be moist
5633	5202	צָהַר	hebrew	to press
5634	5203	מָכַךְ	hebrew	to sink
5635	5204	אָהַל	hebrew	to shine
5636	5205	פַּרְשֵׁז	hebrew	to spread
5637	5206	חוּג	hebrew	to mark
5638	5207	רָפַף	hebrew	to tremble
5639	5208	שִׁפְרָה	hebrew	clearness
5640	5209	שָׁלָה	hebrew	to extract
5641	5210	לְמוֹ	hebrew	upon
5642	5211	שַׁ֫חַץ	hebrew	pride
5643	5212	עָדָה	hebrew	to advance
5644	5213	סָלָה	hebrew	to weigh
5645	5214	זְכוּכִית	hebrew	glass
5646	5215	גָּבִישׁ	hebrew	crystal
5647	5216	מֶ֫שֶׁךְ	hebrew	bag/price
5648	5217	הָלִיךְ	hebrew	step
5649	5218	חֵמָה	hebrew	heat
5650	5219	קֶ֫רֶת	hebrew	town
5651	5220	חֶ֫סֶר	hebrew	poverty
5652	5221	עָרַק	hebrew	to gnaw
5653	5222	מַלּוּחַ	hebrew	mallow
5654	5223	רֹ֫תֶם	hebrew	broom
5655	5224	גֵּו	hebrew	midst
5656	5225	עָרוּץ	hebrew	dreadful
5657	5226	נָכָא	hebrew	to whip
5658	5227	פִּרְחָח	hebrew	brood
5659	5228	נָתַס	hebrew	to break
5660	5229	נְדִיבָה	hebrew	honor
5661	5230	שׁוּעַ	hebrew	cry
5662	5231	עָגַם	hebrew	be grieved
5663	5232	שָׁחַר	hebrew	be black
5664	5233	אַשֻּׁר	hebrew	step
5665	5234	שִׁכְמָה	hebrew	shoulder
5666	1179	קָנֶה	hebrew	branch: shoulder
5667	5235	פְּלִילִי	hebrew	judge
5668	5236	חֹב	hebrew	breast
5669	5237	עָנַד	hebrew	to bind
5670	5238	בׇּאְשָׁה	hebrew	foul weed
5671	5239	זָחַל	hebrew	to fear
5672	5240	דֵּעַ	hebrew	knowledge
5673	5241	קָרַץ	hebrew	to wink
5674	5242	אֶ֫כֶף	hebrew	burden
5675	5243	חַף	hebrew	clean
5676	5244	תְּנוּמָה	hebrew	slumber
5677	5245	מֹסָר	hebrew	discipline
5678	5246	זָהַם	hebrew	to loathe
5679	5247	פָּדַע	hebrew	to deliver
5680	5248	רֻטֲפַשׁ	hebrew	be fresh
5681	5249	נֹ֫עַר	hebrew	youth
5682	18	רָאָה	hebrew	to see: enjoy
5683	5250	חֶבְרָה	hebrew	company
5684	5251	מַעְבָּד	hebrew	work
5685	5252	אָבִי	hebrew	oh that!
5686	5253	פַּשׁ	hebrew	folly
5687	5254	כָּבַר	hebrew	to multiply
5688	5255	נָעִים	hebrew	pleasant
5689	5256	רַ֫חַב	hebrew	breadth
5690	5257	שֶׂ֫פֶק	hebrew	mockery
5691	5258	מַאֲמָץ	hebrew	power
5692	5259	שַׂגִּיא	hebrew	great
5693	5260	נָטָף	hebrew	drop
5694	5261	מַכְבִּיר	hebrew	to increase
5695	5262	הָוָא	hebrew	to fall
5696	5263	אֶ֫רֶב	hebrew	ambush
5697	5264	מְזָרֶה	hebrew	scattering wind
5698	5265	רִי	hebrew	moisture
5699	5266	טָרַח	hebrew	to burden
5700	5267	מֵסַב	hebrew	surrounds
5701	5268	תַּחְבֻּלָה	hebrew	counsel
5702	5269	מִפְלָשׂ	hebrew	swaying
5703	5270	מִפְלָאָה	hebrew	wonder
5704	5271	חָם	hebrew	hot
5705	5272	רְאִי	hebrew	mirror
5706	5273	בָּהִיר	hebrew	bright
5707	5274	מֵמַד	hebrew	measurement
5708	5275	חֲתֻלָּה	hebrew	swaddling
5709	5276	נֵ֫בֶךְ	hebrew	spring
5710	5277	אֵ֫גֶל	hebrew	drop
5711	5278	מַעֲדַנּוֹת	hebrew	bond
5712	5279	מֹשֶׁכֶת	hebrew	cord
5713	5280	מִשְׁטָר	hebrew	rule
5714	5281	טֻחוֹת	hebrew	inner parts
5715	5282	שֶׂכְוִי	hebrew	heart
5716	5283	מוּצָק	hebrew	casting
5717	5284	צַ֫יִד	hebrew	food
5718	5285	יָעֵל	hebrew	goat
5719	5286	בָּר	hebrew	field
5720	5287	עָרוֹד	hebrew	wild donkey
5721	5288	יָרוֹק	hebrew	green
5722	5289	רְנָנִים	hebrew	ostrich
5723	5290	רַעְמָה	hebrew	mane
5724	5291	נַ֫חַר	hebrew	snorting
5725	5292	רָנָה	hebrew	to rattle
5726	5293	אָבַר	hebrew	to fly
5727	1319	שֵׁן	hebrew	tooth: crag
5728	5294	מְצוּדָה	hebrew	fortress
5729	5295	עָלַע	hebrew	to suck
5730	5296	יִסּוֹר	hebrew	faultfinder
5731	5297	הָדַךְ	hebrew	to tread down
5732	5298	שָׁרִיר	hebrew	muscle
5733	5299	חָפַץ	hebrew	to sway
5734	5300	פַּ֫חַד	hebrew	thigh
5735	5301	מְטִיל	hebrew	rod
5736	5302	צֶאֱלִים	hebrew	lotus
5737	5303	חַבָּר	hebrew	associate
5738	5304	שֻׂכָּה	hebrew	spear
5739	5305	צִלִצָל	hebrew	spear
5740	5306	חִין	hebrew	beauty
5741	5307	עֲטִישָׁה	hebrew	sneezing
5742	5308	כִּידוֹד	hebrew	spark
5743	5309	נָחִיר	hebrew	nostril
5744	5310	דּוּץ	hebrew	to dance
5745	5311	דְּאָבָה	hebrew	dismay
5746	5312	פֶּ֫לַח	hebrew	millstone
5747	5313	מַסָּע	hebrew	missile
5748	5314	שִׁרְיָה	hebrew	lance
5749	5315	רִקָּבוֹן	hebrew	rottenness
5750	5316	תּוֹתָ֑ח	hebrew	club
5751	5317	חַדּוּד	hebrew	point
5752	5318	מֹ֫שֶׁל	hebrew	likeness
5753	5319	שִׁבְעָ֫נָה	hebrew	seven
5754	5320	רָגַשׁ	hebrew	to throng
5755	5321	נָסַךְ	hebrew	to install
5756	5322	מִזְמוֹר	hebrew	melody
5757	5323	נְחִילָה	hebrew	flute
5758	5324	הָגִיג	hebrew	meditation
5759	5325	שֶׁוַע	hebrew	to cry
5760	5326	שׁוֹרֵר	hebrew	enemy
5761	5327	עָלַץ	hebrew	to rejoice
5762	5328	עָטַר	hebrew	to surround
5763	5329	אֻמְלַל	hebrew	weak
5764	5330	מָסָה	hebrew	to liquefy
5765	5331	עָשֵׁשׁ	hebrew	to waste
5766	5332	גָּמַר	hebrew	to cease
5767	5333	חָבַל	hebrew	be in labour
5768	5334	דַּךְ	hebrew	crushed
5769	5335	בַּצָּרָה	hebrew	dearth
5770	5336	מוֹרָה	hebrew	fear
5771	5337	תֹּךְ	hebrew	oppression
5772	5338	מַאֲרָב	hebrew	ambush
5773	5339	חֵֽלְכָה	hebrew	helpless
5774	5340	חָטַף	hebrew	to catch
5775	5341	דָּכָה	hebrew	to crush
5776	5342	פָּסַס	hebrew	to disappear
5777	5343	עֲלִיל	hebrew	furnace
5778	5344	זֻלּוּת	hebrew	vileness
5779	5345	שָׁפַר	hebrew	to polish
5780	5346	דִּמְיֹן	hebrew	likeness
5781	5347	חֵ֫זֶק	hebrew	strength
5782	2494	בְּלִיַּ֫עַל	hebrew	Belial: destruction
5783	5348	חֶשְׁכָה	hebrew	dark
5784	5349	חָסַד	hebrew	be kind
5785	5350	גֶּ֫בֶר	hebrew	great man
5786	5351	עַנְוָה	hebrew	gentleness
5787	5352	קַרְסֹל	hebrew	ankle
5788	5353	חָרַג	hebrew	to quake
5789	411	דָבַר	hebrew	to speak: subdue
5790	5354	נָבַע	hebrew	to bubble
5791	5355	פִּקּוּד	hebrew	precept
5792	5356	נֹ֫פֶת	hebrew	honey
5793	5357	צוּף	hebrew	honeycomb
5794	5358	שְׁגִיאָה	hebrew	error
5795	5359	דָּגַל	hebrew	to set a banner
5796	5360	מִשְׁאָלָה	hebrew	petition
5797	5361	עוּד	hebrew	to uphold
5798	5362	אֲרֶ֫שֶׁת	hebrew	request
5799	5363	דּוּמִיָּה	hebrew	silence
5800	5364	פָּטַר	hebrew	to separate
5801	5365	מַלְקוֹחַ	hebrew	jaw
5802	5366	אֱיָלוּת	hebrew	strength
5803	5367	עֱנוּת	hebrew	affliction
5804	5368	רְוָיָה	hebrew	abundance
5805	5369	מַקְהֵל	hebrew	assembly
5806	5370	יָפֵחַ	hebrew	breathing
5807	5371	דְּבִיר	hebrew	sanctuary
5808	5372	הֲדָרָה	hebrew	adornment
5809	5373	שָׁ֫לוּ	hebrew	prosperity
5810	5374	עָתָק	hebrew	arrogant
5811	5375	רֹכֶס	hebrew	conspiracy
5812	5376	גָּרַז	hebrew	to cut off
5813	5377	חֵרָבוֹן	hebrew	drought
5814	5378	רֹן	hebrew	song
5815	5379	פַּלֵּט	hebrew	deliverance
5816	5380	בָּלַם	hebrew	to hold in
5817	5381	מְגוֹרָה	hebrew	fear
5818	5382	רוּשׁ	hebrew	be poor
5819	5383	דָּחָה	hebrew	to thrust
5820	5384	נֵכֶה	hebrew	smitten
5821	5385	מָעוֹג	hebrew	bun
5822	5386	שׁוֹא	hebrew	ravage
5823	5387	רָגֵעַ	hebrew	restful
5824	5388	אִוֶּ֫לֶת	hebrew	folly
5825	5389	מַחְסוֹם	hebrew	muzzle
5826	5390	טֶ֫פַח	hebrew	handbreadth
5827	5391	תִּגְרָה	hebrew	strife
5828	5392	יָוֵן	hebrew	mire
5829	5393	רָהָב	hebrew	proud
5830	5394	שׂוּט	hebrew	to swerve
5831	5395	לָחַשׁ	hebrew	to whisper
5832	5396	סַךְ	hebrew	throng
5833	5397	צִנּוֹר	hebrew	water
5834	5398	מָנוֹד	hebrew	shaking
5835	5399	יָדִידָה	hebrew	love
5836	5400	רָחַשׁ	hebrew	to overflow
5837	5401	קְצִיעָה	hebrew	cassia
5838	5402	מֵן	hebrew	string
5839	5403	שֵׁגָל	hebrew	queen
5840	5404	רֵעָה	hebrew	companion
5841	5405	מִפְעָלָה	hebrew	deed
5842	5406	נוֹף	hebrew	elevation
5843	5407	חֵילָה	hebrew	bulwark
5844	5408	פָּסַג	hebrew	to go through
5845	5409	הָגוּת	hebrew	meditation
5846	5410	כְּסִיל	hebrew	fool
5847	5411	בַּ֫עַר	hebrew	stupid
5848	5412	שָׁתַת	hebrew	to appoint
5849	5413	מִכְלָל	hebrew	perfection
5850	5414	זִיז	hebrew	creature
5851	5415	דֳּפִי	hebrew	slander
5852	5416	עָקָה	hebrew	pressure
5853	5417	מִפְלָט	hebrew	escape
5854	5418	סָעָה	hebrew	to rush
5855	5419	רֶ֫גֶשׁ	hebrew	throng
5856	5420	מַחֲמָאֹת	hebrew	butter
5857	5421	פְּתִיחָה	hebrew	drawn sword
5858	5422	יְהָב	hebrew	burden
5859	5423	נוֹד	hebrew	wandering
5860	5424	נֹאד	hebrew	wineskin
5861	5425	סִפְרָה	hebrew	scroll
5862	5426	דְּחִי	hebrew	falling
5863	5427	שִׁיחָה	hebrew	pit
5864	5428	אֵ֫לֶם	hebrew	silence
5865	5429	מַלְתָּעָה	hebrew	tooth
5866	5430	מָלַל	hebrew	to circumcise
5867	5431	שַׁבְּלוּל	hebrew	snail
5868	5432	תֶּ֫מֶס	hebrew	melting
5869	5433	אָטָד	hebrew	bramble
5870	5434	פָּצַם	hebrew	to split open
5871	5435	קֹ֫שֶׁט	hebrew	bow
5872	5436	רַ֫חַץ	hebrew	washing
5873	5437	הוּת	hebrew	to plot
5874	5438	כָּמַהּ	hebrew	to pine
5875	5439	שָׁבַח	hebrew	to praise
5876	5440	רִגְשָׁה	hebrew	scheming
5877	5441	חֵ֫פֶשׂ	hebrew	plot
5878	5442	שָׁבַח	hebrew	to soothe
5879	5443	עָטַף	hebrew	to envelope
5880	5444	מוּעָקָה	hebrew	distress
5881	5445	רוֹמָם	hebrew	extolling
5882	5446	דַּיָּן	hebrew	judge
5883	5447	כּוֹשָׁרָה	hebrew	prosperity
5884	5448	צְחִיחָה	hebrew	parched
5885	5449	נוּף	hebrew	to sprinkle
5886	5450	חַיָּה	hebrew	community
5887	5451	נָוֶה	hebrew	dwelling
5888	5452	שְׁפַתָּ֑יִם	hebrew	ash heep
5889	5453	שָׁלַג	hebrew	to snow
5890	5454	גַּבְנֹן	hebrew	peak
5891	5455	רָצַד	hebrew	to watch with envy
5892	5456	שִׁנְאָן	hebrew	thousands
5893	5457	מוֹשָׁעָה	hebrew	salvation
5894	5458	מֵן	hebrew	portion
5895	5459	רִגְמָה	hebrew	crowd
5896	5460	רָפַס	hebrew	to stamp
5897	5461	רַץ	hebrew	piece
5898	5462	חַשְׁמַן	hebrew	ambassador
5899	5463	תַּעֲצֻמָה	hebrew	power
5900	68	נֶ֫פֶשׁ	hebrew	soul: neck
5901	5464	מׇעֳמָ֑ד	hebrew	foothold
5902	5465	שִׁבֹּ֫לֶת	hebrew	stream
5903	5466	אָטַר	hebrew	to shut
5904	5467	נוּשׁ	hebrew	be sick
5905	5468	בָּרוּת	hebrew	food
5906	5469	חָמַץ	hebrew	to oppress
5907	5470	גָּזָה	hebrew	to cut
5908	5471	סְפֹרָה	hebrew	number
5909	5472	גְּדוּלָּה	hebrew	greatness
5910	144	סָבַב	hebrew	to turn: again
5911	5473	זַרְזִיף	hebrew	drip
5912	5474	פִּסָּה	hebrew	abundance
5913	5475	נוּן	hebrew	to propagate
5914	5476	אוּל	hebrew	strength
5915	5477	שִׁית	hebrew	garment
5916	5478	מוּק	hebrew	to mock
5917	5479	מַשּׁוּאָה	hebrew	desolation
5918	5480	רָחֵק	hebrew	removed
5919	5481	כַּשִּׁיל	hebrew	axe
5920	5482	כֵּילַפּוֹת	hebrew	axe
5921	238	שָׁלַח	hebrew	to send: burn
5922	473	עַם	hebrew	people: creatures
5923	5483	מֶ֫סֶךְ	hebrew	mixture
5924	5484	שְׁמֻרָה	hebrew	waking
5925	5485	זָרַם	hebrew	to flood
5926	5486	נָשַׁק	hebrew	to handle
5927	2901	אַבִּיר	hebrew	mighty: angel
5928	5487	תָּוָה	hebrew	to wound
5929	5488	חֲנָמֵל	hebrew	frost
5930	5489	מִשְׁלַ֫חַת	hebrew	deputation
5931	5490	רוּן	hebrew	to overcome
5932	5491	תְּמוּתָה	hebrew	death
5933	5492	אָרָה	hebrew	to pluck
5934	5493	כִּרְסֵם	hebrew	to tear off
5935	5494	כַּנָּה	hebrew	shoot
5936	5495	נָעִים	hebrew	musical
5937	5496	כֶּ֫סֶא	hebrew	full moon
5938	5497	סֵ֫בֶל	hebrew	burden
5939	5498	דְּרוֹר	hebrew	swallow
5940	5499	סָפַף	hebrew	to stand
5941	5500	סַלָּח	hebrew	forgiving
5942	5501	יְסוּדָה	hebrew	foundation
5943	5502	חָלַל	hebrew	to play flute
5944	5503	אֱיָל	hebrew	strength
5945	5504	נְשִׁיָּה	hebrew	forgetfulness
5946	5505	פּוּן	hebrew	to distract
5947	5506	חֲסִין	hebrew	mighty
5948	5507	טֳהָר	hebrew	clearness
5949	5508	דַּכָּא	hebrew	dust
5950	5509	רֹ֫הָב	hebrew	pride
5951	5510	חִישׁ	hebrew	quickly
5952	5511	סֹחֵרָה	hebrew	buckler
5953	5512	שׁוּד	hebrew	to waste
5954	5513	שִׁלֻּמָה	hebrew	recompense
5955	5514	שׁוּר	hebrew	enemy
5956	5515	דֳּכִי	hebrew	pounding
5957	5516	דּוּמָה	hebrew	silence
5958	5517	שַׂרְעַפִּים	hebrew	anxiety
5959	5518	מֶחְקָר	hebrew	range
5960	5519	נוּט	hebrew	to shake
5961	5520	לָשַׁן	hebrew	to slander
5962	5521	שִׁקֻּו	hebrew	drink
5963	5522	עַרְעָר	hebrew	destitute
5964	5523	קָרָה	hebrew	to lay beams
5965	5524	רְכוּב	hebrew	chariot
5966	5525	עֳפָיִם	hebrew	branch
5967	5526	צָהַל	hebrew	to shine
5968	5527	כֶּ֫בֶל	hebrew	fetter
5969	5528	מָחוֹז	hebrew	haven
5970	5529	מִשְׁחָר	hebrew	dawn
5971	5530	יַלְדוּת	hebrew	youth
5972	5531	לָעַז	hebrew	to mumble
5973	5532	תַּגְמוּל	hebrew	benefit
5974	5533	אַחֲלַי	hebrew	O that!
5975	5534	תַּאֲבָה	hebrew	longing
5976	5535	תּוּגָה	hebrew	grief
5977	5536	תָּאַב	hebrew	to long for
5978	5537	טָפַשׁ	hebrew	be insensitive
5979	101	כָּלָה	hebrew	to end: decides
5980	5538	תִּכְלָה	hebrew	perfection
5981	5539	מָלַץ	hebrew	to smooth
5982	5540	סֵעֵף	hebrew	divided
5983	5541	שֵׂ֫בֶר	hebrew	hope
5984	5542	פֵּ֫תַח	hebrew	opening
5985	5543	יָאַב	hebrew	to long
5986	5544	שָׁלַט	hebrew	to domineer
5987	5545	אוֹיָה	hebrew	woe!
5988	5546	אֲזַי	hebrew	in that case
5989	5547	זֵידוֹן	hebrew	raging
5990	5548	עֲקַלְקַל	hebrew	crooked
5991	5549	שִׁיבָה	hebrew	captivity
5992	5550	שָׁתִיל	hebrew	shoot
5993	5551	מַעֲנָה	hebrew	furrow
5994	5552	חֵ֫צֶן	hebrew	bosom
5995	5553	עִמֵּר	hebrew	to bind
5996	5554	קַשֻּׁב	hebrew	attentive
5997	5555	שְׁנָת	hebrew	sleep
5998	5556	שֵׁ֫פֶל	hebrew	poverty
5999	5557	תּוֹלָל	hebrew	tormentor
6000	5558	רֵעַ	hebrew	thought
6001	5559	רֶבַע	hebrew	to lie down
6002	5560	פִּלְאִי	hebrew	incomprehensible
6003	5561	סָלֵק	hebrew	to ascend
6004	5562	סָכַךְ	hebrew	to weave
6005	5563	גֹּ֫לֶם	hebrew	embryo
6006	5564	עָר	hebrew	enemy
6007	5565	תְּקוֹמֵם	hebrew	to confront
6008	5566	עַכְשׁוּב	hebrew	viper
6009	5567	מַאֲוַי	hebrew	desire
6010	5568	זָמָם	hebrew	plan
6011	5569	מַהֲמֹרָה	hebrew	flood
6012	5570	מַדְחֵפָה	hebrew	thrust
6013	5571	שׇׁמְרָה	hebrew	guard
6014	5572	דָּל	hebrew	door
6015	5573	מַנְעַמִּים	hebrew	delicacy
6016	5574	מַכְמֹר	hebrew	net
6017	5575	בָּרַק	hebrew	to flash
6018	3447	תְּשׁוּעָה	hebrew	deliverance: victory
6019	5576	נָטִיעַ	hebrew	plant
6020	5577	מָ֫זוּ	hebrew	granary
6021	5578	זַן	hebrew	kind
6022	5579	אָלַף	hebrew	to produce thousands
6023	5580	זָקַף	hebrew	to raise
6024	5581	עֶשְׁתֹּנָה	hebrew	thought
6025	5582	תֵּ֫קַע	hebrew	blast
6026	5583	צֶלְצְלִים	hebrew	banging
6027	5584	שֶׁ֫מַע	hebrew	sound
6028	5585	לִוְיָה	hebrew	wreath
6029	5586	עֲנָק	hebrew	necklace
6030	5587	גַּרְגְּרוֹת	hebrew	neck
6031	5588	פְּתִי	hebrew	simplicity
6032	5589	רִפְאוּת	hebrew	healing
6033	5590	לֶ֫כֶד	hebrew	capture
6034	5591	עִקְּשׁוּת	hebrew	crookedness
6035	5592	לָזוּת	hebrew	perversity
6036	5593	יַעֲלָה	hebrew	doe
6037	5594	נְמָלָה	hebrew	ant
6038	5595	עָצֵל	hebrew	sluggish
6039	5596	חִבֻּק	hebrew	folding
6040	5597	רֵישׁ	hebrew	poverty
6041	5598	מָלַל	hebrew	to rub
6042	5599	מִדְיָן	hebrew	contention
6043	5600	מְדָן	hebrew	strife
6044	5601	חָסֵר	hebrew	lacking
6045	5602	מוֹדַע	hebrew	kinsman
6046	5603	אֶשְׁנָב	hebrew	lattice
6047	5604	שׁוּק	hebrew	street
6048	5605	מַרְבָד	hebrew	covering
6049	5606	רָבַד	hebrew	to spread
6050	5607	חֲטֻבוֹת	hebrew	colored
6051	5608	אֵטוּן	hebrew	fine linen
6052	5609	אֹ֫הַב	hebrew	beloved
6053	5610	חֵ֫לֶק	hebrew	smoothness
6054	5611	מִפְתָּח	hebrew	opening
6055	5612	גֵּאָה	hebrew	pride
6056	5613	עָתֵק	hebrew	surpassing
6057	5614	מִפְעָל	hebrew	work
6058	5615	כְּסִילוּת	hebrew	stupidity
6059	5616	פְּתַיּוּת	hebrew	naivite
6060	5617	צָנוּעַ	hebrew	humble
6061	5618	סֶ֫לֶף	hebrew	crookedness
6062	239	יָד	hebrew	hand: certainly
6063	1081	חַ֫יִל	hebrew	strength: worthy
6064	5619	מַדְקָרָה	hebrew	thrust
6065	5620	חָרַךְ	hebrew	to roast
6066	5621	מׇרָּה	hebrew	bitterness
6067	2430	עָבַר	hebrew	be arrogant
6068	5622	מוֹתָר	hebrew	advantage
6069	5623	רָזוֹן	hebrew	prince
6070	5624	נָכֵא	hebrew	stricken
6071	5625	אָבַס	hebrew	to fatten
6072	5626	מְשֻכָֿה	hebrew	hedge
6073	5627	מַעֲרָךְ	hebrew	plan
6074	5628	כִּשָּׁלוֹן	hebrew	stumbling
6075	5629	מֶ֫תֶק	hebrew	sweetness
6076	5630	אָכַף	hebrew	to crave
6077	5631	צָרָב	hebrew	burning
6078	5632	עָצָה	hebrew	to shut
6079	5633	מַצְרֵף	hebrew	crucible
6080	5634	גָּלַע	hebrew	to quarrel
6081	5635	עֲרֻבָּה	hebrew	pledge
6082	5636	גֵּהָה	hebrew	cure
6083	601	חֵיק	hebrew	bosom: secret
6084	5637	מֶ֫מֶר	hebrew	bitterness
6085	5638	מַהֲלֻמֿוֹת	hebrew	blow
6086	5639	לָהַם	hebrew	to swallow
6087	5640	מַחֲלֶה	hebrew	sickness
6088	5641	נַ֫הַם	hebrew	roaring
6089	5642	דֶּ֫לֶף	hebrew	dripping
6090	5643	טָרַד	hebrew	to pursue
6091	5644	עַצְלָה	hebrew	sluggishness
6092	5645	עֹ֫נֶשׁ	hebrew	fine
6093	5646	צַלַּ֫חַת	hebrew	dish
6094	5647	עָרֵב	hebrew	sweet
6095	5648	יָלַע	hebrew	to blurt
6096	5649	תַּמְרוּק	hebrew	cosmetic
6097	1076	רָחָב	hebrew	broad: arrogant
6098	5650	נִיר	hebrew	lamp
6099	5651	הֲפַכְפַּךְ	hebrew	crooked
6100	5652	וָזָר	hebrew	guilty
6101	5653	כָּפָה	hebrew	to subdue
6102	5654	קֹשְׁטְ	hebrew	truth
6103	5655	חָשֹׁךְ	hebrew	obscure
6104	5656	שַׂכִּין	hebrew	knife
6105	5657	לֹעַ	hebrew	throat
6106	5658	שָׁעַר	hebrew	to calculate
6107	5659	קֶ֫רַע	hebrew	rags
6108	5660	נוּמָה	hebrew	drowsiness
6109	5661	חֶ֫תֶף	hebrew	robber
6110	5662	אֲבוֹי	hebrew	pain!
6111	5663	חַכְלִלוּת	hebrew	dullness
6112	5664	פָּרַשׁ	hebrew	to pierce
6113	5665	חִבֵּל	hebrew	mast
6114	5666	קִמָּשׂוֹן	hebrew	thorn
6115	5667	עֹ֫מֶק	hebrew	depth
6116	5668	חָסַד	hebrew	to shame
6117	5669	אֹ֫פֶן	hebrew	(right) time
6118	5670	חֲלִי	hebrew	ornament
6119	5671	צִנָּה	hebrew	coolness
6120	5672	מֵפִיץ	hebrew	war-club
6121	5673	רֹעָה	hebrew	to shatter
6122	5674	מַעְצָר	hebrew	restraint
6123	5675	מַרְגֵּמָה	hebrew	sling
6124	5676	קֵא	hebrew	vomit
6125	5677	צִיר	hebrew	hinge
6126	5678	לִהְלֵהַּ	hebrew	to amaze
6127	5679	מַשָּׁאוֹן	hebrew	guile
6128	5680	מִדְחֶה	hebrew	ruin
6129	5681	נֵ֫טֶל	hebrew	weight
6130	5682	אַכְזְרִיּוּת	hebrew	cruel
6131	5683	נְשִׁיקָה	hebrew	kiss
6132	5684	סַגְרִיר	hebrew	rain
6133	5685	חָדַה	hebrew	to sharpen
6134	5686	אֲבַדּוֹן	hebrew	destruction
6135	5687	מַהֲלָל	hebrew	praise
6136	5688	כָּתַשׁ	hebrew	to pound
6137	5689	מַכְתֵּשׁ	hebrew	hollow
6138	5690	רִיפָה	hebrew	grain
6139	5691	עֱלִי	hebrew	pestle
6140	5692	שְׁחוּת	hebrew	pit
6141	5693	רִישׁ	hebrew	poverty
6142	5694	אַחֲרַי	hebrew	backwards
6143	5695	פָּנַק	hebrew	to pamper
6144	5696	מָנוֹן	hebrew	progeny
6145	5697	עֲלוּקָה	hebrew	leech
6146	5698	שְׂמָמִית	hebrew	lizard
6147	5699	זַרְזִיר	hebrew	greyhound
6148	5700	אַלְקוּם	hebrew	army
6149	5701	מִיץ	hebrew	pressing
6150	5702	חֲלוֹף	hebrew	destruction
6151	151	לָקַח	hebrew	to take: buy
6152	5703	כִּישׁוֹר	hebrew	distaff
6153	5704	פֶּ֫לֶךְ	hebrew	district
6154	5705	עַצְלוּת	hebrew	sluggishness
6155	5706	קֹהֶ֫לֶת	hebrew	preacher
6156	5707	יִתְרוֹן	hebrew	advantage
6157	5708	כְּבָר	hebrew	already
6158	5709	עִנְיָן	hebrew	task
6159	5710	עָנָה	hebrew	be occupied
6160	5711	רְעוּת	hebrew	longing
6161	5712	תָּקַן	hebrew	be straight
6162	5713	חֶסְרוֹן	hebrew	deficiency
6163	5714	הוֹלֵלָה	hebrew	madness
6164	5715	שִׂכְלוּת	hebrew	folly
6165	5716	רַעְיוֹן	hebrew	striving
6166	5717	סִכְלוּת	hebrew	folly
6167	5718	פַּרְדֵּס	hebrew	park
6168	5719	שִׁדָּה	hebrew	concubine
6169	5720	מִקְרֶה	hebrew	accident
6170	5721	יוֹתֵר	hebrew	advantage
6171	5722	עָמֵל	hebrew	laborious
6172	5723	כִּשְׁרוֹן	hebrew	skill
6173	5724	חוּשׁ	hebrew	to enjoy
6174	5725	זְמָ֑ן	hebrew	time
6175	5726	עֲדֶן	hebrew	still
6176	5727	אִי	hebrew	woe!
6177	5728	מִסְכֵּן	hebrew	poor
6178	5729	רְאוּת	hebrew	sight
6179	5730	נֶ֫כֶס	hebrew	wealth
6180	5731	אִלּוּ	hebrew	except
6181	5732	תַּקִּיף	hebrew	mighty
6182	5733	חֶשְׁבּוֹן	hebrew	explanation
6183	5734	חִשָּׁבוֹן	hebrew	invention
6184	5735	פֵּ֫שֶׁר	hebrew	interpretation
6185	5736	שִׁלְטוֹן	hebrew	power
6186	5737	פִּתְגָּם	hebrew	edict
6187	5738	/שׁ	hebrew	which/that
6188	5739	בּוּר	hebrew	to explain
6189	5740	עֲבָד	hebrew	work
6190	5741	מֵרוֹץ	hebrew	race
6191	5742	פֶּ֫גַע	hebrew	chance
6192	5743	מְצוֹדָה	hebrew	net
6193	5744	מָצוֹד	hebrew	siegework
6194	5745	סֶ֫כֶל	hebrew	folly
6195	5746	גּוּמָּץ	hebrew	pit
6196	5747	סָכַן	hebrew	to endanger
6197	5748	כָּשֵׁר	hebrew	to succeed
6198	5749	הוֹלֵלוּת	hebrew	madness
6199	5750	שְׁתִי	hebrew	drunkenness
6200	5751	מְקָרֶה	hebrew	rafter
6201	5752	שִׁפְלוּת	hebrew	idleness
6202	5753	שַׁחֲרוּת	hebrew	dark hair
6203	5754	בָּטַל	hebrew	to cease
6204	5755	טַחֲנָה	hebrew	mill
6205	5756	חַתְחַת	hebrew	terror
6206	5757	אֲבִיּוֹנָה	hebrew	desire
6207	5758	אָזַן	hebrew	to ponder
6208	5759	דָּֽרְבֹנָה	hebrew	goad
6209	5760	מַשְׂמְרָה	hebrew	nail
6210	5761	אֲסֻפָּה	hebrew	collection
6211	5762	לַ֫הַג	hebrew	study
6212	5763	יְגִעָה	hebrew	weariness
6213	5764	שְׁחַרְחֹר	hebrew	blackish
6214	5765	גְּדִיָּה	hebrew	kid
6215	5766	סוּסָה	hebrew	mare
6216	5767	רַעְיָה	hebrew	darling
6217	5768	תּוֹר	hebrew	plait
6218	5769	חָרוּז	hebrew	string
6219	5770	נְקֻדָּה	hebrew	bead
6220	5771	נֵרְדְּ	hebrew	nard
6221	2005	דּוֹד	hebrew	beloved
6222	5772	כֹּ֫פֶר	hebrew	henna
6223	5773	רָהִיט	hebrew	rafter
6224	5774	בְּרוֹת	hebrew	cypress
6225	5775	עֹ֫פֶר	hebrew	fawn
6226	5776	כֹּ֫תֶל	hebrew	wall
6227	5777	צוּץ	hebrew	to gaze
6228	5778	חֲרַכִּים	hebrew	lattice
6229	5779	סְתָיו	hebrew	winter
6230	5780	נִצָּן	hebrew	flower
6231	5781	זָמִיר	hebrew	branch
6232	5782	פַּגָּה	hebrew	early fig
6233	5783	סְמַדֵר	hebrew	blossom
6234	1856	קָטַר	hebrew	to offer: to perfume
6235	5784	אֲבָקָה	hebrew	aromatic powder
6236	5785	אַפִּרְיוֹן	hebrew	carriage
6237	5786	רְפִידָה	hebrew	back
6238	5787	רָצַף	hebrew	to fit
6239	5788	חֲתֻנָּה	hebrew	marriage
6240	5789	גָּלַשׁ	hebrew	to step down
6241	5790	קָצַב	hebrew	to shear
6242	5791	רַחְצָה	hebrew	washing
6243	5792	תָּאַם	hebrew	be double
6244	5793	מִדְבָּר	hebrew	mouth
6245	5794	רַקָּה	hebrew	temple
6246	5795	תַּלְפִּיָּוֹת	hebrew	weapon
6247	5796	צְבִיָּה	hebrew	gazelle
6248	5797	צַוָּרוֹן	hebrew	necklace
6249	5798	נָעַל	hebrew	to lock
6250	5799	כַּרְכֹּם	hebrew	saffron
6251	5800	בֹּ֫שֶׂם	hebrew	spice
6252	5801	יַ֫עַר	hebrew	honeycomb
6253	5802	קְוֻצּוֹת	hebrew	lock
6254	5803	רָסִיס	hebrew	drop
6255	5804	אֵיכָ֫כָה	hebrew	how?
6256	5805	טָנַף	hebrew	to soil
6257	5806	מַנְעוּל	hebrew	bolt
6258	5807	דָּגַל	hebrew	to look
6259	5808	תַּלְתַּלִּים	hebrew	lock
6260	5809	מִלֵּאת	hebrew	setting
6261	5810	מֶרְקָח	hebrew	spice
6262	5811	גָּלִיל	hebrew	circuit
6263	5812	עֶ֫שֶׁת	hebrew	plate
6264	5813	שֵׁשׁ	hebrew	alabaster
6265	5814	מַמְתַֿקִּים	hebrew	sweetness
6266	5815	מַלְכָּה	hebrew	queen
6267	5816	גִּנָּה	hebrew	garden
6268	5817	אֱגוֹז	hebrew	nut
6269	5818	נָצַץ	hebrew	to bud
6270	5819	חַמּוּק	hebrew	curve
6271	5820	אָמָּן	hebrew	artisan
6272	5821	שֹׁרֶר	hebrew	navel
6273	5822	סַ֫הַר	hebrew	roundness
6274	5823	מֶ֫זֶג	hebrew	mixture
6275	5824	סוּג	hebrew	to fence
6276	5825	רַ֫הַט	hebrew	lock
6277	5826	סַנְסִנִּים	hebrew	fruit-stalk
6278	5827	דָּבַב	hebrew	to glide
6279	5828	כָּפָר	hebrew	village
6280	5829	רֶ֫קַח	hebrew	spice
6281	5830	רָפַק	hebrew	to lean
6282	5831	חֶ֫רֶשׁ	hebrew	silently
6283	5832	תִּקְוָה	hebrew	cord
6284	5833	עָבוּר	hebrew	produce
6285	928	יָצַק	hebrew	to pour: set down
6286	5834	צָיַר	hebrew	to take provision
6287	5835	נִקּוּד	hebrew	crumb
6288	5836	צוּד	hebrew	to provision
6289	5837	שָׂרַד	hebrew	to escape
6290	5838	אֲשֵׁדָה	hebrew	slope
6291	5839	נָפָה	hebrew	height
6292	5840	סֶ֫רֶן	hebrew	lord
6293	5841	תָּאַר	hebrew	to border
6294	5842	צָנַח	hebrew	to descend
6295	5843	עִלִּי	hebrew	upper
6296	5844	מִבְדָּלָה	hebrew	separate place
6297	5845	גַּיְא	hebrew	Valley
6298	5846	מוּעָדָה	hebrew	designated
6299	163	נָפַל	hebrew	to fall: fail
6300	5847	מֶ֫רֶד	hebrew	rebellion
6301	160	בּוֹא	hebrew	to come (in): marry
6302	5848	שֹׁטֵט	hebrew	scourge
6303	5849	מַאֲפֵל	hebrew	darkness
6304	5850	אַלָּה	hebrew	oak
6305	5851	אִטֵּר	hebrew	lefthanded
6306	5852	פֵּיָה	hebrew	two-edged
6307	5853	גֹּ֫מֶד	hebrew	short cubit
6308	5854	מְקֵרָה	hebrew	cool
6309	5855	נִצָּב	hebrew	hilt
6310	5856	פַּרְשְׁדֹ֑נָה	hebrew	refuse
6311	5857	מִסְדְּרוֹן	hebrew	porch
6312	5858	מַלְמֵד	hebrew	oxgoad
6313	5859	שְׂמִיכָה	hebrew	rug
6314	5860	מַקֶּ֫בֶת	hebrew	hammer
6315	5861	פָּרַע	hebrew	to lead
6316	5862	פְּרָזוֹן	hebrew	villager
6317	5863	לָחֶם	hebrew	war
6318	5864	צָחֹר	hebrew	tawny
6319	5865	חָצַץ	hebrew	to shoot
6320	5866	מַשְׁאָב	hebrew	well
6321	5867	תָּנָה	hebrew	to recount
6322	5868	פְּלֻגָּה	hebrew	division
6323	5869	מִפְרָץ	hebrew	landing
6324	5870	גָּרַף	hebrew	to sweep away
6325	5871	קָדוּם	hebrew	ancient
6326	5872	דַּהֲרָה	hebrew	rushing
6327	5873	סֵ֫פֶל	hebrew	bowl
6328	5874	הַלְמוּת	hebrew	hammer
6329	5875	מָחַק	hebrew	to destroy
6330	5876	יָבַב	hebrew	to cry
6331	5877	צֶ֫בַע	hebrew	dye
6332	5878	מִנְהָרָה	hebrew	cave
6333	5879	גִּזָּה	hebrew	fleece
6334	5880	צָפַר	hebrew	to depart
6335	5881	לָקַק	hebrew	to lick
6336	5882	צְלִיל	hebrew	bun
6337	268	קוּם	hebrew	to arise: guard
6338	5883	בַּרְקָנִים	hebrew	briar
6339	5884	מֹ֫תֶק	hebrew	sweetness
6340	5885	תׇּרְמָה	hebrew	treachery
6341	5886	צְרִיחַ	hebrew	stronghold
6342	5887	שׂוֹכָה	hebrew	branch
6343	5888	שׂוֹךְ	hebrew	branch
6344	278	נָשָׂא	hebrew	to lift: bearing(armour)
6345	199	שָׁמַע	hebrew	to hear: judge
6346	5889	סִבֹּלֶת	hebrew	stream
6347	238	שָׁלַח	hebrew	to send: marriage
6348	5890	מוֹרָה	hebrew	razor
6349	5891	תֹּאֲנָה	hebrew	opportunity
6350	5892	חֲלִיצָה	hebrew	spoil
6351	5893	רָעָה	hebrew	to befriend
6352	5894	חֲמוֹר	hebrew	heap
6353	5895	מַחֲלָפָה	hebrew	lock
6354	5896	מַסֶּ֫כֶת	hebrew	weave
6355	5897	אָלַץ	hebrew	to urge
6356	5898	עֶ֫צֶר	hebrew	magistrate
6357	5899	עָצֵל	hebrew	be sluggish
6358	5900	כְּבוּדָּ֯ה	hebrew	riches
6359	5901	בָּלַל	hebrew	to feed
6360	55	מוֹעֵד	hebrew	meeting: signal appointed
6361	223	בֵּן	hebrew	son: warrior
6362	278	נָשָׂא	hebrew	to lift: marry
6363	5902	לָהֵן	hebrew	therefore
6364	5903	עָגַן	hebrew	to refrain
6365	5904	צָבַט	hebrew	to serve
6366	5905	שָׁלַל	hebrew	to take
6367	5906	צְבָתִים	hebrew	bundle
6368	5907	מֹדַ֫עַת	hebrew	kinsman
6369	5908	פְּלֹנִי	hebrew	someone
6370	5909	אַלְמֹנִי	hebrew	someone
6371	5910	צָרָה	hebrew	vexer
6372	5911	מָצוּק	hebrew	pillar
6373	5912	מַזְלֵג	hebrew	fork
6374	1319	שֵׁן	hebrew	tooth: prong
6375	5913	בָּרָא	hebrew	to fatten
6376	5914	אָדַב	hebrew	to grieve
6377	5915	אֲגוֹרָה	hebrew	piece
6378	5916	כָּהָה	hebrew	to rebuke
6379	5917	מַפְרֶקֶת	hebrew	neck
6380	5918	שָׂתַר	hebrew	to burst
6381	5919	אַרְגַּז	hebrew	box
6382	5920	כֹּפֶר	hebrew	village
6383	1194	כּוּן	hebrew	to establish: commit
6384	5921	רַקָּחָה	hebrew	perfumer
6385	5922	טַבָּחָה	hebrew	cook
6386	5923	תְּשׁוּרָה	hebrew	present
6387	5924	פַּךְ	hebrew	vial
6388	587	שָׁלוֹם	hebrew	peace: greeting
6389	5925	מַחֲרֵשָׁה	hebrew	plowshare
6390	5926	פְּצִירָה	hebrew	bluntness
6391	5927	קִלְּשׁוֹן	hebrew	fork
6392	5928	דׇּרְבוֹן	hebrew	goad
6393	5929	מַעְצוֹר	hebrew	restraint
6394	5930	הֵ֫לֶךְ	hebrew	traveller
6395	5931	יַעְרָה	hebrew	honeycomb
6396	5932	עִיט	hebrew	to pounce
6397	341	תָּמִים	hebrew	unblemished: Thummim
6398	5933	נְמִבְזֶה	hebrew	vile
6399	5934	שָׁסַף	hebrew	to hew
6400	5935	בֵּנַיִם	hebrew	champion
6401	5936	מִצְחָה	hebrew	greave
6402	5937	מָנוֹר	hebrew	loom-beam
6403	5938	חָרִיץ	hebrew	incision
6404	5939	חַלֻּק	hebrew	smooth
6405	5940	יַלְקוּט	hebrew	pouch
6406	5941	עֶ֫לֶם	hebrew	youth
6407	5942	חֲגוֹר	hebrew	belt
6408	5943	שָׁלִישׁ	hebrew	triangle
6409	5944	עִין	hebrew	to watch
6410	5945	חַי	hebrew	kinsfolk
6411	5946	כָּבִיר	hebrew	quilt
6412	5947	לַהֲקָה	hebrew	company
6413	5948	פֶּ֫שַׂע	hebrew	step
6414	5949	מַרְדּוּת	hebrew	rebellious
6415	5950	חָיַי	hebrew	to live
6416	5951	חֵ֫צִי	hebrew	arrow
6417	5952	אִין	hebrew	isn't?
6418	5953	נָחַץ	hebrew	to urge
6419	628	רוּץ	hebrew	to run: guard
6420	5954	מַחֲבֹא	hebrew	refuge
6421	5955	פַּרְעֹשׁ	hebrew	flea
6422	5956	עִיט	hebrew	to scream
6423	5957	צַמּוּק	hebrew	cluster
6424	5958	שָׁתַן	hebrew	to urinate
6425	5959	פּוּקָה	hebrew	staggering
6426	5960	צַפַּ֫חַת	hebrew	jar
6427	5961	רַאֲשֹׁת	hebrew	head-place
6428	200	קוֹל	hebrew	voice: listen
6429	5962	פָּגַר	hebrew	to faint
6430	5963	שָׁבָץ	hebrew	agony
6431	5964	שׂוּג	hebrew	to turn back
6432	5965	חֹ֫מֶשׁ	hebrew	belly
6433	5966	שְׁלִי	hebrew	quietness
6434	5967	פָּסַח	hebrew	to limp
6435	5968	בְּשֹׂרָה	hebrew	good news
6436	5969	בָּכָא	hebrew	balsam
6437	5970	צְעָדָה	hebrew	marching
6438	5971	מְנַעֲנֵעַ	hebrew	castanets
6439	5972	שַׁל	hebrew	irreverence
6440	5973	כָּרַר	hebrew	to dance
6441	5974	אֶשְׁפָּר	hebrew	raisin bun
6442	1311	שֵׁ֫בֶט	hebrew	tribe: ruler
6443	5975	תּוֹרָה	hebrew	custom
6444	5976	מָ֫דוּ	hebrew	garment
6445	5977	אַרְבַּעְתַּיִם	hebrew	fourfold
6446	5978	מְגֵרָה	hebrew	saw
6447	5979	מַגְזֵרָה	hebrew	axe
6448	5980	בִּרְיָה	hebrew	food
6449	5981	לִבֵּב	hebrew	to bake
6450	5982	לְבִבָה	hebrew	cake
6451	5983	מַשְׂרֵת	hebrew	pan
6452	5984	שׂוּמָה	hebrew	fate
6453	144	סָבַב	hebrew	to turn: changed
6454	5985	רֵעֶה	hebrew	friend
6455	5986	עָפַר	hebrew	to throw
6456	5987	מִיכָל	hebrew	brook
6457	5988	שְׁפוֹת	hebrew	cheese
6458	5989	שׂוֹבֶךְ	hebrew	thicket
6459	1311	שֵׁ֫בֶט	hebrew	tribe: javelin
6460	5990	שֹׁעֵר	hebrew	gatekeeper
6461	5991	לָאַט	hebrew	to cover
6462	5992	עֲבָרָה	hebrew	ford
6463	5993	שִׁיבָה	hebrew	sojourn
6464	5994	נִשֵּׂאת	hebrew	gift
6465	278	נָשָׂא	hebrew	to lift: give(gift)
6466	5995	חַיּוּת	hebrew	living
6467	5996	יָגָה	hebrew	to thrust away
6468	5997	קַ֫יִן	hebrew	spear
6469	5998	חַשְׁרָה	hebrew	collection
6470	5999	מִגְדּוֹל	hebrew	tower
6471	6000	פִּרְדָּה	hebrew	female mule
6472	232	שׁוּב	hebrew	to return: refuse
6473	6001	יְשָׁרָה	hebrew	uprightness
6474	6002	רְעִי	hebrew	pasture
6475	6003	בַּרְבֻּרִים	hebrew	fowl
6476	1365	עֵ֫בֶר	hebrew	side: west
6477	6004	אֻרְיָה	hebrew	stall
6478	6005	דֹּבְרוֹת	hebrew	raft
6479	6006	מַכֹּ֫לֶת	hebrew	food
6480	6007	סַבָּל	hebrew	burden
6481	6008	שָׁקוּף	hebrew	frame
6482	6009	יָצִיעַ	hebrew	floor
6483	6010	מִגְרָעָה	hebrew	recess
6484	6011	מַסָּע	hebrew	quarry
6485	6012	לוּל	hebrew	stairs
6486	6013	גֵּב	hebrew	beam
6487	6014	שְׂדֵרָה	hebrew	rank
6488	6015	סִפֻּן	hebrew	ceiling
6489	6016	מִקְלַ֫עַת	hebrew	engraving
6490	6017	פֶּקָעִים	hebrew	gourd
6491	6018	קָלַע	hebrew	to carve
6492	6019	גָּלִיל	hebrew	turned
6493	6020	כָּרֻתָה	hebrew	beam
6494	6021	מֶחֱזָה	hebrew	window
6495	6022	שֶׁ֫קֶף	hebrew	frame
6496	6023	מַסַּד	hebrew	foundation
6497	842	בֶּ֫טֶן	hebrew	belly: hump
6498	2090	שְׂמָאלִי	hebrew	left: north
6499	6024	עָגֹל	hebrew	round
6500	6025	יְצֻקָה	hebrew	casting
6501	6026	שַׁלָבִּים	hebrew	frame
6502	6027	לֹיָה	hebrew	wreath
6503	6028	סֶ֫רֶן	hebrew	axle
6504	6029	חִשֻּׁק	hebrew	spoke
6505	6030	חִשֻּׁר	hebrew	hub
6506	6031	מַעֲרֶה	hebrew	gap
6507	6032	מַעֲבֶה	hebrew	thickness
6508	6033	אַלְמֻגִּים	hebrew	almug
6509	6034	מִסְעָד	hebrew	support
6510	6035	מִסְחָר	hebrew	merchandise
6511	6036	שָׁחוּט	hebrew	beaten
6512	6037	פָּזַז	hebrew	be refined
6513	6038	שֶׁנְהַבִּים	hebrew	ivory
6514	6039	קוֹף	hebrew	ape
6515	6040	תֻּכִּיִּים	hebrew	peacock
6516	6041	קְטֹן	hebrew	little finger
6517	6042	סִבָּה	hebrew	turn
6518	6043	בָּדָא	hebrew	to devise
6519	6044	שֵׂיב	hebrew	age
6520	6045	מִפְלֶ֫צֶת	hebrew	horror
6521	6046	סְעִפָּה	hebrew	division
6522	6047	הָתַל	hebrew	to mock
6523	6048	שִׂיג	hebrew	pursuing
6524	6049	גָּהַר	hebrew	to bend (down)
6525	6050	שָׁנַס	hebrew	to gird
6526	6051	רֶצֶף	hebrew	coal
6527	6052	אֲכִילָה	hebrew	food
6528	6053	שָׂפַק	hebrew	to suffice
6529	6054	חָשִׂף	hebrew	little flock
6530	6055	חָלַט	hebrew	to catch
6531	6056	אֲפֵר	hebrew	bandage
6532	6057	סַר	hebrew	stubborn
6533	6058	זָעֵף	hebrew	vexed
6534	6059	רַכָּב	hebrew	charioteer
6535	6060	גָּלַם	hebrew	to fold
6536	6061	מְשַׁכֶּ֫לֶת	hebrew	barenness
6537	6062	צְלֹחִית	hebrew	jar
6538	6063	מִבְחוֹר	hebrew	choice
6539	6064	קַלָּע	hebrew	slinger
6540	6065	אָסוּךְ	hebrew	flask
6541	6066	נְשִׁי	hebrew	debt
6542	6067	שָׁלָה	hebrew	to neglect
6543	6068	זָרַר	hebrew	to sneeze
6544	6069	אוֹרָה	hebrew	herb
6545	6070	פַּקֻּעֹת	hebrew	gourd
6546	6071	צִקָּלֹן	hebrew	sack
6547	6072	תַּחֲנָה	hebrew	encampment
6548	6073	נָחֵת	hebrew	descended
6549	6074	אֵיכֹה	hebrew	where?
6550	6075	כָּרָה	hebrew	to feed
6551	6076	כֵּרָה	hebrew	feast
6552	6077	קַב	hebrew	kab
6553	6078	דִּבְיוֹנִים	hebrew	quano
6554	6079	מַכְבֵּר	hebrew	cloth
6555	6080	מִנְהָג	hebrew	driving
6556	6081	צִבּוּר	hebrew	heap
6557	6082	עׇקְבָה	hebrew	cunning
6558	6083	מֶלְתָּחָה	hebrew	apparel
6559	6084	מַסָּח	hebrew	defense
6560	6085	מַכָּר	hebrew	acquaintance
6561	6086	מַחְצֵב	hebrew	hewing
6562	6087	תַּעֲרֻבָה	hebrew	security
6563	6088	חׇפְשִׁית	hebrew	freedom
6564	6089	קָבָל	hebrew	before
6565	6090	מַרְצֶ֫פֶת	hebrew	pavement
6566	6091	מוּסָךְ	hebrew	portico
6567	6092	חָפָא	hebrew	to do secretly
6568	6093	אֹמְנָה	hebrew	pillar
6569	6094	שְׁדֵפָה	hebrew	blight
6570	199	שָׁמַע	hebrew	to hear: welcome
6571	6095	מַזָּלוֹת	hebrew	constellation
6572	628	רוּץ	hebrew	to run: pieces
6573	6096	יָחַשׂ	hebrew	to enroll
6574	6097	חֲבִתִּים	hebrew	flatbread
6575	6098	גּוּפָה	hebrew	body
6576	6099	עָדַר	hebrew	to help
6577	6100	מְצִלְתַּיִם	hebrew	cymbal
6578	6101	חָצַר	hebrew	to blow
6579	6102	כַּרְבֵּל	hebrew	be clothed
6580	6103	חֶדְוָה	hebrew	joy
6581	6104	תּוֹר	hebrew	border
6582	6105	מִפְשָׂעָה	hebrew	hip
6583	6106	שׂוּר	hebrew	to saw
6584	6107	נָדָן	hebrew	sheath
6585	6108	מְחַבְּרָה	hebrew	clamp
6586	6109	שֶׁ֫קֶט	hebrew	quietness
6587	6110	תַּלְמִיד	hebrew	pupil
6588	6111	אָסֹף	hebrew	storehouse
6589	6112	גַּנְזַךְ	hebrew	treasury
6590	6113	כְּפוֹר	hebrew	bowl
6591	6114	שַׁ֫יִשׁ	hebrew	alabaster
6592	6115	אֲדַרְכֹּן	hebrew	dram
6593	6116	אַרְגְּוָן	hebrew	purple
6594	6117	כַּרְמִיל	hebrew	crimson
6595	6118	אַלְגּוּמִּים	hebrew	algum
6596	6119	צֹ֫רֶךְ	hebrew	need
6597	6120	רַפְסֹדָה	hebrew	raft
6598	6121	סְפָר	hebrew	numbering
6599	6122	צַעֲצֻעִים	hebrew	image
6600	6123	צֶ֫פֶת	hebrew	capital
6601	6124	מִכְלָה	hebrew	perfection
6602	6125	נוּחַ	hebrew	rest
6603	6126	כֶּ֫בֶשׁ	hebrew	footstool
6604	6127	נְבוּאָה	hebrew	prophecy
6605	6128	חָזוֹת	hebrew	vision
6606	6129	נְסִבָּה	hebrew	turn
6607	6130	מִדְרָשׁ	hebrew	story
6608	6131	חָלָא	hebrew	be sick
6609	6132	בִּירָנִית	hebrew	fortress
6610	6133	מַשֹּׂא	hebrew	respect
6611	6134	מִקָּח	hebrew	taking
6612	6135	תְּבוּסָה	hebrew	ruin
6613	6136	מִרְשַׁ֫עַת	hebrew	wickedness
6614	6137	מַחֲלוּי	hebrew	suffering
6615	6138	דָּחַף	hebrew	to hasten
6616	6139	מַעֲרֹם	hebrew	naked
6617	6140	אִגֶּ֫רֶת	hebrew	letter
6618	6141	מְקַטֵרָה	hebrew	incense-altar
6619	6142	שְׁחִיטָה	hebrew	slaughtering
6620	6143	יַ֫חַשׂ	hebrew	genealogy
6621	6144	יָצִיא	hebrew	offspring
6622	6145	אֲוֵרָה	hebrew	stall
6623	6146	עֵילוֹם	hebrew	ever
6624	6147	בָּדַק	hebrew	to repair
6625	6148	חֲלֻקָּה	hebrew	division
6626	6149	מִפְלַגָּה	hebrew	division
6627	6150	צֵלָחָה	hebrew	pot
6628	6151	לָעַב	hebrew	to jest
6629	6152	יָשֵׁשׁ	hebrew	decrepit
6630	6153	קַשָּׁב	hebrew	attentive
6631	6154	שָׂבַר	hebrew	to inspect
6632	6155	רַקָּח	hebrew	perfumer
6633	6156	עָזַב	hebrew	to restore
6634	6157	טָלַל	hebrew	to cover
6635	6158	נִשְׁכָּה	hebrew	chamber
6636	6159	צֹרְפִי	hebrew	goldsmith
6637	6160	אֲמֵלָל	hebrew	weak
6638	6161	בּוּזָה	hebrew	contempt
6639	6162	מִדָּה	hebrew	tribute
6640	6163	מָלַךְ	hebrew	to advise
6641	6164	מַשָּׁא	hebrew	interest
6642	6165	גּוּף	hebrew	to shut
6643	6166	דַּרְכְּמוֹן	hebrew	drachma
6644	6167	מֹ֫עַל	hebrew	lifting
6645	6168	מַשְׁמָן	hebrew	fat piece
6646	6169	עַבְדוּת	hebrew	slavery
6647	6170	עָדַן	hebrew	to luxuriate
6648	6171	אֲמָנָה	hebrew	sure
6649	6172	מַקָּחָה	hebrew	ware
6650	6173	קֻרְבָּן	hebrew	offering
6651	6174	זָמַן	hebrew	to appoint
6652	6175	הֻיְּדוֹת	hebrew	praise
6653	6176	תַּהֲלוּכָה	hebrew	procession
6654	6177	גֹּ֫אֶל	hebrew	defilement
