Abana@2Ki.5.12	33.513542	36.305	1000	river	Barada River
Nebo_Mount@Deu.32.49	31.7539	35.7152	1000	mountain range	Abarim
Abdon@Jos.21.30	33.047692	35.161916	826	settlement	Tel Avdon
Abel-beth-maacah@2Sa.20.14	33.258051	35.581007	756	settlement	Tel Abel Beth Maacah
Abel-keramim@Jdg.11.33	31.87561	36.00486	236	settlement	Sahab
Abel-keramim@Jdg.11.33	31.8686	35.8881	106	settlement	Tall al Umayri
Abel-keramim@Jdg.11.33	31.905663	35.855908	91	settlement	another name for Abila
Abel-keramim@Jdg.11.33	31.867559	35.82938	38	settlement	Naur
Abel-keramim@Jdg.11.33	32.030433	35.917261	0	settlement	Kom Yajuz
Abel-keramim@Jdg.11.33	31.87606	35.928768	0	settlement	Khirbet es Suq
Abel-meholah@Jdg.7.22	32.3743	35.56089	656	settlement	Tell Abu Sus
Abel-meholah@Jdg.7.22	32.32656	35.50465	28	settlement	Tell el Hilu
Abel-meholah@Jdg.7.22	32.1762	35.4933	0	settlement	Ras el Kharube
Abel-meholah@Jdg.7.22	32.4718	35.5994	0	settlement	Tell el Hamme
Abel-meholah@Jdg.7.22	32.4002	35.5905	0	settlement	Tall al Meqbarah
Abel-meholah@Jdg.7.22	32.40237	35.6823	0	settlement	Tell el Maqlub
Atad@Gen.50.10	31.914888	35.530445	660	settlement	near the mouth of the Jordan River
Atad@Gen.50.10	31.820379	35.501161	147	settlement	another name for Beth-hoglah
Atad@Gen.50.10	31.467	34.4041	35	settlement	Tall al Ajjul
Abel-shittim@Num.33.49	31.84018	35.67368	761	campsite	another name for Shittim
Abel-shittim@Num.33.49	31.85055	35.65296	43	campsite	Tall Kafrayn
Abel-shittim@Num.33.49	31.84018	35.67368	0	campsite	Tall el Hammam
Abilene@Luk.3.1	33.626667	36.105833	1000	region	Abilene
Abronah@Num.33.34	29.530676	34.999999	268	campsite	another name for Elath
Abronah@Num.33.34	29.672913	35.013917	210	campsite	Ein Evrona
Abronah@Num.33.34	29.57148	34.96352	60	campsite	Eilat
Abronah@Num.33.34	29.6131	34.84979	37	campsite	in Qa’an Naqb
Accad@Gen.10.10	33.025556	44.391944	241	settlement	Tell Sheshubar
Accad@Gen.10.10	33.09979	44.29833	134	settlement	Tell ed Der
Accad@Gen.10.10	32.543333	44.422222	106	settlement	another name for Babylon 1
Accad@Gen.10.10	34.03283	44.22484	45	settlement	Dhuluiya
Accad@Gen.10.10	32.591302	44.555928	45	settlement	Ishan Mizyad
Accad@Gen.10.10	34.095475	43.959646	45	settlement	Qadisiyah
Accad@Gen.10.10	33.300568	44.468205	45	settlement	Tell Muhammad
Acco@Jdg.1.31	32.921111	35.088333	1000	settlement	Tel Akko
Achaia@Act.18.12	38.72	22.54	1000	region	Achaia
Achshaph@Jos.11.1	32.75885	35.09027	332	settlement	Tel Regev
Achshaph@Jos.11.1	32.872761	35.15133	243	settlement	Tell Keisan
Achshaph@Jos.11.1	32.901389	35.169444	7	settlement	Tell Bir el Gharbi
Achshaph@Jos.11.1	33.0084	35.1391	0	settlement	Tel Kabri
Achzib@Jos.15.44	31.642074	34.953019	536	settlement	Tel el Beida
Achzib@Jos.15.44	31.690129	35.003282	51	settlement	Ain Kezbeh
Achzib@Jos.19.29	33.048278	35.102652	794	settlement	Tel Achziv
Adadah@Jos.15.22	31.15214	34.97907	579	settlement	Khirbet Aro’er
Adadah@Jos.15.22	31.15214	34.97907	0	settlement	another name for Aroer 3
Adam@Jos.3.16	32.103933	35.546789	823	settlement	Tell ed Damiyeh
Adamah@Jos.19.36	32.799722	35.459722	377	settlement	Qarn Hattin
Adamah@Jos.19.36	32.94162	35.574903	116	settlement	Hajar ed Damm
Adamah@Jos.19.36	32.749167	35.459167	23	settlement	Tel Adami
Adamah@Jos.19.36	32.931111	35.4175	0	settlement	Khirbet esh Shiba
Adami-nekeb@Jos.19.33	32.749167	35.459167	722	settlement	Tel Adami
Adami-nekeb@Jos.19.33	32.734475	35.481228	34	settlement	Khirbet Bessum
Adami-nekeb@Jos.19.33	32.634297	35.539398	16	settlement	Khirbet Idma
Addar@Jos.15.3	30.583378	34.484081	414	settlement	another name for Hazar-addar
Addar@Jos.15.3	30.583378	34.484081	184	settlement	Ein Qedeis
Addan@Ezr.2.59	32.543333	44.422222	632	settlement	in Babylonia
Adithaim@Jos.15.36	31.963319	34.951764	346	settlement	Al Haditha
Adithaim@Jos.15.36	31.728465	34.953544	179	settlement	Khirbet Kheishum
Adithaim@Jos.15.36	31.87978	35.0146	100	settlement	Khirbet el Hadatha
Adithaim@Jos.15.36	31.6963	34.9575	0	settlement	Khirbet Qeiyafa
Admah@Gen.10.19	31.20849	35.449223	491	settlement	in the Valley of Siddim
Admah@Gen.10.19	32.103933	35.546789	53	settlement	another name for Adam
Admah@Gen.10.19	31.90094	35.624546	48	settlement	Tall Nimrin
Admah@Gen.10.19	30.87767	35.437069	46	settlement	Khanazir
Admah@Gen.10.19	31.795	35.595278	7	settlement	in the region north of the Dead Sea
Admah@Gen.10.19	30.939606	35.458842	0	settlement	Feifa
Adoraim@2Ch.11.9	31.50506	35.0275	815	settlement	Dura
Adramyttium@Act.27.2	39.500667	26.932716	1000	settlement	Oren
Adriatic_Sea@Act.27.27	38	19	1000	body of water	Adriatic and Ionian Seas
Adullam@Jos.12.15	31.651667	35.001667	737	settlement	Khirbet esh Sheikh Madhkur
Adullam@Jos.12.15	31.655	35.003889	0	settlement	Khirbet Id el Minya
Adummim@Jos.15.7	31.8175	35.361505	1000	road	Adummim
Aenon@Jhn.3.23	32.38152	35.52821	276	settlement	Umm el Umdan
Aenon@Jhn.3.23	32.30181	35.3974	226	settlement	Khirbet Einun
Aenon@Jhn.3.23	31.8375	35.549444	45	settlement	Aenon
Aenon@Jhn.3.23	32.38511	35.53353	26	settlement	Khirbet Khishash ed Deir
Aenon@Jhn.3.23	32.20871	35.33033	20	settlement	Salim
Ahava@Ezr.8.15	32.543333	44.422222	708	canal	within 250 km of Babylon 1
Ahava@Ezr.8.15	33.643918	42.823141	34	settlement	Hit
Ahava@Ezr.8.15	33.1815	44.6991	34	settlement	Opis
Ahava@Ezr.8.15	33.775182	44.289872	34	settlement	Tell Ishnayt
Ahava@Ezr.8.15	33.823671	44.244982	17	settlement	Mesčin
Ahlab@Jdg.1.31	33.317804	35.243368	665	settlement	Khirbet al Mahalib
Ahlab@Jdg.1.31	33.164722	35.168333	61	settlement	Ras el Biyada
Ai@Gen.12.8	31.916944	35.261111	522	settlement	Et Tell
Ai@Gen.12.8	31.91476	35.2496	75	settlement	Khirbet el Maqatir
Ai@Gen.12.8	31.897515	35.228619	28	settlement	Khirbet Nisieh
Ai@Gen.12.8	31.905169	35.270379	9	settlement	Khirbet Haiyan
Ai@Gen.12.8	31.9125	35.2464	9	settlement	Khirbet Ibn Baraq
Ai@Jer.49.3	31.13422	35.640041	63	settlement	Khirbet Ai
Ai@Jer.49.3	30.955999	35.77948	60	settlement	Medeineh
Ai@Jer.49.3	31.180556	35.701389	42	settlement	in Moab 1
Ai@Jer.49.3	31.916944	35.261111	19	settlement	another name for Ai 1
Ai@Gen.12.8	31.916944	35.261111	628	settlement	another name for Ai 1
Ai@Gen.12.8	31.905169	35.270379	100	settlement	Khirbet Haiyan
Ai@Gen.12.8	31.916944	35.261111	653	settlement	another name for Ai 1
Ai@Gen.12.8	31.905169	35.270379	9	settlement	Khirbet Haiyan
Ai@Gen.12.8	31.916944	35.261111	884	settlement	another name for Ai 1
Ai@Gen.12.8	31.916944	35.261111	0	settlement	another name for Aiath
Aijalon@Jos.10.12	31.841111	35.023611	665	settlement	Yalo
Aijalon@Jos.10.12	31.8401	35.0263	170	settlement	Tell el Kokah
Aijalon@Jos.10.12	31.905169	35.270379	0	settlement	Khirbet Haiyan
Aijalon@Jos.10.12	32.814086	35.309023	151	settlement	Tel el Butmeh
Aijalon@Jos.10.12	32.788056	35.310556	90	settlement	within 10 km of Rimmon 3
Aijalon@Jos.10.12	32.7689	35.2733	0	settlement	Khirbet el Lon
Ain@Num.34.11	32.71865	35.66791	342	settlement	Khirbet Ayun
Ain@Num.34.11	33.238681	35.636569	192	settlement	Khirbet Dufnah
Ain@Num.34.11	34.352222	36.373056	57	settlement	Ain ez Zarqa
Ain@Num.34.11	33.246111	35.693333	42	settlement	Banias
Ain@Num.34.11	33.249	35.652	42	settlement	another name for Dan
Ain@Num.34.11	33.345278	35.59	42	settlement	another name for Ijon
Ain@Jos.15.32	31.38333	34.86564	394	settlement	another name for En-rimmon
Ain@Jos.15.32	31.281372	34.797404	88	settlement	another name for Ashan
Ain@Jos.15.32	31.353601	35.063521	16	settlement	Horbat Anim
Ain@Jos.15.32	31.281372	34.797404	2	settlement	Khirbet Asan
Ain@Jos.15.32	31.38333	34.86564	423	settlement	another name for Ain 2
Ain@Jos.15.32	31.281372	34.797404	224	settlement	another name for Ashan
Akrabbim@Num.34.4	30.906602	35.131259	727	mountain pass	Ma’ale Akrabbim
Akrabbim@Num.34.4	31.194167	35.576667	45	mountain pass	Jebel Umm al Aqarib
Alemeth@Jos.21.18	31.824903	35.273498	810	settlement	Khirbet Almit
Alexandria@Act.6.9	31.1825	29.8965	1000	settlement	Alexandria
Allammelech@Jos.19.26	32.771772	35.155668	518	settlement	Tel Alil
Allammelech@Jos.19.26	32.7988	35.07006	168	settlement	Tel Nahal
Allon@Jos.19.33	32.72113	35.41064	1000	tree	in Zaanannim
Allon-bacuth@Gen.35.8	31.922778	35.241389	1000	tree	within 1 km of Bethel 1
Alemeth@Jos.21.18	31.824903	35.273498	811	settlement	another name for Alemeth
Alemeth@Jos.21.18	31.824903	35.273498	95	settlement	Khirbet Almit
Diblathaim@Num.33.46	31.638727	35.826578	601	settlement	another name for Beth-diblathaim
Diblathaim@Num.33.46	31.708935	35.694296	69	settlement	Khirbet el Qureiye
Diblathaim@Num.33.46	31.619221	35.793646	52	settlement	Duleilat el Gharbiyeh
Diblathaim@Num.33.46	31.638727	35.826578	0	settlement	Duleilat esh Sharqiyeh
Alush@Num.33.13	28.770311	33.767493	302	campsite	along Wadi el Esh
Amad@Jos.19.26	32.6725	35.023333	601	settlement	within 10 km of Mount Carmel
Amad@Jos.19.26	32.7295	35.171797	102	settlement	Umm al Amad
Amalek@Gen.14.7	30.648333	34.422222	1000	region	Amalek
Amam@Jos.15.26	31.2185	34.90684	377	settlement	Be’er Nevatim
Amam@Jos.15.26	31.243718	34.897308	90	settlement	Nahal Yattir 205
Amam@Jos.15.26	31.19186	34.58011	30	settlement	Bir el Esani
Amana@Sng.4.8	33.688889	36.031667	622	mountain ridge	Jebel Zabadani
Amana@Sng.4.8	33.567778	35.963333	45	mountain	Mount Amana
Amaw@Num.22.5	36.7014	38.0865	593	region	between Aleppo and Carchemish
Amaw@Num.22.5	31.9547	35.9343	248	region	another name for Ammon
Ammah@2Sa.2.24	31.841047	35.279535	678	hill	in the region east of Gibeon
Ammah@2Sa.2.24	31.841047	35.279535	85	hill	within 10 km of Sahel Geba
Ammon@Deu.2.19	31.9547	35.9343	1000	region	Ammon
Amphipolis@Act.17.1	40.820159	23.847209	1000	settlement	Amphipolis
Anab@Jos.11.21	31.4121	34.9549	777	settlement	Khirbet Anab es Seghireh
Anab@Jos.11.21	31.3959	34.9308	67	settlement	Khirbet Anab al Kabir
Anaharath@Jos.19.19	32.653446	35.46614	741	settlement	Tell Rekhesh
Anaharath@Jos.19.19	31.467	34.4041	0	settlement	Tall al Ajjul
Anaharath@Jos.19.19	32.61566	35.39336	0	settlement	Na’ura
Ananiah@Neh.11.32	31.771661	35.255903	559	settlement	another name for Bethany 1
Ananiah@Neh.11.32	31.771661	35.255903	50	settlement	Al Eizariya
Ananiah@Neh.11.32	31.82988	35.20801	41	settlement	Beit Hanina
Anathoth@Jos.21.18	31.80752	35.25758	420	settlement	Ras el Kharruba
Anathoth@Jos.21.18	31.813185	35.261872	216	settlement	Anata
Anathoth@Jos.21.18	31.81092	35.2756	105	settlement	Khirbet Deir es Sidd
En-gannim@Jos.19.21	32.713549	35.495439	700	settlement	another name for En-gannim 2
En-gannim@Jos.19.21	32.67635	35.54671	144	settlement	Khirbet Anim
En-gannim@Jos.19.21	32.46079	35.29875	107	settlement	Tell Jenin
En-gannim@Jos.19.21	32.666389	35.499167	38	settlement	Olam
Taanach@Jos.12.21	32.521526	35.219122	662	settlement	another name for Taanach
Angle@2Ch.26.9	31.776667	35.234167	1000	structure	in Jerusalem
Anim@Jos.15.50	31.353601	35.063521	763	settlement	Horbat Anim
Anim@Jos.15.50	31.36038	35.07875	50	settlement	Khirbet Ghuweina el Fauqa
Antioch@Act.6.5	36.226691	36.171743	1000	settlement	Antioch on the Orontes
Antioch@Act.13.14	38.306111	31.189167	1000	settlement	Antioch in Pisidia
Aphek@Jos.13.4	32.8461	35.1119	675	settlement	Tel Afek
Aphek@Jos.13.4	33.0084	35.1391	93	settlement	Tel Kabri
Aphek@Jos.13.4	34.069167	35.886111	23	settlement	another name for Aphek 4
Aphek@1Ki.20.26	32.783679	35.63729	435	settlement	Tel Ein Gev
Aphek@1Ki.20.26	32.766667	35.7	245	settlement	Fiq
Aphek@1Ki.20.26	32.775389	35.68528	17	settlement	Tell Soreg
Aphek@Jos.13.4	34.069167	35.886111	661	settlement	Afqa
Aphek@Jos.12.18	31.4555	34.9975	498	settlement	Khirbet al Hadab
Aphek@Jos.12.18	31.48849	35.02383	219	settlement	Khirbet el Marajim
Aphek@Jos.12.18	32.105	34.930417	145	settlement	another name for Aphek 2
Aphek@Jos.12.18	31.512611	35.075383	0	settlement	Khirbet Kan’an
Aphek@Jos.13.4	32.8461	35.1119	830	settlement	another name for Aphek 1
Aphek@Jos.13.4	32.105	34.930417	58	settlement	another name for Aphek 2
Aphek@Jos.13.4	32.8461	35.1119	25	settlement	Tel Afek
Aphek@Jos.13.4	33.0084	35.1391	25	settlement	Tel Kabri
Apollonia@Act.17.1	40.623703	23.469685	1000	settlement	Apollonia
Ar@Num.21.15	31.359913	35.782764	359	settlement	Khirbet al Balua
Ar@Num.21.15	31.280864	35.759526	261	settlement	Misna
Ar@Num.21.15	31.270041	35.7383	123	settlement	Rabba
Ar@Num.21.15	31.281151	35.871731	13	settlement	Khirbet el Medeineh
Ar@Num.21.15	31.180556	35.701389	0	settlement	Kerak
Arab@Jos.15.52	31.43188	35.02957	536	settlement	Khirbet er Rabiyeh
Arab@Jos.15.52	31.601481	35.158731	69	settlement	Khirbet ez Zawiya
Arabia@2Sa.23.35	23	46	1000	region	Arabian Peninsula
Arabia@2Sa.23.35	30.07	35.35	1000	region	Arabia Petraea
Arad@Num.21.1	31.280833	35.125	370	settlement	Tel Arad
Arad@Num.21.1	31.2172	35.0258	236	settlement	Tel Malhata
Arad@Num.21.1	31.212285	34.958277	23	settlement	Tel Masos
Arad@Num.21.1	31.280833	35.125	431	settlement	Tel Arad
Arad@Num.21.1	31.2172	35.0258	418	settlement	another name for Arad 1
Aram-naharaim@Psa.60.1	36.864444	39.032778	1000	region	Aram-naharaim
Ararat@Gen.8.4	39.702761	44.300381	1000	region	Urartu
Areopagus@Act.17.19	37.972222	23.723611	1000	hill	Areopagus
Argob@Deu.3.4	32.9695	36.455383	1000	region	Argob
Jerusalem@Jos.10.1	31.776667	35.234167	1000	settlement	another name for Jerusalem
Mizpah@Jdg.20.1	32.028056	35.019444	228	settlement	Rantis
Mizpah@Jdg.20.1	31.85434	35.23161	141	settlement	another name for Ramathaim-zophim
Mizpah@Jdg.20.1	32.03286	35.1025	131	settlement	Beit Rima
Mizpah@Jdg.20.1	31.85434	35.23161	59	settlement	Al Ram
Mizpah@Jdg.20.1	31.905142	35.214958	37	settlement	Al Bira
Megiddo@Jos.12.21	32.585278	35.184444	557	settlement	another name for Megiddo
Megiddo@Jos.12.21	32.6725	35.023333	111	mountain	another name for Mount Carmel
Megiddo@Jos.12.21	32.596389	35.241944	79	valley	another name for the Valley of Jezreel
Megiddo@Jos.12.21	31.776667	35.234167	31	settlement	another name for Jerusalem
Megiddo@Jos.12.21	31.0043	47.442	9	river	another name for the Euphrates
Megiddo@Jos.12.21	31.780278	35.24	9	valley	another name for the Valley of Jehoshaphat
Arnon@Num.21.13	31.465833	35.573333	1000	river	Wadi Mujib
Aroer@Num.32.34	31.97016	35.871319	219	settlement	Khirbet Udena
Aroer@Num.32.34	31.924568	35.925091	120	settlement	Umm Sweiwineh
Aroer@Num.32.34	31.989281	35.920658	83	settlement	Erjan
Aroer@Num.32.34	31.4708	35.819389	0	settlement	another name for Aroer 1
Aroer@1Sa.30.28	31.15214	34.97907	649	settlement	Khirbet Aro’er
Aroer@1Sa.30.28	31.169025	34.975175	79	settlement	Tel Esdar
Aroer@1Sa.30.28	31.924568	35.925091	15	settlement	another name for Aroer 2
Aroer@1Sa.30.28	31.4708	35.819389	3	settlement	another name for Aroer 1
Aroer@Num.32.34	31.15214	34.97907	838	settlement	another name for Aroer 3
Aroer@Num.32.34	31.924568	35.925091	171	settlement	another name for Aroer 2
Aroer@Num.32.34	31.4708	35.819389	23	settlement	another name for Aroer 1
Arpad@2Ki.18.34	36.4725	37.094722	765	settlement	Tell Rifat
Arubboth@1Ki.4.10	32.40731	35.133551	445	settlement	Khirbet el Hamam
Arubboth@1Ki.4.10	32.404444	35.203333	267	settlement	Arraba
Arubboth@1Ki.4.10	32.3867	35.1761	76	settlement	Batn Umm Nari
Arubboth@1Ki.4.10	32.481944	35.019444	39	settlement	Tel Esur
Arubboth@1Ki.4.10	32.471111	34.9675	0	settlement	Pardes Hanna Karkur
Arumah@Jdg.9.41	32.147556	35.321583	699	settlement	Khirbet Urmah
Arumah@Jdg.9.41	32.78892	35.29321	18	settlement	another name for Rumah
Arumah@Jdg.9.41	32.78892	35.29321	14	settlement	Horbat Rumah
Arumah@Jdg.9.41	32.03286	35.1025	0	settlement	Beit Rima
Arvad@Ezk.27.8	34.856111	35.858333	895	settlement	Arwad
Ashan@Jos.15.42	31.281372	34.797404	442	settlement	Khirbet Asan
Ashan@Jos.15.42	31.4558	34.9098	154	settlement	Tell Beit Mirsim
Ashan@Jos.15.42	31.633361	34.916611	90	settlement	Tel Goded
Ashan@Jos.15.42	31.29	34.646389	30	settlement	Khirbet Muleh
Ashdod@Jos.11.22	31.7572	34.6578	1000	settlement	Tel Ashdod
Ashkelon@Jos.13.3	31.663889	34.545833	1000	settlement	Tel Ashkelon
Ashkenaz@Jer.51.27	44.94278	34.12056	1000	region	another name for Scythia
Ashnah@Jos.15.33	31.784708	35.006303	346	settlement	Islin
Ashnah@Jos.15.33	31.746288	34.997106	126	settlement	Khirbet Wadi Illin
Ashnah@Jos.15.33	31.781097	35.0101	40	settlement	Eshtaol
Ashnah@Jos.15.33	31.742265	35.065011	39	settlement	Khirbet el Ghashina
Ashnah@Jos.15.33	31.558611	34.976111	587	settlement	Idhna
Ashtaroth@Deu.1.4	32.804167	36.015833	797	settlement	Tell Ashtara
Ashteroth-karnaim@Gen.14.5	32.804167	36.015833	833	settlement	another name for Ashtaroth
Ashteroth-karnaim@Gen.14.5	32.835833	36.035	107	settlement	another name for Karnaim
Assyria@Gen.2.14	35.456667	43.2625	1000	settlement	Assur
Assos@Act.20.13	39.490556	26.336667	1000	settlement	Assos
Assyria@Gen.2.14	36.3594	43.1528	1000	region	Assyria
Atad@Gen.50.10	31.914888	35.530445	1000	settlement	another name for Abel-mizraim
Ataroth@Num.32.3	31.5753	35.665938	778	settlement	Khirbet Ataruz
Ataroth@Jos.16.2	31.8805	35.2285	121	settlement	Kafr Aqab
Ataroth@Jos.16.2	31.9121	35.202	107	settlement	Khirbet Raddana
Ataroth@Jos.16.2	31.8859	35.1915	45	settlement	Bir ed Deir
Ataroth@Jos.16.2	31.906667	35.143056	45	settlement	Ein Arik
Ataroth@Jos.16.2	31.8859	35.2052	45	settlement	Ein Umm esh Sharayit
Ataroth@Jos.16.2	31.943741	35.40935	25	settlement	Khirbet el Aujah
Ataroth@Jos.16.2	31.9472	35.39974	25	settlement	Khirbet el Aujah el Foqa
Ataroth@Jos.16.2	32.13993	35.48497	25	settlement	Tel al Mazar
Ataroth@Jos.16.2	31.87993	35.21752	11	settlement	another name for Ataroth-addar
Ataroth@Jos.16.2	31.87993	35.21752	0	settlement	Khirbet Atara
Ataroth@Jos.16.2	31.885136	35.216417	0	settlement	another name for Mizpah 3
Ataroth@Jos.16.2	31.8805	35.2285	426	settlement	another name for Ataroth 2
Ataroth@Jos.16.2	32.13993	35.48497	136	settlement	Tel al Mazar
Ataroth@Jos.16.2	32.046667	35.43	19	settlement	Tell esh Sheikh Dhiab
Ataroth-addar@Jos.16.5	31.87993	35.21752	190	settlement	Khirbet Atara
Ataroth-addar@Jos.16.5	31.9121	35.202	138	settlement	Khirbet Raddana
Ataroth-addar@Jos.16.5	31.8805	35.2285	86	settlement	another name for Ataroth 2
Ataroth-addar@Jos.16.5	32.13993	35.48497	63	settlement	Tel al Mazar
Ataroth-addar@Jos.16.5	31.885136	35.216417	25	settlement	another name for Mizpah 3
Ataroth-addar@Jos.16.5	31.5753	35.665938	0	settlement	another name for Ataroth 1
Athach@1Sa.30.30	31.61593	34.8783	408	settlement	another name for Ether 1
Athach@1Sa.30.30	31.61593	34.8783	98	settlement	Khirbet el Ater
Athach@1Sa.30.30	31.3525	35.016111	23	settlement	Khirbet Attir
Atharim@Num.21.1	30.878961	34.779822	391	road	road between Kadesh-barnea and Arad
Atharim@Num.21.1	31.171	35.17554	37	road	road between the Dead Sea and Arad
Atharim@Num.21.1	30.8087	35.2459	30	settlement	another name for Tamar 2
Athens@Act.17.15	37.971851	23.726738	1000	settlement	Athens
Atroth-beth-joab@1Ch.2.54	31.704306	35.207639	589	settlement	within 5 km of Bethlehem 1
Atroth-shophan@Num.32.35	31.591311	35.68742	363	settlement	Rujm Ataruz
Atroth-shophan@Num.32.35	31.5753	35.665938	95	settlement	Khirbet Ataruz
Attalia@Act.14.25	36.881272	30.703614	1000	settlement	Antalya
Bethel@Gen.12.8	31.922778	35.241389	819	settlement	another name for Beth-aven 2
Avith@Gen.36.35	30.206	35.601921	277	settlement	Rujum al Juththa
Avva@2Ki.17.24	34.684722	36.690556	564	settlement	another name for Ivvah
Avva@2Ki.17.24	31.782302	47.869402	235	settlement	another name for Ama
Avvim@Jos.18.23	31.916944	35.261111	299	settlement	another name for Ai 1
Avvim@Jos.18.23	31.916944	35.261111	70	settlement	another name for Aiath
Avvim@Jos.18.23	31.905169	35.270379	15	settlement	Khirbet Haiyan
Gaza@Gen.10.19	31.916944	35.261111	342	settlement	another name for Ai 1
Gaza@Gen.10.19	31.905169	35.270379	168	settlement	Khirbet Haiyan
Gaza@Gen.10.19	32.03514	35.28458	138	settlement	Turmus Ayya
Gaza@Gen.10.19	31.916944	35.261111	121	settlement	another name for Aija
Gaza@Gen.10.19	31.916944	35.261111	0	settlement	another name for Aiath
Azal@Zec.14.5	31.760833	35.231667	220	river	Nahal Azal
Azal@Zec.14.5	31.916944	35.261111	0	settlement	another name for Aiath
Azal@Zec.14.5	31.468544	34.938061	0	settlement	another name for Beth-ezel
Azekah@Jos.10.10	31.700226	34.935696	772	settlement	Tel Azekah
Beth-azmaveth@Ezr.2.24	31.835	35.261944	509	settlement	Hizma
Beth-azmaveth@Ezr.2.24	31.83314	35.25537	161	settlement	Ras Zukeir
Azmon@Num.34.4	30.6875	34.333333	545	settlement	Ain Muweileh
Azmon@Num.34.4	30.666667	34.366667	54	settlement	Ain Qoseimeh
Aznoth-tabor@Jos.19.34	32.727222	35.384444	399	settlement	Tel Govel
Baalah@Jos.15.29	31.142053	34.91217	222	settlement	Tulul el Medbah
Baalah@Jos.15.29	30.991038	34.911322	121	settlement	another name for Baalath-beer
Baalah@Jos.15.29	30.991038	34.911322	19	settlement	another name for Bealoth 1
Kiriath-jearim@Jos.9.17	31.808957	35.10378	970	settlement	another name for Kiriath-jearim
Baalath@Jos.19.44	31.838514	34.78225	749	settlement	Al Maghar
Baalath@Jos.19.44	31.841389	34.785833	84	hill	another name for Mount Baalah
Baalath@Jos.19.44	31.808957	35.10378	31	settlement	another name for Baalah 2
Baalath@1Ki.9.18	31.838514	34.78225	634	settlement	another name for Baalath 1
Baalath@1Ki.9.18	30.991038	34.911322	124	settlement	another name for Baalath-beer
Baalath@1Ki.9.18	31.808957	35.10378	98	settlement	another name for Kiriath-jearim
Baalath@1Ki.9.18	31.142053	34.91217	88	settlement	another name for Balah
Baalath@1Ki.9.18	30.991038	34.911322	36	settlement	another name for Bealoth 1
Baalath@1Ki.9.18	31.822936	34.777744	23	settlement	Qatra
Baalath-beer@Jos.19.8	30.991038	34.911322	170	settlement	another name for Bealoth 1
Baalath-beer@Jos.19.8	30.991038	34.911322	97	settlement	Beer Yeroham
Baalath-beer@Jos.19.8	31.2172	35.0258	87	settlement	Tel Malhata
Baalath-beer@Jos.19.8	31.2328	34.9867	86	settlement	another name for Ramah 6
Baalath-beer@Jos.19.8	31.212285	34.958277	61	settlement	Tel Masos
Baalath-beer@Jos.19.8	31.2328	34.9867	52	settlement	Tel Ira
Baalath-beer@Jos.19.8	31.209188	35.165672	45	settlement	another name for Kinah
Baalath-beer@Jos.19.8	31.838514	34.78225	26	settlement	another name for Baalath 2
Kiriath-jearim@Jos.9.17	31.808957	35.10378	959	settlement	another name for Kiriath-jearim
Hermon_Mount@Deu.3.8	33.4	35.85	235	settlement	another name for Baal-hermon
Hermon_Mount@Deu.3.8	33.46788	35.74747	199	settlement	Tell Haush
Hermon_Mount@Deu.3.8	33.246111	35.693333	182	settlement	Banias
Hermon_Mount@Deu.3.8	33.383333	35.683333	99	settlement	Hasbaya
Hermon_Mount@Deu.3.8	34.007611	36.2044	15	settlement	Baalbek
Hermon_Mount@Deu.3.8	33.36639	35.5875	0	settlement	Ain Jedeideh
Hermon_Mount@Deu.3.8	31.776667	35.234167	134	structure	in Jerusalem
Hermon_Mount@Deu.3.8	33.258051	35.581007	36	settlement	another name for Belamon
Hermon_Mount@Deu.3.8	33.128108	35.152022	36	settlement	another name for Hammon 1
Hermon_Mount@Deu.3.8	32.4462	35.292	0	settlement	Khirbet Belameh
Baal-hazor@2Sa.13.23	31.978611	35.286111	710	mountain	Jebel Asur
Baal-hazor@2Sa.13.23	31.832184	35.195465	63	settlement	another name for Hazor 4
Baal-meon@Num.32.3	31.679501	35.735321	797	settlement	Ma‘in
Baal-perazim@2Sa.5.20	31.741854	35.183317	240	settlement	Ez Zuhur
Baal-perazim@2Sa.5.20	31.763639	35.232639	99	settlement	Abu Tor
Baal-perazim@2Sa.5.20	31.730853	35.187014	63	settlement	Gilo
Baal-perazim@2Sa.5.20	31.734817	35.211166	0	settlement	Mar Elias
Baal-perazim@2Sa.5.20	31.785217	35.204735	0	settlement	Sheikh Badr
Baal-shalishah@2Ki.4.42	32.11031	35.01182	349	settlement	Khirbet Sirisye
Baal-shalishah@2Ki.4.42	31.9914	35.3322	222	settlement	Khirbet Marjame
Baal-shalishah@2Ki.4.42	31.9878	35.3332	25	settlement	Ein Samia
Baal-shalishah@2Ki.4.42	32.1525	35.044167	18	settlement	Kafr Thulth
Baal-tamar@Jdg.20.33	31.831498	35.241283	215	settlement	Ras et Tawil
Baal-tamar@Jdg.20.33	31.823113	35.230718	161	settlement	within 10 km of Gibeah 1
Baal-tamar@Jdg.20.33	31.87993	35.21752	156	settlement	Khirbet Atara
Baal-tamar@Jdg.20.33	31.821309	35.235471	111	settlement	Sahre al Gibiyeh
Baal-tamar@Jdg.20.33	30.8087	35.2459	31	settlement	another name for Tamar 2
Baal-tamar@Jdg.20.33	31.84746	35.236	31	settlement	Khirbet Erha
Baal-zephon@Exo.14.2	30.860556	32.171389	339	campsite	Tell Defenneh
Baal-zephon@Exo.14.2	31.21373	33.067	100	campsite	Zahr al Qais
Baal-zephon@Exo.14.2	30.326111	32.298611	51	campsite	another name for Arsinoe
Baal-zephon@Exo.14.2	31.044722	32.66	43	campsite	Al Mahamdiyah
Baal-zephon@Exo.14.2	29.996111	32.3075	0	campsite	Jabal Ataqah
Baal-zephon@Exo.14.2	29.952222	32.701667	0	campsite	Jabal al Murr
Babylon@Gen.10.10	32.543333	44.422222	810	settlement	another name for Babylon 1
Babylon@Gen.10.10	32.543333	44.422222	1000	settlement	Babylon
Babylon@Gen.10.10	41.8922	12.4852	917	settlement	another name for Rome
Babylon@Gen.10.10	31.776667	35.234167	22	settlement	another name for Jerusalem
Babylon@Gen.10.10	36.226691	36.171743	0	settlement	another name for Antioch 1
Babylon@Gen.10.10	30.0018	31.2308	0	settlement	Babylon el Darag
Babylon@Gen.10.10	32.543333	44.422222	0	settlement	another name for Babylon 1
Babylon@Gen.10.10	41.8922	12.4852	934	settlement	another name for Rome
Babylon@Gen.10.10	32.543333	44.422222	0	settlement	another name for Babylon 1
Babylon@Gen.10.10	31.776667	35.234167	0	settlement	another name for Jerusalem
Babylon@Gen.10.10	32.543333	44.422222	1000	region	Babylonia
Bahurim@2Sa.3.16	31.7912	35.25694	475	settlement	Ras Tumeim
Bahurim@2Sa.3.16	31.791539	35.2645	132	settlement	Khirbet Buqei Dan
Balah@Jos.19.3	31.142053	34.91217	697	settlement	another name for Baalah 1
Balah@Jos.19.3	31.142053	34.91217	294	settlement	another name for Bilhah
Bamoth@Num.21.19	31.731791	35.740891	430	settlement	Khirbet el Quweiqiyeh
Bamoth@Num.21.19	31.591311	35.68742	31	settlement	Jebel Ataruz
Bamoth@Num.21.19	31.60634	35.761261	31	settlement	Khirbet Libb
Bamoth-baal@Num.22.41	31.731791	35.740891	1000	settlement	another name for Bamoth
Bashan@Num.21.33	32.781111	35.934722	1000	region	Bashan
Bath-rabbim@Sng.7.4	31.800811	35.809062	1000	gate	in Heshbon
Baalath-beer@Jos.19.8	30.991038	34.911322	337	settlement	another name for Baalath-beer
Baalath-beer@Jos.19.8	30.991038	34.911322	36	settlement	Beer Yeroham
Baalath-beer@Jos.19.8	30.992902	34.93972	36	settlement	Nahal Avnon Fortress
Baalath-beer@Jos.19.8	31.212285	34.958277	36	settlement	Tel Masos
Baalath-beer@Jos.19.8	31.142053	34.91217	0	settlement	another name for Baalah 1
Baalath-beer@Jos.19.8	30.991038	34.911322	82	settlement	another name for Bealoth 1
Beautiful_Gate@Act.3.2	31.776667	35.234167	1000	gate	in Jerusalem
Beer@Num.21.16	31.571944	35.893333	427	campsite	another name for Beer-elim
Beer@Num.21.16	31.571944	35.893333	248	campsite	along Wadi eth Themed
Beeroth@Jos.9.17	32.60823	35.50415	387	settlement	El Bira
Beeroth@Jos.9.17	31.82383	35.1872	30	settlement	another name for Beeroth
Beer-elim@Isa.15.8	31.571944	35.893333	289	campsite	another name for Beer 1
Beer-elim@Isa.15.8	31.571944	35.893333	201	settlement	along Wadi eth Themed
Beer-lahai-roi@Gen.16.14	30.6875	34.333333	258	well	Ain Muweileh
Beer-lahai-roi@Gen.16.14	31.097	34.652	80	well	Haluza
Beer-lahai-roi@Gen.16.14	30.382414	34.173133	58	well	Jebel Umm el Bared
Beer-lahai-roi@Gen.16.14	30.76286	34.12978	45	well	along Wadi Umm Rajil
Beeroth@Jos.9.17	31.82383	35.1872	252	settlement	Khirbet el Burj
Beeroth@Jos.9.17	31.905142	35.214958	244	settlement	Al Bira
Beeroth@Jos.9.17	31.832733	35.18015	97	settlement	Nabi Samwil
Beeroth@Jos.9.17	31.83392	35.14832	48	settlement	Biddu
Beeroth@Jos.9.17	31.90879	35.2117	30	settlement	Ras et Tahuneh
Beeroth@Jos.9.17	31.847451	35.183351	29	settlement	El Jib
Beeroth@Jos.9.17	31.9121	35.202	13	settlement	Khirbet Raddana
Beeroth@Jos.9.17	31.885136	35.216417	0	settlement	Tell en Nasbeh
Bene-jaakan@Num.33.31	30.791764	34.472522	962	settlement	another name for Bene-jaakan
Beersheba@Gen.21.14	31.244722	34.840833	823	settlement	Tel Beer Sheva
Beersheba@Gen.21.14	31.237225	34.793078	16	settlement	Bir es Seba
Beersheba@Gen.21.14	31.244722	34.840833	406	settlement	another name for Beersheba 1
Beersheba@Gen.21.14	31.237225	34.793078	286	settlement	Bir es Seba
Ashtaroth@Deu.1.4	32.804167	36.015833	755	settlement	another name for Ashtaroth
Bene-berak@Jos.19.45	32.036675	34.827669	818	settlement	Al Khayriyya
Bene-berak@Jos.19.45	32.099444	34.836944	23	settlement	Tel Zeton
Bene-jaakan@Num.33.31	30.791764	34.472522	385	settlement	Birein
Baal-meon@Num.32.3	31.679501	35.735321	1000	settlement	another name for Baal-meon
Berea@Act.17.10	40.518333	22.2	1000	settlement	Veria
Bered@Gen.16.14	31.097	34.652	459	settlement	Haluza
Bered@Gen.16.14	30.382414	34.173133	295	mountain	Jebel Umm el Bared
Bered@Gen.16.14	30.493333	32.956667	113	region	another name for Shur
Berothah@2Sa.8.8	33.935278	36.150833	336	settlement	Brital
Berothah@2Sa.8.8	33.935278	36.150833	288	settlement	another name for Berothai
Berothah@2Sa.8.8	33.886944	35.513056	40	settlement	Beirut
Berothah@2Sa.8.8	33.99083	36.20139	0	settlement	Ain Bourdai
Berothah@2Sa.8.8	33.935278	36.150833	421	settlement	another name for Berothah
Berothah@2Sa.8.8	33.935278	36.150833	131	settlement	Brital
Berothah@2Sa.8.8	34.39595	37.15059	73	settlement	Ghantur
Berothah@2Sa.8.8	34.259722	36.423611	0	settlement	another name for Cun
Besor@1Sa.30.9	31.46423	34.37568	882	river	Nahal HaBesor
Besor@1Sa.30.9	31.3986	34.4362	5	river	Nahal Gerar
Beten@Jos.19.25	32.764076	35.10658	226	settlement	Khirbet Ibtin
Beten@Jos.19.25	32.771111	35.104722	195	settlement	Tel Far
Beth-anath@Jos.19.38	33.20028	35.43306	372	settlement	Safad el Battikh
Beth-anath@Jos.19.38	32.928489	35.267786	70	settlement	Bi’ina
Beth-anath@Jos.19.38	33.35	35.95	20	settlement	Hinah
Beth-anath@Jos.19.38	33.12889	35.44	0	settlement	Aynata
Beth-anoth@Jos.15.59	31.56209	35.12622	612	settlement	Khirbet Beit Anun
Beth-anoth@Jos.15.59	31.5675	35.142778	71	settlement	Khirbet Ras at Tawil
Bethany@Mat.21.17	31.771661	35.255903	889	settlement	Al Eizariya
Bethany@Jdg.7.24	31.837109	35.550301	320	settlement	Al Maghtas
Bethany@Jdg.7.24	32.852034	36.19934	192	region	another name for Batanea
Bethany@Jdg.7.24	31.771661	35.255903	75	settlement	another name for Bethany 1
Bethany@Jdg.7.24	32.1	35.52	20	wadi	another name for Beth-barah
Bethany@Jdg.7.24	31.909106	35.63872	20	settlement	another name for Beth-nimrah
Bethany@Jdg.7.24	32.010571	35.710739	20	settlement	another name for Betonim
Bethany@Jdg.7.24	32.531763	35.559259	0	ford	Makhadhet Abarah
Beth-arabah@Jos.15.6	31.845782	35.501718	404	settlement	Ain el Gharabeh
Beth-arabah@Jos.15.6	31.772258	35.512045	63	settlement	Rujm el Bahr
Beth-arabah@Jos.15.6	31.79044	35.44347	23	settlement	Tell Muhalhal
Beth-arbel@Hos.10.14	32.558661	35.847589	597	settlement	Tall Irbid
Beth-arbel@Hos.10.14	32.815137	35.483808	72	settlement	another name for Arbela
Beth-ashbea@1Ch.4.21	31.4558	34.9098	349	settlement	Tell Beit Mirsim
Beth-aven@Jos.7.2	31.86921	35.26807	222	settlement	Tell Maryam
Beth-aven@Jos.7.2	31.895833	35.254167	79	settlement	Burqa
Beth-aven@Jos.7.2	31.897515	35.228619	54	settlement	Khirbet Nisieh
Beth-aven@Jos.7.2	31.922778	35.241389	34	settlement	Beitin
Beth-aven@Jos.7.2	31.885833	35.114167	28	settlement	another name for Upper Beth-horon
Beth-aven@Jos.7.2	31.9224	35.229	23	settlement	El Q’ada
Beth-aven@Jos.7.2	31.916944	35.261111	13	settlement	Et Tell
Beth-aven@Jos.7.2	31.916944	35.261111	0	settlement	another name for Ai 1
Beth-aven@Jos.7.2	31.922778	35.241389	0	settlement	another name for Beth-aven 2
Beth-aven@Jos.7.2	31.922778	35.241389	913	settlement	another name for Bethel 1
Bethany@Jdg.7.24	32.1	35.52	164	wadi	Wadi al Fara
Bethany@Jdg.7.24	31.837109	35.550301	13	settlement	another name for Bethany 2
Beth-biri@1Ch.4.31	31.00669	34.49181	625	settlement	Jebel el Biri
Beth-biri@1Ch.4.31	31.305328	34.511601	98	settlement	Ein esh Shallala
Beth-car@1Sa.7.11	31.895	35.083611	213	settlement	another name for Lower Beth-horon
Beth-car@1Sa.7.11	31.764483	35.159454	199	settlement	Ein Karim
Beth-dagon@Jos.15.41	31.98358	34.808618	261	settlement	Khirbet Dajun
Beth-dagon@Jos.15.41	31.52403	34.82719	45	settlement	Tel Haraqim
Beth-dagon@Jos.15.41	32.003508	34.829261	44	settlement	Bayt Dajan
Beth-dagon@Jos.19.27	32.722583	35.090628	422	settlement	Khirbet Jelameh
Beth-dagon@Jos.19.27	32.75885	35.09027	256	settlement	Tel Regev
Beth-dagon@Jos.19.27	32.702222	35.129167	39	settlement	Beit Shearim
Beth-dagon@Jos.19.27	32.73479	35.13435	11	settlement	Khirbet Buseima
Beth-eden@Amo.1.5	36.7014	38.0865	1000	region	Beth-eden
Beth-eked@2Ki.10.12	32.4697	35.3563	380	settlement	Beit Qad
Beth-eked@2Ki.10.12	32.375997	35.155097	190	settlement	Kafr Rai
Bethel@Jos.12.16	31.344952	35.124376	277	settlement	Khirbet el Qaryatein
Bethel@Jos.12.16	31.327312	34.87847	265	settlement	another name for Bethuel
Bethel@Jos.12.16	31.327312	34.87847	170	settlement	another name for Bethul
Bethel@Jos.12.16	31.280247	34.877114	67	settlement	Tell Umm Betin
Bethel@Jos.12.16	31.589383	35.094155	53	settlement	another name for Beth-zur
Bethel@Gen.12.8	31.922778	35.241389	577	settlement	another name for Bethel 1
Beth-emek@Jos.19.27	32.965833	35.151944	677	settlement	Tel Emek
Beth-emek@Jos.19.27	32.818101	35.210641	112	settlement	Khirbet Abu Mudawwar
Bether_Mountain@Sng.2.17	31.73	35.135556	0	settlement	within 5 km of Bether 2
Bethesda@Jhn.5.2	31.781389	35.235833	1000	pool	Pool of Bethesda
Beth-ezel@Mic.1.11	31.468544	34.938061	379	settlement	Deir al Asal al Fauqa
Beth-gader@1Ch.2.51	31.632629	35.092145	374	settlement	another name for Geder
Beth-gader@1Ch.2.51	31.704306	35.207639	231	settlement	within 5 km of Bethlehem 1
Beth-gader@1Ch.2.51	31.632629	35.092145	107	settlement	another name for Gedor 1
Beth-gader@1Ch.2.51	31.67542	34.99802	98	settlement	within 5 km of the Valley of Elah
Beth-gamul@Jer.48.23	31.483496	35.899907	524	settlement	Jumaiyil
Gilgal@Deu.11.30	31.881883	35.459969	478	settlement	another name for Gilgal 1
Gilgal@Deu.11.30	31.79052	35.32262	0	settlement	another name for Gilgal 3
Beth-haccherem@Neh.3.14	31.739901	35.216896	747	settlement	Ramat Rahel
Beth-haccherem@Neh.3.14	31.764483	35.159454	43	settlement	Ein Karim
Beth-haccherem@Neh.3.14	31.66583	35.24139	0	settlement	Herodium
Beth-haggan@2Ki.9.27	32.46079	35.29875	782	settlement	Tell Jenin
Beth-haggan@2Ki.9.27	32.713549	35.495439	15	settlement	another name for En-gannim 2
Beth-haram@Jos.13.27	31.819256	35.671878	589	settlement	Tall Iktanu
Beth-haram@Jos.13.27	31.825556	35.644444	196	settlement	Tall er Rama
Beth-hoglah@Jos.15.6	31.820379	35.501161	559	settlement	Deir Hajla
Beth-hoglah@Jos.15.6	31.828056	35.512222	104	settlement	Ain Hajlah
Beth-horon_Lower@Jos.16.3	31.895	35.083611	1000	settlement	another name for Lower Beth-horon
Beth-jeshimoth@Num.33.49	31.782551	35.62125	799	settlement	Tell Azeimeh
Beth-jeshimoth@Num.33.49	31.79355	35.563332	23	settlement	Khirbet Suweimeh
Ophrah@Jos.18.23	31.55659	35.03355	269	settlement	Khirbet et Taiyiba
Ophrah@Jos.18.23	31.560713	34.853426	62	settlement	along Wadi el Ghafar
Ophrah@Jos.18.23	31.922778	35.241389	37	settlement	another name for Bethel 1
Ophrah@Jos.18.23	32.6057	35.29	0	settlement	another name for Ophrah 2
Ophrah@Jos.18.23	31.954444	35.300278	0	settlement	another name for Ophrah 1
Beth-lebaoth@Jos.19.6	31.00669	34.49181	730	settlement	another name for Beth-biri
Bethlehem@Gen.35.16	31.704306	35.207639	1000	settlement	Bethlehem
Bethlehem@Jos.19.15	32.734812	35.185563	1000	settlement	Beit Lahm
Bethlehem@Gen.35.16	32.734812	35.185563	733	settlement	another name for Bethlehem 2
Bethlehem@Gen.35.16	31.704306	35.207639	136	settlement	another name for Bethlehem 1
Madmannah@Jos.15.31	31.350265	34.928577	676	settlement	another name for Madmannah
Baal-meon@Num.32.3	31.679501	35.735321	955	settlement	another name for Baal-meon
Beth-millo@Jdg.9.6	32.213611	35.281944	690	structure	in Shechem
Beth-millo@Jdg.9.6	32.213611	35.281944	284	structure	another name for the Tower of Shechem
Beth-nimrah@Num.32.36	31.909106	35.63872	578	settlement	Tall Bleibel
Beth-nimrah@Num.32.36	31.90094	35.624546	290	settlement	Tall Nimrin
Beth-pazzez@Jos.19.21	32.6804	35.4863	481	settlement	Hadita
Beth-pazzez@Jos.19.21	32.6713	35.5278	112	settlement	Sheikh Mazghith
Beth-pelet@Jos.15.27	31.30992	34.9078	444	settlement	Tell es Saqati
Beth-pelet@Jos.15.27	31.192915	34.793607	36	settlement	Givat Hablanim
Beth-pelet@Jos.15.27	31.212285	34.958277	0	settlement	Tel Masos
Beth-pelet@Jos.15.27	31.281944	34.4825	0	settlement	Tel Sharuhen
Beth-peor@Deu.3.29	31.777021	35.738498	245	settlement	Khirbet Ayun Musa
Beth-peor@Deu.3.29	31.798459	35.722377	233	settlement	Khirbet el Muhatta
Beth-peor@Deu.3.29	31.819256	35.671878	0	settlement	Tall Iktanu
Bethphage@Mat.21.1	31.777619	35.250839	698	settlement	Et Tur
Bethphage@Mat.21.1	31.7625	35.265833	78	settlement	Abu Dis
Bethphage@Mat.21.1	31.771661	35.255903	53	settlement	Al Eizariya
Beth-rehob@Jdg.18.28	34.008889	36.145278	228	region	in the Beqaa Valley
Beth-rehob@Jdg.18.28	33.249	35.652	165	region	in the upper Huleh Valley
Beth-rehob@Jdg.18.28	33.221111	35.544444	117	settlement	Hunin
Beth-rehob@Jdg.18.28	33.249	35.652	41	settlement	Tel Dan
Beth-rehob@Jdg.18.28	33.246111	35.693333	0	settlement	Banias
Bethsaida@Mat.11.21	32.91038	35.63096	466	settlement	At Tell
Bethsaida@Mat.11.21	32.893528	35.619	172	settlement	Al Araj
Bethsaida@Mat.11.21	32.884217	35.630772	53	settlement	El Mess’adiyye
Bethsaida@Mat.11.21	32.873658	35.548975	36	settlement	Tabgha
Bethsaida@Mat.11.21	32.91038	35.63096	740	settlement	another name for Bethsaida 1
Bethsaida@Mat.11.21	32.91038	35.63096	135	settlement	At Tell
Bethsaida@Mat.11.21	32.884217	35.630772	39	settlement	El Mess’adiyye
Beth-shan@1Sa.31.10	32.503611	35.503056	889	settlement	Tel Bet Shean
Beth-shemesh@Jos.15.10	31.750621	34.974744	864	settlement	Tel Bet Shemesh
Beth-shemesh@Jos.19.22	32.687762	35.525239	422	settlement	Sheikh esh Shamsawi
Beth-shemesh@Jos.19.22	32.6889	35.5611	204	settlement	El Abeidiyeh
Beth-shemesh@Jos.19.22	32.380469	35.512321	0	settlement	Tell esh Shamsiya
Beth-shemesh@Jos.19.38	33.041278	35.33275	528	settlement	Tel Rosh
Beth-shemesh@Jos.19.38	33.174505	35.376611	0	settlement	Hariss
Beth-shemesh@Jos.19.38	32.687762	35.525239	0	settlement	another name for Beth-shemesh 2
Beth-shittah@Jdg.7.22	32.53918	35.4072	194	settlement	Tel Salwim
Beth-shittah@Jdg.7.22	32.32307	35.59329	186	settlement	Sleikhat
Beth-shittah@Jdg.7.22	32.55158	35.42624	75	settlement	Shatta
Beth-shittah@Jdg.7.22	32.26769	35.577241	21	settlement	Tell es Sa’idiyeh
Beth-shittah@Jdg.7.22	32.14214	35.58147	21	settlement	Tell Umm Hamad
Beth-tappuah@Jos.15.53	31.53856	35.04622	800	settlement	Taffuh
Beth-togarmah@Ezk.27.14	38.7225	37.2775	422	settlement	another name for Tegarama
Beth-togarmah@Ezk.27.14	40.383333	44.95	353	settlement	in Armenia
Bethuel@1Ch.4.30	31.344952	35.124376	354	settlement	another name for Bethel 2
Bethuel@1Ch.4.30	31.327312	34.87847	137	settlement	Khirbet ar Ras
Bethuel@1Ch.4.30	31.344952	35.124376	69	settlement	Khirbet el Qaryatein
Bethuel@1Ch.4.30	31.476944	34.828611	15	settlement	Tel Kelekh
Bethuel@1Ch.4.30	31.30992	34.9078	15	settlement	Tell es Saqati
Bethul@Jos.19.4	31.327312	34.87847	837	settlement	another name for Bethuel
Bethul@Jos.19.4	31.280247	34.877114	94	settlement	Tell Umm Betin
Beth-zur@Jos.15.58	31.589383	35.094155	842	settlement	Khirbet et Tubeiqa
Betonim@Jos.13.26	32.010571	35.710739	645	settlement	Khirbet Batneh
Beyond_the_River@Ezr.4.10	31.776667	35.234167	1000	region	Beyond the River
Bezek@Jdg.1.4	32.36884	35.39736	530	settlement	another name for Bezek 2
Bezek@Jdg.1.4	31.880322	34.964918	237	settlement	Tell Bezqa
Bezek@1Sa.11.8	32.36884	35.39736	753	settlement	Khirbet Ibziq
Bezek@1Sa.11.8	32.354167	35.3725	82	settlement	Khirbet Salhab
Bezek@1Sa.11.8	31.880322	34.964918	0	settlement	Tell Bezqa
Bezer@Deu.4.43	31.78603	35.90168	442	settlement	Umm el Amad
Bezer@Deu.4.43	31.71663	35.856843	62	settlement	Tall Jalul
Ibleam@Jos.17.11	32.4462	35.292	730	settlement	another name for Ibleam
Bilhah@1Ch.4.29	31.142053	34.91217	885	settlement	another name for Baalah 1
Bithynia@Act.16.7	40.5	31	1000	region	Bithynia
Bethel@Gen.12.8	31.922778	35.241389	712	settlement	another name for Bethel 1
Bethel@Gen.12.8	31.922778	35.241389	0	tree	another name for Allon-bacuth
Bor-ashan@1Sa.30.30	31.281372	34.797404	938	settlement	another name for Ashan
Bozez@1Sa.14.4	31.857165	35.287147	1000	cliff	Bozez
Bozkath@Jos.15.39	31.536874	34.913176	479	settlement	Ed Dawaimeh
Bozrah@Gen.36.33	30.745843	35.603919	880	settlement	Buseira
Bezer@Deu.4.43	31.78603	35.90168	449	settlement	another name for Bezer
Bezer@Deu.4.43	31.78603	35.90168	82	settlement	Umm el Amad
Bezer@Deu.4.43	31.7862	35.869	39	settlement	Barazen
Broad_Wall@Neh.3.8	31.776083	35.231889	1000	structure	Broad Wall
Brook_of_Egypt@Num.34.5	31.145708	33.80649	610	river	Wadi al Arish
Brook_of_Egypt@Num.34.5	31.46423	34.37568	115	river	Nahal HaBesor
Brook_of_Egypt@Num.34.5	31.042512	32.546139	8	river	another name for the Shihor 1
Brook_of_Egypt@Num.34.5	31.042512	32.546139	0	river	Pelusiac branch of the Nile
Brook_of_the_Arabah@Amo.6.14	31.801389	35.546667	131	river	Wadi Kofrein
Brook_of_the_Arabah@Amo.6.14	31.8443	35.4143	131	river	Wadi Qelt
Brook_of_the_Arabah@Amo.6.14	31.145708	33.80649	112	river	another name for the Brook of Egypt
Brook_of_the_Arabah@Amo.6.14	31.02701	35.48533	109	wadi	another name for the Brook of the Willows
Brook_of_the_Arabah@Amo.6.14	31.02701	35.48533	82	river	another name for the Zered
Brook_of_the_Arabah@Amo.6.14	31.5	35.5	34	body of water	another name for the Salt Sea
Brook_of_the_Arabah@Amo.6.14	30.416944	35.151389	0	region	between the Dead Sea and the Gulf of Aqaba
Brook_of_the_Willows@Isa.15.7	31.02701	35.48533	648	wadi	Wadi al Hasa
Brook_of_the_Willows@Isa.15.7	31.8443	35.4143	0	wadi	Wadi Qelt
Brook_of_the_Willows@Isa.15.7	31.02701	35.48533	0	wadi	another name for the Brook of the Arabah
Brook_of_the_Willows@Isa.15.7	31.801389	35.546667	0	wadi	Wadi Kofrein
Buz@Jer.25.23	28.356612	38.987969	363	region	between Dedan and Kedar
Buz@Jer.25.23	31.879964	36.827428	60	region	about 30 km around Azraq
Buz@Jer.25.23	25.429444	49.621944	0	region	Al Ahsa
Cabbon@Jos.15.40	31.350265	34.928577	405	settlement	another name for Machbenah
Cabbon@Jos.15.40	31.563611	34.928056	143	settlement	Khirbet Beit Lei
Cabbon@Jos.15.40	31.52403	34.82719	59	settlement	Tel Haraqim
Cabbon@Jos.15.40	31.554151	34.896797	41	settlement	Khirbet Hebra
Cabul@Jos.19.27	32.868333	35.211389	470	settlement	Kabul
Cabul@Jos.19.27	32.879204	35.228522	337	settlement	Rosh Zayit
Cabul@1Ki.9.13	32.868333	35.211389	1000	region	Cabul 2
Caesarea@Act.8.40	32.5	34.891667	1000	settlement	Caesarea Maritima
Caesarea_Philippi@Mat.16.13	33.246111	35.693333	1000	settlement	Banias
Calah@Gen.10.11	36.098056	43.328889	1000	settlement	Nimrud
Caleb_Ephrathah@1Ch.2.24	31.704306	35.207639	68	settlement	another name for Bethlehem 1
Calneh@Gen.10.10	32.126111	45.230833	168	settlement	Nippur
Calneh@Gen.10.10	32.540223	44.60428	31	settlement	Hursagkalamma
Calneh@Gen.10.10	36.2475	36.376389	0	settlement	another name for Calneh 2
Calneh@Gen.10.10	36.2475	36.376389	428	settlement	Tell Tayinat
Calneh@Gen.10.10	36.292571	37.205535	241	settlement	Kullan Köy
Calneh@Gen.10.10	36.297652	36.545391	20	settlement	Chatal Huyuk
Cana@Jos.19.28	32.8222	35.30269	690	settlement	Horbat Qana
Cana@Jos.19.28	32.74647	35.33921	80	settlement	Kefr Kenna
Cana@Jos.19.28	32.71313	35.31996	6	settlement	Ain Qana
Canaan@Gen.10.18	32.766667	35.333333	1000	region	Canaan
Calneh@Gen.10.10	36.292571	37.205535	588	settlement	another name for Calneh 2
Calneh@Gen.10.10	14.025	48.341944	47	settlement	Bir Ali
Calneh@Gen.10.10	37.083333	41.216667	32	settlement	Nisibis
Calneh@Gen.10.10	32.126111	45.230833	0	settlement	Nippur
Calneh@Gen.10.10	33.093611	44.580833	0	settlement	Ctesiphon
Capernaum@Mat.4.13	32.881111	35.575	842	settlement	Tell Hum
Capernaum@Mat.4.13	32.864722	35.536111	0	settlement	Khirbet Minyeh
Crete@Deu.2.23	35.309722	24.893333	757	island	another name for Crete
Crete@Deu.2.23	36.913028	34.892056	43	region	another name for Cilicia
Crete@Deu.2.23	38.670556	34.839167	43	region	another name for Cappadocia
Crete@Deu.2.23	35	33	21	island	another name for Cyprus
Crete@Deu.2.23	38	25	15	region	Aegean Islands
Crete@Deu.2.23	35.583333	27.133333	7	island	Karpathos
Cappadocia@Act.2.9	38.670556	34.839167	1000	region	Cappadocia
Carchemish@2Ch.35.20	36.829722	38.015	880	settlement	Jerabis
Carmel@Jos.12.22	31.422876	35.132952	842	settlement	Khirbet el Kirmil
Casiphia@Ezr.8.17	32.543333	44.422222	784	settlement	in Babylonia
Casiphia@Ezr.8.17	33.093611	44.580833	13	settlement	Ctesiphon
Cauda@Act.27.16	34.833333	24.083333	1000	island	Gavdos
Cenchreae@Act.18.18	37.884335	22.996816	1000	settlement	Kechries
Chaldea@Gen.11.28	30.962222	46.104444	1000	region	Chaldea
Chebar@Ezk.1.1	32.126944	45.230833	696	river	Shatt en Nil
Chebar@Ezk.1.1	35.130298	40.427284	0	river	another name for the Habor
Chephar-ammoni@Jos.18.24	31.96609	35.24758	252	settlement	Khirbet Kafr Ana
Chephar-ammoni@Jos.18.24	31.9608	35.2263	34	settlement	El Muneitrah
Chephar-ammoni@Jos.18.24	31.9653	35.1909	34	settlement	Khirbet Bir Zeit
Chephar-ammoni@Jos.18.24	31.977	35.2428	34	settlement	Yabrud
Chephirah@Jos.9.17	31.8309	35.106769	838	settlement	Khirbet el Kefireh
Cherith@1Ki.17.3	32.394722	35.591389	335	wadi	Wadi al Yabis
Cherith@1Ki.17.3	31.8443	35.4143	182	wadi	Wadi Qelt
Cherith@1Ki.17.3	32.02819	35.44124	56	settlement	Khirbet Fasayil
Cherith@1Ki.17.3	32.23778	35.60667	43	wadi	Wadi Rajib
Cherith@1Ki.17.3	32.273611	35.561667	32	wadi	Wadi Ajlun
Cherith@1Ki.17.3	32.1	35.52	18	wadi	Wadi al Fara
Cherub@Ezr.2.59	32.543333	44.422222	591	settlement	in Babylonia
Chesalon@Jos.15.10	31.781111	35.051111	702	settlement	Kesla
Chesil@Jos.15.30	31.327312	34.87847	751	settlement	another name for Bethuel
Chesil@Jos.15.30	31.344952	35.124376	0	settlement	Khirbet el Qaryatein
Chesulloth@Jos.19.18	32.683367	35.324193	878	settlement	Iksal
Achzib@Jos.15.44	31.642074	34.953019	816	settlement	another name for Achzib 1
Chilmad@Ezk.27.23	34.8065	48.516247	316	region	another name for Media
Chilmad@Ezk.27.23	36.385553	36.688927	316	settlement	Tell Jindaris
Chilmad@Ezk.27.23	33.643918	42.823141	39	settlement	another name for Charmande
Chios@Act.20.15	38.3725	26.1375	1000	island	Chios
Chesulloth@Jos.19.18	32.683367	35.324193	743	settlement	another name for Chesulloth
Chesulloth@Jos.19.18	32.683367	35.324193	50	settlement	Iksal
Chitlish@Jos.15.40	31.52994	34.78959	347	settlement	Khirbet Umm al Baqar
Chitlish@Jos.15.40	31.55906	34.95713	61	settlement	Khirbet er Ras
Chitlish@Jos.15.40	31.549472	34.625742	31	settlement	Horbat Gluma
Chitlish@Jos.15.40	31.529074	34.900931	31	settlement	Tell Kilkis
Chitlish@Jos.15.40	31.511	34.799139	10	settlement	Khirbet Makhaz
Chorazin@Mat.11.21	32.911389	35.563889	786	settlement	Khirbet Karraza
Cilicia@Act.6.9	36.913028	34.892056	1000	region	Cilicia
On@Gen.41.45	30.129444	31.3075	566	settlement	another name for Heliopolis
On@Gen.41.45	30.288889	31.360556	106	settlement	Tell el Yahudiye
City_of_Salt@Jos.15.62	31.740833	35.458611	340	settlement	Qumran
City_of_Salt@Jos.15.62	31.129652	35.387664	45	settlement	Mezad Gozal
City_of_Salt@Jos.15.62	31.6242	35.40968	36	settlement	Ain el Ghuweir
City_of_Salt@Jos.15.62	31.60797	35.40649	30	settlement	Ein et Turaba
City_of_Salt@Jos.15.62	31.20849	35.449223	25	settlement	another name for Sodom
City_of_Salt@Jos.15.62	31.2172	35.0258	24	settlement	Tel Malhata
City_of_Salt@Jos.15.62	31.20849	35.449223	18	settlement	in the region south of the Lisan
City_of_Salt@Jos.15.62	31.772258	35.512045	15	settlement	Rujm el Bahr
City_of_Salt@Jos.15.62	31.71684	35.391592	9	settlement	another name for Secacah
Cnidus@Act.27.7	36.685833	27.375	1000	settlement	Cnidus
Colossae@Col.1.2	37.78664	29.25994	1000	settlement	Colossae
Corinth@Act.18.1	37.905785	22.878741	1000	settlement	Corinth
Corner_Gate@2Ki.14.13	31.776667	35.234167	1000	gate	in Jerusalem
Cos@Act.21.1	36.815278	27.110278	1000	island	Kos
Achzib@Jos.15.44	31.642074	34.953019	719	settlement	another name for Achzib 1
Achzib@Jos.15.44	31.60991	35.14515	90	settlement	Khirbet ed Dilb
Achzib@Jos.15.44	31.60089	35.14779	54	settlement	Khirbet Kuweiziba
Crete@Deu.2.23	35.309722	24.893333	1000	island	Crete
Berothah@2Sa.8.8	34.259722	36.423611	254	settlement	Ras Baalbek
Berothah@2Sa.8.8	33.935278	36.150833	151	settlement	another name for Berothai
Berothah@2Sa.8.8	34.080288	36.213347	79	settlement	Tell Maqne
Cush@Gen.2.13	16.935139	33.75075	1000	region	Cush 1
Cush@Gen.2.13	32.543333	44.422222	510	region	another name for Babylonia
Cush@Gen.2.13	16.935139	33.75075	277	region	another name for Cush 1
Cushan@Hab.3.7	28.4947	35.0122	515	region	another name for Midian
Cushan@Hab.3.7	36.864444	39.032778	113	region	in Aram-naharaim
Cushan@Hab.3.7	16.935139	33.75075	0	region	another name for Cush 1
Cuth@2Ki.17.30	32.760028	44.612861	810	settlement	Tell Ibrahim
Cyprus@Num.24.24	35	33	1000	island	Cyprus
Cyrene@Mat.27.32	32.820946	21.851229	1000	settlement	Cyrene
Dabbesheth@Jos.19.11	32.670278	35.155	558	settlement	Tel Shem
Daberath@Jos.19.12	32.697284	35.377531	673	settlement	Horvat Devora
Daberath@Jos.19.12	32.388889	35.384722	100	settlement	another name for Rabbith
Magadan@Mat.15.39	32.827069	35.513552	414	settlement	another name for Magadan
Magadan@Mat.15.39	32.827069	35.513552	44	settlement	another name for Magdala
Magadan@Mat.15.39	32.873658	35.548975	18	settlement	Tabgha
Dalmatia@2Ti.4.10	43.812761	16.218756	1000	region	Dalmatia
Damascus@Gen.14.15	33.511112	36.30639	1000	settlement	Damascus
Dannah@Jos.15.49	31.3698	34.995	143	settlement	Khirbet Zanuta
Dannah@Jos.15.49	31.4306	34.9861	102	settlement	Deir ed Domeh
Dannah@Jos.15.49	31.558611	34.976111	82	settlement	Idhna
Dannah@Jos.15.49	31.421683	35.033694	60	settlement	Khirbet al Simia
Dannah@Jos.15.49	31.40732	35.02034	0	settlement	Khirbet Deir esh Shams
Debir@Jos.10.38	31.43209	35.01485	775	settlement	Khirbet Rabud
Debir@Jos.10.38	31.47857	35.03264	15	settlement	Khirbet Tarrama
Debir@Jos.10.38	31.4558	34.9098	0	settlement	Tell Beit Mirsim
Debir@Jos.15.7	31.816392	35.359429	258	settlement	Khan el Hatrur
Debir@Jos.15.7	31.811544	35.348784	155	settlement	Thoghret ed Debr
Debir@Jos.15.7	31.43209	35.01485	82	settlement	another name for Debir 1
Debir@Jos.15.7	31.785	35.452778	75	settlement	along Wadi ed Debr
Lo-debar@Jos.13.26	32.683927	35.629916	549	settlement	another name for Lo-debar
Lo-debar@Jos.13.26	32.56576	35.61221	139	settlement	Umm ed Debar
Decapolis@Mat.4.25	32.716667	35.8	1000	region	Decapolis
Dedan@Gen.10.7	26.65	37.91667	845	settlement	Al Khuraybah
Derbe@Act.14.6	37.348569	33.361453	860	settlement	Kerti Hüyük
Derbe@Act.14.6	37.318797	33.394803	49	settlement	Devri Şehri
Derbe@Act.14.6	37.281957	32.777662	0	settlement	Güdelisin
Dibon@Neh.11.25	31.29606	35.1562	277	settlement	another name for Dimonah
Dibon@Neh.11.25	31.502236	35.776574	77	settlement	another name for Dibon 1
Dibon@Num.21.30	31.502236	35.776574	405	settlement	another name for Dibon 1
Dibon@Num.21.30	31.291821	35.704811	242	settlement	Dimnah
Dibon@Num.21.30	31.283837	35.696538	25	settlement	Haraziya
Dibon@Num.21.30	31.291821	35.704811	0	settlement	another name for Madmen
Dilean@Jos.15.38	31.50259	34.7583	309	settlement	Tel Nagila
Dilean@Jos.15.38	31.5407	34.76291	45	settlement	Tel Qeshet
Dimnah@Jos.21.35	32.788056	35.310556	683	settlement	another name for Rimmon 3
Dimnah@Jos.21.35	32.788056	35.310556	18	settlement	Rumana
Dimonah@Jos.15.22	31.502236	35.776574	291	settlement	another name for Dibon 2
Dimonah@Jos.15.22	31.29606	35.1562	229	settlement	Khirbet edh Dheiba
Dimonah@Jos.15.22	31.303646	35.07829	24	settlement	Horbat Deragot
Dimonah@Jos.15.22	31.30283	35.14909	24	settlement	Horbat Tayyav
Dimonah@Jos.15.22	31.1069	35.031014	0	settlement	Hare Dimona 18
Dinhabah@Gen.36.32	31.798459	35.722377	0	settlement	Khirbet el Muhatta
Dinhabah@Gen.36.32	31.356569	35.75034	0	settlement	Dannea
Diviners'_Oak@Jdg.9.37	32.213611	35.281944	1000	tree	within 200 m of Shechem
Dizahab@Deu.1.1	31.806601	36.050752	339	settlement	Ad Duhaybah
Dizahab@Deu.1.1	28.493056	34.504722	67	settlement	Dahab
Dophkah@Num.33.12	29.036733	33.459407	441	settlement	Serabit el Khadim
Dor@Jos.12.23	32.617428	34.916364	864	settlement	Tel Dor
Dothan@Gen.37.17	32.413528	35.239861	877	settlement	Tel Dotan
Dragon_Spring@Neh.2.13	31.767198	35.235985	439	spring	another name for En-rogel
Dragon_Spring@Neh.2.13	31.772919	35.236383	191	spring	Gihon Spring
Dragon_Spring@Neh.2.13	31.776667	35.234167	118	spring	in Jerusalem
Dragon_Spring@Neh.2.13	31.770556	35.235	53	spring	another name for Siloam
Dumah@Jos.15.52	31.4306	34.9861	662	settlement	Deir ed Domeh
Dumah@Jos.15.52	31.50506	35.0275	54	settlement	another name for Adoraim
Dumah@Isa.21.11	30.745843	35.603919	546	region	another name for Edom
Dumah@Isa.21.11	29.811417	39.868306	43	settlement	Dumat al Jandal
Dumah@Isa.21.11	31.4306	34.9861	39	settlement	another name for Dumah 1
Dung_Gate@Neh.2.13	31.776667	35.234167	1000	gate	in Jerusalem
Dura@Dan.3.1	32.32	44.501667	433	natural area	Tulul Dura
Dura@Dan.3.1	32.543333	44.422222	194	district in settlement	in Babylon 1
Dura@Dan.3.1	30.774444	46.365556	31	settlement	Tall al Lahm
Dura@Dan.3.1	33.09979	44.29833	6	settlement	Tell ed Der
East@Jdg.6.3	31.9547	35.9343	1000	region	region around Rabbah 1
East_Gate@Neh.3.29	31.776667	35.234167	1000	gate	in Jerusalem
Ebenezer@1Sa.4.1	32.1046	34.9645	589	settlement	Izbet Sartah
Ebenezer@1Sa.4.1	32.080844	34.956936	0	settlement	Majdel Yaba
Ebenezer@1Sa.4.1	31.940941	35.23695	217	rock	in the region between Mizpah and Shen
Ebenezer@1Sa.4.1	32.1046	34.9645	126	rock	another name for Ebenezer 1
Ebenezer@1Sa.4.1	31.885136	35.216417	45	rock	within 5 km of Mizpah 3
Ebenezer@1Sa.4.1	31.99855	35.26029	0	rock	another name for Jeshanah
Ebez@Jos.19.20	32.658056	35.505833	142	settlement	Ain el Habus
Ebez@Jos.19.20	32.67914	35.19695	126	settlement	Horbat Sefan
Ebez@Jos.19.20	32.590278	35.525556	94	settlement	En haYadid
Ebez@Jos.19.20	32.6443	35.505329	60	settlement	Horvat Ukkal
Abdon@Jos.21.30	33.047692	35.161916	621	settlement	another name for Abdon
Abdon@Jos.21.30	33.047692	35.161916	63	settlement	Tel Avdon
Ecbatana@Ezr.6.2	34.8065	48.516247	1000	settlement	Tell Hagmatana
Eden@Gen.2.8	40.383333	44.95	178	garden	in Armenia
Eden@Gen.2.8	32.543333	44.422222	131	garden	in Babylonia
Eden@Gen.2.8	30.962222	46.104444	100	garden	within 200 km of Ur 2
Eden@Gen.2.8	32.766667	35.333333	13	garden	in Canaan
Eden@Gen.2.8	30.129444	31.3075	13	garden	in Egypt
Eden@2Ki.19.12	36.7014	38.0865	944	region	another name for Beth-eden
Tower_of_Eder@Gen.35.21	31.707306	35.230111	632	settlement	Khirbet es Siyar el Ghanam
Tower_of_Eder@Gen.35.21	31.773611	35.235556	68	settlement	another name for the City of David
Tower_of_Eder@Gen.35.21	31.6793	35.15464	48	settlement	Khirbet el Bira
Eder@Jos.15.21	31.280833	35.125	266	settlement	another name for Arad 2
Eder@Jos.15.21	31.280833	35.125	31	settlement	Tel Arad
Eder@Jos.15.21	31.430259	34.437048	25	settlement	Horbat Adar
Esau@Gen.36.40	30.745843	35.603919	1000	region	Edom
Edrei@Num.21.33	32.625278	36.106111	821	settlement	Daraa
Edrei@Num.21.33	33.075833	35.528333	224	settlement	Har Zevi
Edrei@Num.21.33	33.116667	35.466667	0	settlement	Aitaroun
Eglaim@Isa.15.8	31.180849	35.712631	325	settlement	Rujm el Jilimeh
Eglaim@Isa.15.8	31.26895	35.516739	297	settlement	Mazra
Eglaim@Isa.15.8	31.28064	35.533581	41	settlement	another name for Eneglaim
Eglaim@Isa.15.8	31.127769	35.67775	0	settlement	Khirbet Jaljul
Eglath-shelishiyah@Isa.15.5	31.036904	35.487657	331	settlement	within 10 km of Zoar
Eglon@Jos.10.3	31.491813	34.928055	574	settlement	Tell Eton
Eglon@Jos.10.3	31.5477	34.7302	24	settlement	Tel Hasi
Eglon@Jos.10.3	31.4558	34.9098	8	settlement	Tell Beit Mirsim
Eglon@Jos.10.3	31.50259	34.7583	6	settlement	Tel Nagila
Egypt@Gen.12.10	30.129444	31.3075	1000	region	Egypt
Ekron@Jos.13.3	31.7775	34.851944	1000	settlement	Tel Miqne
El-bethel@Gen.35.7	31.922778	35.241389	1000	altar	in Bethel 1
Elealeh@Num.32.3	31.819308	35.828315	774	settlement	Al ‘Al
Elim@Exo.15.27	29.254722	32.915833	533	settlement	along Wadi Gharandal
Elim@Exo.15.27	29.876944	32.658333	88	settlement	Uyun Musa
Elim@Exo.15.27	28.24168	33.6222	14	settlement	El Tor
Elim@Exo.15.27	29.866111	32.748056	14	settlement	along Wadi ar Raynah
Cyprus@Num.24.24	35	33	377	island	another name for Cyprus
Cyprus@Num.24.24	36.852558	10.323461	33	settlement	another name for Carthage
Cyprus@Num.24.24	35.165751	33.87017	25	settlement	Enkomi
Cyprus@Num.24.24	35.2412	23.7866	25	settlement	Lissos
Cyprus@Num.24.24	38	25	24	region	Aegean Islands
Cyprus@Num.24.24	41.8922	12.4852	16	region	another name for Italy
Cyprus@Num.24.24	37.666667	21.5	12	region	Elis
Cyprus@Num.24.24	37.599958	14.015378	10	island	Sicily
Cyprus@Num.24.24	37.971851	23.726738	6	region	another name for Greece
Elkosh@Nam.1.1	33.12139	35.33833	233	settlement	El Kauzeh
Elkosh@Nam.1.1	32.881111	35.575	206	settlement	another name for Capernaum
Elkosh@Nam.1.1	31.592963	34.898241	195	settlement	Tel Maresha
Elkosh@Nam.1.1	36.738333	43.095833	128	settlement	Al Qush
Elkosh@Nam.1.1	32.1	35.52	0	settlement	within 10 km of Beth-barah
Ellasar@Gen.14.1	35.456667	43.2625	215	settlement	another name for Asshur
Ellasar@Gen.14.1	38.670556	34.839167	82	region	another name for Cappadocia
Ellasar@Gen.14.1	36.7014	38.0865	55	settlement	another name for Telassar
Ellasar@Gen.14.1	39.606111	35.261389	45	settlement	Alishar Huyuk
Ellasar@Gen.14.1	37.714722	41.413056	41	settlement	Ilanzura
Ellasar@Gen.14.1	40.68	37.83	35	region	another name for Pontus
Ellasar@Gen.14.1	37.910833	40.236667	30	settlement	Alsi
Ellasar@Gen.14.1	31.285833	45.853611	27	settlement	Larsa
Ellasar@Gen.14.1	35.111944	45.686389	20	settlement	Til Assuri
Elon@Jos.19.43	31.841111	35.023611	328	settlement	another name for Elonbeth-hanan
Elon@Jos.19.43	31.746288	34.997106	315	settlement	Khirbet Wadi Illin
Elon@Jos.19.43	32.027222	34.868056	30	settlement	Kafr Ana
Elon@Jos.19.43	31.79709	34.962494	30	settlement	Khirbet Hasan
Elon@Jos.19.43	31.800271	34.938805	30	settlement	Tel Zelafon
Elon@Jos.19.43	31.929967	34.989318	18	settlement	Khirbet el Rujm
Elon@Jos.19.43	31.79826	35.024586	15	settlement	Alein
Elon@Jos.19.43	31.841111	35.023611	0	settlement	another name for Aijalon 1
Elonbeth-hanan@1Ki.4.9	31.746288	34.997106	491	settlement	another name for Elon
Elonbeth-hanan@1Ki.4.9	31.841111	35.023611	50	settlement	another name for Aijalon 1
Elonbeth-hanan@1Ki.4.9	31.852778	35.110556	0	settlement	Beit Anan
El-paran@Gen.14.6	29.530676	34.999999	645	settlement	another name for Elath
El-paran@Gen.14.6	30.212	35.5283	50	settlement	Ayl
El-paran@Gen.14.6	29.911899	33.745543	46	settlement	Nekhel
El-paran@Gen.14.6	29.71432	35.31211	0	region	region northeast of the Gulf of Aqaba
Eltekeh@Jos.19.44	31.8925	34.767778	414	settlement	Tel Shalaf
Eltekeh@Jos.19.44	31.856389	34.865556	76	settlement	Tell Melat
Eltekeh@Jos.19.44	31.7775	34.851944	0	settlement	Tel Miqne
Eltekon@Jos.15.59	31.690314	35.101485	409	settlement	Khirbet ed Deir
Eltekon@Jos.15.59	31.54947	35.13782	107	settlement	Khirbet el Udeise
Eltekon@Jos.15.59	31.69324	35.09149	45	settlement	Khirbet el ’Id
Emek-keziz@Jos.18.21	31.871719	35.444564	470	settlement	within 5 km of Jericho 1
Emek-keziz@Jos.18.21	31.820379	35.501161	153	settlement	within 5 km of Beth-hoglah
Emek-keziz@Jos.18.21	31.9914	35.3322	143	settlement	Khirbet Marjame
Emek-keziz@Jos.18.21	31.78568	35.33572	31	settlement	within 5 km of Wadi el Kaziz
Emmaus@Luk.24.13	31.79289	35.16419	338	settlement	Qalunya
Emmaus@Luk.24.13	31.8393	34.989458	240	settlement	Emmaus Nicopolis
Emmaus@Luk.24.13	31.839933	35.13685	60	settlement	El Qubeibeh
Emmaus@Luk.24.13	31.689167	35.186111	0	settlement	Artas
Emmaus@Luk.24.13	31.70639	35.10816	0	settlement	Khirbet Khamasa
Emmaus@Luk.24.13	31.80742	35.107541	0	settlement	Abu Ghosh
Enaim@Gen.38.14	31.68768	35.012365	505	settlement	another name for Enam
Enaim@Gen.38.14	31.715	34.969167	50	settlement	along Nahal Yarmut
Enaim@Gen.38.14	31.67542	34.99802	26	settlement	within 5 km of the Valley of Elah
Enam@Jos.15.34	31.715	34.969167	377	settlement	another name for Enaim
Enam@Jos.15.34	31.68768	35.012365	107	settlement	Khirbet Beit Ika
Enam@Jos.15.34	31.7149	34.9807	99	settlement	Khirbet en Nabi Bulus
Enam@Jos.15.34	31.7151	34.9852	83	settlement	Khirbet el Alya
Enam@Jos.15.34	31.728465	34.953544	0	settlement	Khirbet Kheishum
En-dor@Jos.17.11	32.643614	35.390222	757	settlement	Khirbet es Safsafa
En-dor@Jos.17.11	32.55949	35.216031	57	settlement	Tell Abu Qedeis
En-dor@Jos.17.11	32.51187	35.26515	4	settlement	Khirbet Jadurah
En-dor@Jos.17.11	32.631389	35.371944	4	settlement	Tell el Ajjul
En-dor@Jos.17.11	32.636478	35.381264	0	settlement	Indur
Eneglaim@Ezk.47.10	31.28064	35.533581	120	settlement	Mutraba
Eneglaim@Ezk.47.10	31.714444	35.453333	95	spring	Ain Feshkah
Eneglaim@Ezk.47.10	31.828056	35.512222	57	spring	Ain Hajlah
Eneglaim@Ezk.47.10	31.180849	35.712631	0	settlement	another name for Eglaim
En-gannim@Jos.15.34	31.747614	34.963781	288	settlement	Khirbet Umm Jina
En-gannim@Jos.15.34	31.725	34.976389	26	settlement	Beit Jimal
En-gannim@Jos.15.34	31.70327	35.00231	0	settlement	Khirbet Umm edh Dhiyab
En-gannim@Jos.19.21	32.713549	35.495439	167	settlement	Khirbet Beit Jann
En-gannim@Jos.19.21	32.666389	35.499167	146	settlement	another name for Anem
En-gannim@Jos.19.21	32.659741	35.537236	127	settlement	Khirbet ed Dir
En-gannim@Jos.19.21	32.46079	35.29875	78	settlement	another name for Beth-haggan
En-gannim@Jos.19.21	32.46079	35.29875	56	settlement	Tell Jenin
En-gannim@Jos.19.21	32.6804	35.4863	43	settlement	Hadita
En-gannim@Jos.19.21	32.666389	35.499167	10	settlement	Olam
Engedi@Jos.15.62	31.45	35.383333	1000	region	Ein Gedi
En-haddah@Jos.19.21	32.6804	35.4863	698	settlement	Hadita
En-haddah@Jos.19.21	32.54175	35.3666	36	settlement	El Karm
En-haddah@Jos.19.21	32.51463	35.41657	10	settlement	Khirbet Judeida
En-hakkore@Jdg.15.19	31.748796	35.001006	694	spring	within 1 km of Lehi
En-hakkore@Jdg.15.19	31.79541	34.949163	34	spring	Ayun Qara
En-hazor@Jos.19.37	33.12889	35.44	394	settlement	Aynata
En-hazor@Jos.19.37	33.04194	35.31179	162	settlement	Horbat Hadran
Ain@Jos.15.32	31.38333	34.86564	496	settlement	another name for Rimmon 2
Ain@Jos.15.32	31.38333	34.86564	276	settlement	Tel Halif
Ain@Jos.15.32	31.37124	34.86489	0	settlement	Khirbet Umm er Rammamin
En-rogel@Jos.15.7	31.767198	35.235985	793	spring	Bir Ayub
En-rogel@Jos.15.7	31.798128	35.248031	31	spring	Ain el Madauwerah
En-rogel@Jos.15.7	31.772919	35.236383	0	spring	Gihon Spring
En-shemesh@Jos.15.7	31.77406	35.27013	741	spring	Ein Haud
Tappuah@Jos.12.17	32.10415	35.23007	518	spring	within 2 km of Tappuah 1
Tappuah@Jos.12.17	32.10415	35.23007	311	spring	another name for Tappuah 1
Tappuah@Jos.12.17	32.108744	35.236457	60	spring	Ein et Tuta
Ephah@Isa.60.6	28.4947	35.0122	1000	people group	another name for Midian
Ephes-dammim@1Sa.17.1	31.684489	35.052238	577	settlement	Khirbet Damun
Ephes-dammim@1Sa.17.1	31.66791	34.99327	241	settlement	Khirbet Beit Fasal
Ephes-dammim@1Sa.17.1	31.6963	34.9575	45	settlement	Khirbet Qeiyafa
Ephesus@Act.18.19	37.939125	27.3407	1000	settlement	Ephesus
Bethlehem@Gen.35.16	31.704306	35.207639	1000	settlement	another name for Bethlehem 1
Bethlehem@Gen.35.16	31.704306	35.207639	1000	settlement	another name for Bethlehem 1
Ephron_Mount@Jos.15.9	31.796944	35.144167	648	settlement	another name for Mount Ephron
Ephron_Mount@Jos.15.9	31.954444	35.300278	218	settlement	another name for Ephron 2
Erech@Gen.10.10	31.322222	45.636111	1000	settlement	Uruk
Esek@Gen.26.20	31.424497	34.6062	476	well	in the region between Gerar and Beersheba
Esek@Gen.26.20	31.3986	34.4362	282	well	along Nahal Gerar
Eshan@Jos.15.52	31.55659	35.03355	215	settlement	Khirbet et Taiyiba
Eshan@Jos.15.52	31.43329	34.977712	167	settlement	Khirbet Khallat Sam’a
Eshan@Jos.15.52	31.549356	35.093592	0	settlement	Khirbet en Nasara
Eshtaol@Jos.15.33	31.797726	34.985967	337	settlement	Khirbet Deir Shubeib
Eshtaol@Jos.15.33	31.781097	35.0101	172	settlement	Eshtaol
Eshtaol@Jos.15.33	31.767328	35.001436	90	settlement	Artuf
Eshtaol@Jos.15.33	31.785496	35.010339	60	settlement	Khirbet Deir Abu Kabus
Eshtaol@Jos.15.33	31.77608	35.016015	23	settlement	Khirbet esh Sheikh Ibrahim
Eshtemoa@Jos.21.14	31.400792	35.067075	722	settlement	As Samu
Etam@Jdg.15.8	31.763715	35.025793	816	settlement	Arak Ismain
Etam@Jdg.15.8	31.734836	35.052967	0	settlement	Bayt Itab
Etam@Jdg.15.8	31.68478	35.17884	0	settlement	another name for Etam 3
Etam@1Ch.4.3	31.68478	35.17884	332	settlement	another name for Etam 3
Etam@1Ch.4.3	31.491813	34.928055	241	settlement	Tell Eton
Etam@2Ch.11.6	31.68478	35.17884	747	settlement	Khirbet el Khokh
Etham@Exo.13.20	30.5475	31.963611	173	settlement	another name for Pithom
Etham@Exo.13.20	30.861009	32.352252	135	settlement	Tell Abu Sefeh
Etham@Exo.13.20	30.85	32.316667	52	settlement	Al Qantarah
Etham@Exo.13.20	30.9352	32.3669	41	settlement	another name for Tjaru
Etham@Exo.13.20	30.583333	32.266667	0	settlement	Ismailia
Ether@Jos.15.42	31.61593	34.8783	751	settlement	Khirbet el Ater
Ether@Jos.15.42	31.61593	34.8783	426	settlement	another name for Ether 1
Ether@Jos.15.42	31.3525	35.016111	240	settlement	Khirbet Attir
Ether@Jos.15.42	31.3525	35.016111	136	settlement	another name for Jattir
Ether@Jos.15.42	31.61593	34.8783	76	settlement	another name for Athach
Eth-kazin@Jos.19.13	32.74647	35.33921	288	settlement	Kefr Kenna
Eth-kazin@Jos.19.13	32.775889	35.42935	134	settlement	Lubya
Euphrates@Gen.2.14	31.0043	47.442	1000	river	Euphrates River
Ezel_Stone@1Sa.20.19	31.823113	35.230718	0	stone heap	within 1 km of Gibeah 1
Ezem@Jos.15.29	31.281372	34.797404	616	settlement	Khirbet Asan
Ezem@Jos.15.29	31.080567	34.940812	136	settlement	Umm el Azam
Ezion-geber@Num.33.35	29.462839	34.86005	360	island	Jezirat Faraun
Ezion-geber@Num.33.35	29.547181	34.980258	239	settlement	Tell el Kheleifeh
Ezion-geber@Num.33.35	29.530676	34.999999	27	settlement	another name for Elath
Fair_Havens@Act.27.8	34.929694	24.800306	1000	settlement	Kaloi Limenes
Fish_Gate@2Ch.33.14	31.776667	35.234167	1000	gate	in Jerusalem
Forum_of_Appius@Act.28.15	41.46639	12.9975	1000	settlement	Forum Appii
Fountain_Gate@Neh.2.14	31.776667	35.234167	1000	gate	in Jerusalem
Gaash@Jos.24.30	32.00806	35.10729	829	mountain	within 10 km of Timnath-heres
Gaash@Jos.24.30	31.9598	35.092	61	mountain	Khirbet esh Shuna
Gabbatha@Jhn.19.13	31.776083	35.228036	605	structure	within 500 m of Herod’s palace
Gabbatha@Jhn.19.13	31.780322	35.233361	0	structure	Convent of the Sisters of Zion
Gadara@Mat.8.28	32.655998	35.679352	1000	settlement	Umm Qais
Galatia@Act.16.6	39.266667	32.983333	1000	region	Galatia
Galilee@Jos.12.23	32.76	35.527	1000	region	Galilee
Galilee@Jos.12.23	32.76	35.527	498	region	another name for Galilee 1
Galilee@Jos.12.23	32.153531	34.9518	146	settlement	Jiljuliyeh
Gallim@1Sa.25.44	31.81544	35.25078	387	settlement	Khirbet Kakul
Gallim@1Sa.25.44	31.84746	35.236	153	settlement	Khirbet Erha
Gallim@1Sa.25.44	31.768139	34.864486	39	settlement	Jilya
Gallim@1Sa.25.44	31.881883	35.459969	30	settlement	another name for Beth-gilgal
Gallim@1Sa.25.44	31.79052	35.32262	30	settlement	another name for Geliloth
Gallim@1Sa.25.44	31.881883	35.459969	30	settlement	another name for Gilgal 1
Gamad@Ezk.27.11	33.62384	35.82104	480	settlement	another name for Kumidi
Gareb@Jer.31.39	31.776667	35.234167	1000	hill	in Jerusalem
Foundation_Gate@2Ch.23.5	31.776667	35.234167	1000	gate	in Jerusalem
Guard_Gate@Neh.12.39	31.776667	35.234167	1000	gate	in Jerusalem
Yeshanah_Gate@Neh.3.6	31.776667	35.234167	1000	gate	in Jerusalem
Gath@Jos.11.22	31.69972	34.84694	850	settlement	Tell es Safi
Gath@Jos.11.22	31.50259	34.7583	35	settlement	Tel Nagila
Gath@Jos.11.22	31.3912	34.6816	35	settlement	Tell esh Sharia
Gath@Jos.11.22	31.90302	34.88994	11	settlement	Ras Abu Hamid
Gath@Jos.11.22	31.3821	34.6065	0	settlement	Tel Haror
Gath@Jos.11.22	31.61209	34.78622	0	settlement	Tel Erani
Gath@Jos.11.22	32.39835	35.04005	402	settlement	another name for Gath-padalla
Gath@Jos.11.22	31.69972	34.84694	270	settlement	another name for Gath 1
Gath@Jos.11.22	31.90302	34.88994	238	settlement	another name for Gittaim
Gath@Jos.11.22	31.81263	34.97128	30	settlement	Horbat Avimor
Gath@Jos.11.22	31.90302	34.88994	0	settlement	Ras Abu Hamid
Gath@Jos.11.22	31.69972	34.84694	799	settlement	another name for Gath 1
Gath@Jos.11.22	32.0917	34.8075	222	settlement	another name for Gath-rimmon 1
Gath@Jos.11.22	32.738056	35.319722	34	settlement	another name for Gath-hepher
Gath@Jos.11.22	31.90302	34.88994	11	settlement	another name for Gittaim
Gath-hepher@Jos.19.13	32.738056	35.319722	789	settlement	Tel Gat Hefer
Gath-hepher@Jos.19.13	32.738333	35.324444	8	settlement	Mashhad
Gath-rimmon@Jos.19.45	32.0917	34.8075	338	settlement	Tel Gerisa
Gath-rimmon@Jos.19.45	32.099444	34.836944	180	settlement	Tel Zeton
Gath-rimmon@Jos.19.45	31.90302	34.88994	49	settlement	Ras Abu Hamid
Ibleam@Jos.17.11	32.4462	35.292	582	settlement	another name for Bileam
Ibleam@Jos.17.11	32.52439	35.20408	0	settlement	Rummanah
Gaza@Gen.10.19	31.504	34.4644	1000	settlement	Tell Harube
Geba@Jos.18.24	31.8575	35.261111	740	settlement	Jaba
Geba@Jos.18.24	31.823113	35.230718	72	settlement	another name for Gibeah 1
Gibeon@Jos.9.3	31.847451	35.183351	767	settlement	another name for Gibeon
Gibeon@Jos.9.3	31.8575	35.261111	101	settlement	another name for Geba 1
Geba@Jos.18.24	31.8575	35.261111	591	settlement	another name for Geba 1
Geba@Jos.18.24	32.0215	35.262	244	settlement	Khirbet et Tell
Geba@Jos.18.24	31.8575	35.261111	731	settlement	another name for Geba 1
Geba@Jos.18.24	31.98545	35.24395	107	settlement	Burj el Bardawil
Geba@Jos.18.24	32.0215	35.262	50	settlement	Khirbet et Tell
Geba@Jos.18.24	31.8575	35.261111	5	settlement	Jaba
Gebal@Jos.13.5	34.119167	35.645833	939	settlement	Byblos
Gebal@Jos.13.5	30.52198	35.55057	544	region	between the Dead Sea and Petra
Gebal@Jos.13.5	34.119167	35.645833	220	settlement	another name for Gebal 1
Gebal@Jos.13.5	30.330994	35.484847	137	settlement	another name for Teman
Gebim@Isa.10.31	31.80752	35.25758	526	settlement	within 3 km of Anathoth
Gebim@Isa.10.31	31.82014	35.22322	63	settlement	Shufat
Gebim@Isa.10.31	31.798611	35.248333	36	settlement	Isawiya
Gebim@Isa.10.31	31.79228	35.245456	31	settlement	Bath el Battash
Gebim@Isa.10.31	31.86604	35.29185	31	settlement	Khirbet ed Dawwara
Gebim@Isa.10.31	32.0215	35.262	0	settlement	Khirbet et Tell
Gederah@Jos.15.36	31.688903	34.996117	551	settlement	Khirbet Judraya
Gederah@Jos.15.36	31.633361	34.916611	282	settlement	Tel Goded
Gederah@Jos.15.36	31.822936	34.777744	61	settlement	Qatra
Gederah@Jos.15.36	31.85794	35.19727	56	settlement	Jedireh
Gederah@Jos.15.36	31.86725	35.09229	26	settlement	Khirbet Judeira
Gederah@Jos.15.36	31.82744	34.95892	0	settlement	Khirbet Jedireh
Gederah@Jos.15.36	31.85794	35.19727	283	settlement	Jedireh
Gederah@Jos.15.36	31.688903	34.996117	213	settlement	another name for Gederah 1
Gederah@Jos.15.36	31.86725	35.09229	39	settlement	Khirbet Judeira
Gederah@Jos.15.36	31.688903	34.996117	882	settlement	another name for Gederah 1
Gederah@Jos.15.36	31.633361	34.916611	39	settlement	Tel Goded
Gederoth@Jos.15.41	31.688903	34.996117	178	settlement	another name for Gederah 1
Gederoth@Jos.15.41	31.462135	34.776516	93	settlement	Tell el Meleiha
Gederoth@Jos.15.41	31.827039	34.987606	90	settlement	Khirbet Hamideh
Gederoth@Jos.15.41	31.501667	34.873333	90	settlement	Tel Agra
Gederoth@Jos.15.41	31.838514	34.78225	0	settlement	another name for Baalath 2
Gederoth@Jos.15.41	31.822936	34.777744	0	settlement	Qatra
Gederothaim@Jos.15.36	31.688903	34.996117	526	settlement	another name for Gederah 1
Gederothaim@Jos.15.36	31.695528	34.996	32	settlement	Bayt Nattif
Gedor@Jos.12.13	31.632629	35.092145	806	settlement	Khirbet Jedur
Gedor@1Ch.4.39	31.3821	34.6065	390	settlement	another name for Gerar
Gedor@1Ch.4.39	31.632629	35.092145	41	settlement	another name for Gedor 1
Gedor@Jos.12.13	31.632629	35.092145	675	settlement	another name for Gedor 1
Gedor@Jos.12.13	31.3821	34.6065	0	settlement	another name for Gedor 2
Gedor@Jos.12.13	31.632629	35.092145	547	settlement	another name for Gedor 1
Gedor@Jos.12.13	31.86725	35.09229	81	settlement	Khirbet Judeira
Gedor@Jos.12.13	31.85794	35.19727	39	settlement	another name for Gederah 2
Ge-harashim@1Ch.4.14	31.95	34.9	491	valley	within 5 km of Lod
Ge-harashim@1Ch.4.14	32.006675	34.861718	80	valley	Wadi esh Shellal
Ge-harashim@1Ch.4.14	31.936319	34.805639	55	valley	about 1 km around Sarafand el Kharab
Ge-harashim@1Ch.4.14	31.8269	35.04917	14	valley	about 2 km around Khirbet Hirsha
Gilgal@Deu.11.30	31.79052	35.32262	352	settlement	Araq ed Deir
Gilgal@Deu.11.30	31.76492	35.28876	143	settlement	El Khirbeh
Gilgal@Deu.11.30	31.79239	35.3363	63	settlement	Khan el Ahmar
Gilgal@Deu.11.30	31.818431	35.360304	28	settlement	Tal‘at ed Damm
Gennesaret@Mat.14.34	32.860556	35.507222	1000	region	El Ghuweir
Gerar@Gen.10.19	31.3821	34.6065	694	settlement	Tel Haror
Gerar@Gen.10.19	31.3912	34.6816	35	settlement	Tell esh Sharia
Gerar@Gen.10.19	31.183861	34.567048	12	settlement	Tell Tuweiyil
Gerar@Gen.10.19	31.38724	34.44506	0	settlement	Tell Jemmeh
Gadara@Mat.8.28	32.272281	35.891397	1000	settlement	Jerash
Geruth_Chimham@Jer.41.17	31.704306	35.207639	963	natural area	within 5 km of Bethlehem 1
Geshur@Jos.13.13	32.766667	35.7	1000	region	Geshur
Gethsemane@Mat.26.36	31.779419	35.239425	1000	garden	Gethsemane
Gezer@Jos.10.33	31.859167	34.919167	942	settlement	Tel Gezer
Giah@2Sa.2.24	31.841047	35.279535	593	natural area	within 10 km of Ammah
Giah@2Sa.2.24	31.841047	35.279535	70	valley	Sahel Geba
Gibeon@Jos.9.3	31.847451	35.183351	258	settlement	another name for Gibeon
Gibbethon@Jos.19.44	31.856389	34.865556	530	settlement	Tell Melat
Gibbethon@Jos.19.44	31.90302	34.88994	179	settlement	Ras Abu Hamid
Gibbethon@Jos.19.44	31.85773	34.8193	14	settlement	Aqir
Gibbethon@Jos.19.44	31.9775	35.009722	0	settlement	Qibya
Gibeah@Jos.18.28	31.823113	35.230718	669	settlement	Tel el Ful
Gibeah@Jos.18.28	31.8575	35.261111	94	settlement	another name for Geba 1
Gibeah@Jos.18.28	31.8575	35.261111	27	settlement	Jaba
Gibeah@Jos.15.57	31.45015	35.053525	448	settlement	in the region south of Hebron
Gibeah@Jos.15.57	31.344952	35.124376	143	settlement	Khirbet el Qaryatein
Gibeah@Jos.15.57	31.51591	35.16416	60	settlement	Bani Nai’im
Gibeah@Jos.15.57	31.675138	35.076193	0	settlement	Jab’a
Gibeah@Jos.18.28	31.98545	35.24395	215	settlement	Burj el Bardawil
Gibeah@Jos.18.28	31.997222	35.161111	151	settlement	Jibiya
Gibeah@Jos.18.28	32.0215	35.262	90	settlement	Khirbet et Tell
Gibeah@Jos.18.28	31.8575	35.261111	50	settlement	another name for Geba 1
Gibeah@Jos.18.28	32.161444	35.286392	47	settlement	Awarta
Gibeah@Jos.18.28	31.922778	35.241389	24	settlement	within 2 km of Bethel 1
Gibeah@Jos.18.28	32.016667	35.124722	24	settlement	Nabi Salih
Gibeah@Jos.18.28	32.213611	35.281944	24	settlement	within 2 km of Shechem
Gibeah@Jos.18.28	31.823113	35.230718	23	settlement	another name for Gibeah 1
Gibeah@Jos.18.28	31.823113	35.230718	461	settlement	another name for Gibeah 1
Gibeah@Jos.18.28	31.80742	35.107541	37	settlement	Abu Ghosh
Gibeah@Jos.18.28	31.881883	35.459969	24	hill	another name for Gibeath-haaraloth
Gibeath-elohim@1Sa.10.5	31.823113	35.230718	364	settlement	another name for Gibeah 1
Gibeath-elohim@1Sa.10.5	31.8575	35.261111	253	settlement	another name for Geba 1
Gibeath-elohim@1Sa.10.5	31.832733	35.18015	48	settlement	Nabi Samwil
Gibeath-elohim@1Sa.10.5	31.896944	35.201667	35	settlement	Ramallah
Gibeath-elohim@1Sa.10.5	31.847451	35.183351	0	settlement	another name for Gibeon
Gilgal@Deu.11.30	31.881883	35.459969	749	hill	within 5 km of Gilgal 1
Gilgal@Deu.11.30	31.871719	35.444564	358	hill	within 5 km of Jericho 1
Gibeon@Jos.9.3	31.847451	35.183351	912	settlement	El Jib
Gidom@Jdg.20.45	31.84762	35.305139	335	natural area	within 10 km of Rimmon 1
Gihon@Gen.2.13	31.4653	30.3667	193	river	another name for the Nile
Gihon@Gen.2.13	31.772919	35.236383	138	spring	another name for Gihon 2
Gihon@Gen.2.13	31.782302	47.869402	60	river	Karkheh River
Gihon@Gen.2.13	2.245889	32.2525	31	river	White Nile
Gihon@Gen.2.13	33.2213	44.5069	8	river	Diyala River
Gihon@Gen.2.13	30.4275	48.1654	0	river	Karun River
Gihon@Gen.2.13	32.425	45.85	0	river	Al Gharraf River
Gihon@Gen.2.13	40.0184	48.4535	0	river	Aras River
Gihon@Gen.2.13	31.772919	35.236383	1000	spring	Gihon Spring
Gilead@Gen.31.21	32.187016	35.69211	1000	region	Gilead 1
Gilead@Gen.31.21	32.187016	35.69211	344	region	another name for Gilead 1
Gilead@Gen.31.21	32.118511	35.77702	136	settlement	Jel‘ad
Gilead@Gen.31.21	32.40237	35.6823	62	settlement	another name for Jabesh-gilead
Gilead@Gen.31.21	32.499852	36.014988	62	settlement	another name for Ramoth-gilead
Gilead@Gen.31.21	32.131192	35.761295	30	settlement	Khirbet er Rasuni
Gilead@Gen.31.21	32.149521	35.69241	30	settlement	Tell Hejaj
Gilgal@Deu.11.30	31.881883	35.459969	556	settlement	Khirbet el Mefjir
Gilgal@Deu.11.30	32.159929	35.515486	20	settlement	Bedhat esh Sha’ab
Gilgal@Deu.11.30	32.24925	35.3707	14	settlement	El ’Unuq
Gilgal@Deu.11.30	31.87394	35.45883	14	settlement	Tell el Jurn
Gilgal@Deu.11.30	31.88161	35.45567	0	settlement	Suwwanet eth Thaniya
Gilgal@Deu.11.30	31.85032	35.48747	0	settlement	Khirbet en Nitleh
Gilgal@2Ki.2.1	32.030556	35.225	318	settlement	Jiljilyya
Gilgal@2Ki.2.1	31.881883	35.459969	5	settlement	another name for Gilgal 1
Gilgal@Deu.11.30	31.79052	35.32262	461	settlement	another name for Geliloth
Gilgal@Deu.11.30	31.881883	35.459969	66	settlement	another name for Gilgal 1
Gilgal@Deu.11.30	31.818431	35.360304	25	settlement	Tal‘at ed Damm
Gilgal@Deu.11.30	31.881883	35.459969	186	settlement	another name for Gilgal 1
Gilgal@Deu.11.30	32.030556	35.225	116	settlement	another name for Gilgal 2
Gilgal@Deu.11.30	32.19836	35.30698	75	settlement	Khirbet Ibn Naser
Gilgal@Deu.11.30	32.24925	35.3707	31	settlement	El ’Unuq
Giloh@Jos.15.51	31.43209	35.01485	427	settlement	within 6 km of Khirbet Rabud
Giloh@Jos.15.51	31.407622	34.9723	60	settlement	Dahriya
Giloh@Jos.15.51	31.43441	34.95176	0	settlement	Khirbet Kafr Jul
Giloh@Jos.15.51	31.61707	35.07664	0	settlement	Khirbet Jala
Gimzo@2Ch.28.18	31.929705	34.946809	805	settlement	Jimzu
Gimzo@2Ch.28.18	31.5477	34.7302	37	settlement	Tel Hasi
Gittaim@2Sa.4.3	31.90302	34.88994	486	settlement	Ras Abu Hamid
Gittaim@2Sa.4.3	31.9318	34.873556	102	settlement	Ramla
Gittaim@2Sa.4.3	32.39835	35.04005	92	settlement	another name for Gath-padalla
Gittaim@2Sa.4.3	31.90175	35.02225	64	settlement	Al Burj
Gittaim@2Sa.4.3	31.905142	35.214958	31	settlement	within 30 km of Beeroth
Gittaim@2Sa.4.3	31.95	34.9	0	settlement	within 7 km of Lod
Goah@Jer.31.39	31.776667	35.234167	1000	hill	within 8 km of Jerusalem
Gezer@Jos.10.33	31.859167	34.919167	318	settlement	another name for Gezer
Gezer@Jos.10.33	31.856389	34.865556	170	settlement	another name for Gibbethon
Gezer@Jos.10.33	31.7925	35.244167	110	settlement	another name for Nob
Gezer@Jos.10.33	31.6963	34.9575	52	settlement	Khirbet Qeiyafa
Gog@Ezk.38.2	38.488333	28.040278	1000	region	another name for Magog
Golan@Deu.4.43	32.781111	35.934722	680	settlement	Saham al Jawlan
Golgotha@Mat.27.33	31.778444	35.22975	426	hill	Church of the Holy Sepulchre
Golgotha@Mat.27.33	31.776629	35.230688	31	hill	Taylor Golgotha
Golgotha@Mat.27.33	31.783957	35.230147	0	hill	Gordon’s Calvary
Gomorrah@Gen.10.19	31.20849	35.449223	364	settlement	in the Valley of Siddim
Gomorrah@Gen.10.19	31.129757	35.529368	129	settlement	Numeira
Gomorrah@Gen.10.19	31.795	35.595278	108	settlement	in the region north of the Dead Sea
Gomorrah@Gen.10.19	31.819256	35.671878	18	settlement	Tall Iktanu
Gomorrah@Gen.10.19	31.85055	35.65296	18	settlement	Tall Kafrayn
Gomorrah@Gen.10.19	31.248729	35.523005	0	settlement	Bab edh Dhra
Goshen@Gen.45.10	30.79937	31.834217	1000	region	Goshen 1
Goshen@Jos.10.41	31.407622	34.9723	447	region	about 20 km around Goshen 3
Goshen@Jos.10.41	30.79937	31.834217	0	region	another name for Goshen 1
Goshen@Jos.10.41	31.407622	34.9723	342	settlement	Dahriya
Goshen@Jos.10.41	31.38333	34.86564	147	settlement	Tel Halif
Goshen@Jos.10.41	31.350265	34.928577	69	settlement	Khirbet Tatrit
Goshen@Jos.10.41	31.4558	34.9098	40	settlement	Tell Beit Mirsim
Goshen@Jos.10.41	31.344952	35.124376	0	settlement	Khirbet el Qaryatein
Gozan@2Ki.17.6	36.826785	40.03967	829	settlement	Tell Halaf
Great_Sea@Num.34.6	31.804819	34.17035	1000	body of water	Mediterranean Sea
Javan@Isa.66.19	37.971851	23.726738	1000	region	Greece
Gur@2Ki.9.27	32.44411	35.2966	566	hill	Khirbet en Najjar
Gur@2Ki.9.27	32.466067	35.201657	0	hill	in the region between Ibleam and Megiddo
Gurbaal@2Ch.26.7	30.745843	35.603919	615	settlement	in Edom
Gurbaal@2Ch.26.7	31.2328	34.9867	81	settlement	another name for Jagur
Gurbaal@2Ch.26.7	30.317	35.407	64	settlement	Jebel Nebi Harun
Habor@2Ki.17.6	35.130298	40.427284	879	river	Khabur River
Hachilah@1Sa.23.19	31.4703	35.2228	463	settlement	Zahrat al Kula
Hadad-rimmon@Zec.12.11	32.52439	35.20408	242	settlement	Rummanah
Hadad-rimmon@Zec.12.11	32.585278	35.184444	210	settlement	within 7 km of Megiddo
Hadad-rimmon@Zec.12.11	32.574722	35.177778	25	settlement	Lejjun
Hadashah@Jos.15.37	31.626892	34.845729	620	settlement	in the region between Lachish and Gath
Hadashah@Jos.15.37	31.559444	34.714444	60	settlement	Tel Sheqef
Hadashah@Jos.15.37	31.580313	34.729493	0	settlement	Khirbet el Judeideh
Hadashah@Jos.15.37	31.84881	35.16363	0	settlement	another name for Adasa
Hadid@Ezr.2.33	31.963319	34.951764	838	settlement	Al Haditha
Hadrach@Zec.9.1	35.905	36.798611	789	settlement	Tell Afis
Hadrach@Zec.9.1	34.7238	36.7144	39	settlement	Homs
Haeleph@Jos.18.28	31.802528	35.209636	357	settlement	another name for Zela
Haeleph@Jos.18.28	31.832733	35.18015	93	settlement	Nabi Samwil
Haeleph@Jos.18.28	31.90879	35.2117	36	settlement	Ras et Tahuneh
Haeleph@Jos.18.28	31.794392	35.196606	0	settlement	Lifta
Halah@2Ki.17.6	36.43173	43.19459	710	region	about 60 km around Halahha
Halah@2Ki.17.6	36.826785	40.03967	92	settlement	within 10 km of Gozan
Halah@2Ki.17.6	35.130298	40.427284	59	settlement	along the Habor
Halah@2Ki.17.6	36.098056	43.328889	50	settlement	another name for Calah
Halhul@Jos.15.58	31.57741	35.10725	881	settlement	Halhul
Hali@Jos.19.25	32.771772	35.155668	644	settlement	Tel Alil
Hali@Jos.19.25	32.773121	35.148195	66	settlement	Tel Alil West
Hall_of_Judgment@1Ki.7.7	31.776667	35.234167	1000	hall	in the House of the Forest of Lebanon
Hall_of_Pillars@1Ki.7.6	31.776667	35.234167	1000	hall	in the House of the Forest of Lebanon
Hall_of_the_Throne@1Ki.7.7	31.776667	35.234167	1000	hall	in the House of the Forest of Lebanon
Ammon@Deu.2.19	32.514213	35.812384	599	settlement	Tell Ham
Ham@1Ch.4.40	30.129444	31.3075	1000	region	another name for Egypt
Hamath@Num.13.21	35.1365	36.75	957	settlement	Hama
Hamath@Num.13.21	35.1365	36.75	1000	settlement	another name for Hamath 1
Hamath@Num.13.21	31.782302	47.869402	31	settlement	another name for Amate
Hammath@Jos.19.35	32.766368	35.550553	603	settlement	Hamat Tiberias
Hammath@Jos.19.35	32.806389	35.525833	39	settlement	Tel Raqqat
Hammath@Jos.19.35	33.128108	35.152022	752	settlement	Umm el Awamid
Hammath@Jos.19.35	32.766368	35.550553	755	settlement	another name for Hammath 1
Hammath@Jos.19.35	32.766368	35.550553	801	settlement	another name for Hammath 1
Hamonah@Ezk.39.16	31.7539	35.7152	1000	settlement	in the Valley of Hamon-gog
Hanes@Isa.30.4	29.085556	30.934444	483	settlement	another name for Heracleopolis Magna
Hanes@Isa.30.4	30.978056	32.175556	247	settlement	another name for Heracleopolis Parva
Hanes@Isa.30.4	30.976944	31.88	72	settlement	another name for Zoan
Hanes@Isa.30.4	30.860556	32.171389	0	settlement	another name for Tahpanhes
Hannathon@Jos.19.14	32.785556	35.256944	847	settlement	Tel Hanaton
Hannathon@Jos.19.14	32.788056	35.310556	27	settlement	Kefr Anau
Hannathon@Jos.19.14	32.75885	35.09027	0	settlement	Tel Regev
Ophrah@Jdg.6.11	32.60385	35.44661	423	settlement	Et Taiyibeh
Ophrah@Jdg.6.11	32.6057	35.29	205	settlement	Afula
Ophrah@Jdg.6.11	32.6292	35.1035	19	settlement	Tel Parur
Hara@1Ch.5.26	36.826785	40.03967	182	settlement	within 50 km of Gozan
Hara@1Ch.5.26	37.35361	42.88083	112	mountain range	El Gebal
Hara@1Ch.5.26	35.9264	39.0788	17	settlement	along the Balikh River
Hara@1Ch.5.26	35.333333	40.15	17	settlement	Deir ez Zor
Hara@1Ch.5.26	35.309722	46.998889	17	settlement	another name for Harhar
Hara@1Ch.5.26	37.333333	41.166667	17	mountain range	Mons Masius
Haradah@Num.33.24	30.50662	34.30356	176	campsite	along Wadi Lussan
Haradah@Num.33.24	28.986419	34.473237	79	campsite	Jebel Aradeh
Haradah@Num.33.24	30.359167	34.4425	31	campsite	Jebel Araif en Nakah
Haran@Gen.11.31	36.864444	39.032778	922	settlement	Harran
Harmon@Amo.4.3	33.4	35.85	259	mountain	another name for Mount Hermon
Harmon@Amo.4.3	34.39674	36.38715	124	settlement	Hermel
Harmon@Amo.4.3	31.84762	35.305139	111	natural area	within 5 km of Rimmon 1
Harmon@Amo.4.3	40.383333	44.95	44	region	Armenia
Harmon@Amo.4.3	36.570278	46.275278	42	natural area	within 150 km of Minni
Harmon@Amo.4.3	33.688889	36.031667	16	mountain ridge	another name for Amana
Harod@Jdg.7.1	32.548611	35.355833	722	spring	Well of Harod
Harod@Jdg.7.1	31.73333	35.2721	460	settlement	Khirbet el Harazan
Harod@Jdg.7.1	32.548611	35.355833	171	spring	another name for Harod 1
Harosheth-hagoyim@Jdg.4.2	32.75885	35.09027	104	settlement	Tel Regev
Harosheth-hagoyim@Jdg.4.2	32.487149	35.093808	76	settlement	Ahwat
Harosheth-hagoyim@Jdg.4.2	32.503056	35.289167	54	region	southern Jezreel Valley
Harosheth-hagoyim@Jdg.4.2	32.55949	35.216031	31	region	plain between Taanach and Megiddo
Harosheth-hagoyim@Jdg.4.2	32.72215	35.10983	0	settlement	Khirbet el Harithiyeh
Harosheth-hagoyim@Jdg.4.2	32.728056	35.096667	0	settlement	Tell Amr
Hashmonah@Num.33.29	31.30992	34.9078	307	campsite	another name for Heshmon
Hashmonah@Num.33.29	30.832057	35.056872	286	campsite	within 50 km of Moseroth
Hashmonah@Num.33.29	30.6875	34.333333	144	campsite	another name for Azmon
Hashmonah@Num.33.29	30.668889	34.366667	121	campsite	Qoseimeh
Hashmonah@Num.33.29	30.389654	35.157506	31	campsite	mouth of Wadi Jirafi
Hashmonah@Num.33.29	30.640556	34.411111	0	campsite	along Wadi Umm Hashim
Hauran@Ezk.47.16	32.73009	36.36812	1000	region	Hauran
Havilah@Gen.2.11	32.543333	44.422222	328	region	in Babylonia
Havilah@Gen.2.11	23	46	45	region	another name for Arabia 1
Havilah@Gen.2.11	15.3551	44.2145	0	region	about 200 km around Sanaa
Havilah@Gen.2.11	11.353889	43.473889	0	region	about 200 km around Zeila
Havilah@Gen.25.18	23	46	519	region	in Arabia 1
Havilah@Gen.25.18	23	46	148	region	another name for Arabia 1
Havilah@Gen.25.18	32.543333	44.422222	71	region	another name for Havilah 1
Havilah@Gen.25.18	27.516667	41.683333	16	region	about 100 km around Ha’il
Havilah@Gen.25.18	23	46	903	region	another name for Havilah 2
Havilah@Gen.25.18	31.4703	35.2228	123	settlement	another name for Hachilah
Hazar-addar@Num.34.4	30.583378	34.484081	453	settlement	Ein Qedeis
Hazar-addar@Num.34.4	30.648333	34.422222	138	settlement	another name for Hezron
Hazar-addar@Num.34.4	30.583378	34.484081	84	settlement	another name for Addar
Hazar-addar@Num.34.4	30.59462	34.51416	64	settlement	Mesudat Ein Qedeis
Hazar-addar@Num.34.4	30.648333	34.422222	0	settlement	Khirbet el Qudeirat
Hazar-enan@Num.34.9	34.229444	37.240556	576	settlement	Al Qaryatayn
Hazar-enan@Num.34.9	33.279444	35.830278	149	settlement	Hader
Hazar-gaddah@Jos.15.27	31.244722	34.840833	429	settlement	within 50 km of Beersheba 1
Hazar-gaddah@Jos.15.27	30.680224	34.499457	60	settlement	Mezudat Sheluhat Qadesh Barnea
Hazar-gaddah@Jos.15.27	31.209188	35.165672	15	settlement	Horbat Uza
Hazar-gaddah@Jos.15.27	31.315556	35.353889	0	settlement	Masada
Hazar-gaddah@Jos.15.27	31.2573	34.92141	0	settlement	within 40 km of Moladah
Hazar-gaddah@Jos.15.27	30.583378	34.484081	0	settlement	another name for Hazar-addar
Hazar-shual@Jos.15.28	31.244722	34.840833	427	settlement	within 10 km of Beersheba 1
Hazar-shual@Jos.15.28	31.2573	34.92141	135	settlement	Khirbet el Waten
Hazar-shual@Jos.15.28	31.274686	34.838432	60	settlement	Hazar Betarim
Hazar-shual@Jos.15.28	31.212285	34.958277	0	settlement	Tel Masos
Engedi@Jos.15.62	30.8087	35.2459	429	settlement	another name for Tamar 2
Engedi@Jos.15.62	31.45	35.383333	84	region	another name for Hazazon-tamar 2
Engedi@Jos.15.62	31.5607	35.38364	39	settlement	along Wadi Hasasah
Engedi@Jos.15.62	30.985553	35.351662	0	settlement	En Tamar
Hazer-hatticon@Ezk.47.16	34.229444	37.240556	482	settlement	another name for Hazar-enan
Hazeroth@Num.11.35	28.896944	34.421667	481	settlement	Ain el Khadra
Hazeroth@Num.11.35	30.09176	33.38012	18	settlement	along Wadi al Aghaydira
Hazor@Jos.11.1	33.018333	35.569167	928	settlement	Tel Hazor
Hazor@Jos.15.23	30.722781	34.645224	311	settlement	El Jebariyeh
Hazor@Jos.15.23	30.583378	34.484081	60	settlement	another name for Hazar-addar
Hazor@Jos.15.25	31.344952	35.124376	775	settlement	another name for Kerioth-hezron
Hazor@Jos.15.25	30.583378	34.484081	83	settlement	another name for Hazar-addar
Hazor@Neh.11.33	31.832184	35.195465	541	settlement	Khirbet Hazzur
Hazor@Neh.11.33	31.978611	35.286111	94	mountain	another name for Baal-hazor
Hazor@Jer.49.28	29.811417	39.868306	600	region	within 100 km of Dumat al Jandal
Hazor-hadattah@Jos.15.25	31.373333	35.233611	381	settlement	Har Hezron
Hazor-hadattah@Jos.15.25	30.907668	34.853447	90	settlement	Horbat HaRoah
Hazor-hadattah@Jos.15.25	31.209188	35.165672	0	settlement	Horbat Uza
Hebron@Gen.13.18	31.525087	35.10222	1000	settlement	Tel Rumeida
Helam@2Sa.10.16	32.75	36.240833	335	settlement	Alma
Helam@2Sa.10.16	34.401068	36.636361	128	settlement	in the region between Damascus and Hamath
Helam@2Sa.10.16	36.199167	37.1625	84	settlement	Aleppo
Helam@2Sa.10.16	35.95	39.016667	0	settlement	Alamatha
Helbah@Jdg.1.31	33.317804	35.243368	413	settlement	another name for Ahlab
Helbah@Jdg.1.31	33.317804	35.243368	64	settlement	another name for Mahalab
Helbon@Ezk.27.18	33.6667	36.25	750	settlement	Halbun
Helech@Ezk.27.11	36.913028	34.892056	460	region	another name for Hilakku
Helech@Ezk.27.11	34.60306	36.13361	134	settlement	another name for Hethlon
Heleph@Jos.19.33	32.72474	35.41385	577	settlement	Khirbet Irbadeh
On@Gen.41.45	30.129444	31.3075	1000	settlement	Ain Shams
Helkath@Jos.19.25	32.685278	35.109722	377	settlement	Tel Qashish
Helkath@Jos.19.25	32.864276	35.263449	108	settlement	another name for Hukkok
Helkath@Jos.19.25	32.75885	35.09027	58	settlement	Tel Regev
Helkath@Jos.19.25	32.728056	35.096667	43	settlement	Tell Amr
Helkath-hazzurim@2Sa.2.16	31.847451	35.183351	1000	field	within 500 m of Gibeon
Hena@2Ki.18.34	34.368611	41.981944	318	settlement	Anah
Hena@2Ki.18.34	35.1365	36.75	267	settlement	within 75 km of Hamath 1
Hepher@Jos.12.17	32.44285	35.21767	455	settlement	Tell el Muhaffar
Hepher@Jos.12.17	32.37157	34.90743	157	settlement	Tel Hefer
Hepher@Jos.12.17	32.413528	35.239861	12	settlement	Tel Dotan
Heres@Jdg.8.13	31.9547	35.9343	165	natural area	in the Transjordan
Heres@Jdg.8.13	32.1966	35.62118	104	natural area	within 30 km of Succoth 1
Heres@Jdg.8.13	32.03467	35.81014	50	hill	Rujm Shajarat al Hunayti
Heres@Jdg.8.13	31.750621	34.974744	0	settlement	another name for Mount Heres
Hereth@1Sa.22.5	31.614106	35.043133	356	forest	Kharas
Hereth@1Sa.22.5	31.45026	35.12738	25	forest	another name for Horesh
Hereth@1Sa.22.5	31.45026	35.12738	25	forest	Khirbet Khureise
Heshbon@Num.21.25	31.800811	35.809062	433	settlement	Tell Hesban
Heshbon@Num.21.25	31.71663	35.856843	134	settlement	Tall Jalul
Heshbon@Num.21.25	31.8686	35.8881	41	settlement	Tall al Umayri
Heshmon@Jos.15.27	31.30992	34.9078	520	settlement	within 30 km of Beth-pelet
Heshmon@Jos.15.27	30.6875	34.333333	31	settlement	another name for Azmon
Heshmon@Jos.15.27	31.244722	34.840833	0	settlement	within 30 km of Beersheba 1
Hethlon@Ezk.47.15	34.60306	36.13361	465	settlement	Haitla
Hethlon@Ezk.47.15	34.19491	36.34956	183	settlement	another name for Lebo-hamath
Hethlon@Ezk.47.15	33.403889	35.273889	39	settlement	Adlun
Hazor@Jos.11.1	30.648333	34.422222	605	settlement	within 10 km of Kadesh-barnea
Hazor@Jos.11.1	30.583378	34.484081	367	settlement	Ein Qedeis
Hazor@Jos.11.1	30.583378	34.484081	85	settlement	another name for Addar
Hazor@Jos.11.1	30.974444	34.971389	0	settlement	Har Avnon
Hazor@Jos.11.1	31.344952	35.124376	0	settlement	another name for Kerioth-hezron
Hazor@Jos.11.1	30.583378	34.484081	0	settlement	another name for Hazar-addar
Hierapolis@Col.4.13	37.926616	29.127375	1000	settlement	Hierapolis
Hobah@Gen.14.15	34.25	37.066667	158	settlement	Hoba
Hobah@Gen.14.15	33.511112	36.30639	124	region	another name for Upu
Hobah@Gen.14.15	33.508611	36.469722	58	settlement	Tell el Salihiye
Holon@Jos.15.51	31.662152	35.030496	153	settlement	Khirbet Alin
Holon@Jos.15.51	31.46269	35.03348	45	settlement	Khirbet Bism
Holon@Jos.15.51	31.44309	35.045797	45	settlement	Khirbet Umm el Amad
Holon@Jer.48.21	31.180556	35.701389	608	settlement	in Moab 1
Holon@Jer.48.21	31.662152	35.030496	343	settlement	another name for Holon 1
Holon@Jer.48.21	31.46016	35.84966	21	settlement	Lahun
Holon@Jer.48.21	31.588347	35.907928	12	settlement	within 30 km of Jahaz
Holy_Place@Exo.26.33	31.777778	35.235556	1000	room	on Mount Moriah
Horem@Jos.19.38	33.221667	35.464444	210	settlement	within 50 km of Migdal-el
Horem@Jos.19.38	33.174505	35.376611	79	settlement	Hariss
Horem@Jos.19.38	33.05772	35.367875	0	settlement	Khirbet Qatamun
Horesh@1Sa.23.15	31.45026	35.12738	327	natural area	Khirbet Khureise
Hor-haggidgad@Num.33.32	30.11424	34.71154	317	campsite	along Wadi Khadakhid
Hor-haggidgad@Num.33.32	30.756667	35.0075	31	campsite	En Orahot
Hor-haggidgad@Num.33.32	29.85878	35.0965	31	campsite	Et Taba
Zephath@Jdg.1.17	31.212285	34.958277	449	settlement	Tel Masos
Zephath@Jdg.1.17	31.38333	34.86564	141	settlement	Tel Halif
Zephath@Jdg.1.17	31.2172	35.0258	96	settlement	Tel Malhata
Zephath@Jdg.1.17	31.3912	34.6816	82	settlement	Tell esh Sharia
Zephath@Jdg.1.17	31.2328	34.9867	39	settlement	Tel Ira
Zephath@Jdg.1.17	31.4558	34.9098	20	settlement	Tell Beit Mirsim
Zephath@Jdg.1.17	30.88	34.63	5	settlement	Shivta
Horonaim@Isa.15.5	31.09001	35.64193	273	settlement	El Iraq
Horonaim@Isa.15.5	31.250523	35.680758	179	settlement	Ed Deir
Horonaim@Isa.15.5	31.13788	35.622231	86	settlement	Kathrabba
Horonaim@Isa.15.5	31.035445	35.634192	41	settlement	Khirbet Dhubab
Horonaim@Isa.15.5	31.13793	35.60545	41	settlement	Khirbet Meidan
Horonaim@Isa.15.5	31.13422	35.640041	10	settlement	Khirbet Ai
Horonaim@Isa.15.5	31.051399	35.586239	10	settlement	Medinet er Ras
Horonaim@Isa.15.5	31.130711	35.662041	10	settlement	Tell el Mise
Horonaim@Isa.15.5	31.895	35.083611	486	settlement	another name for Beth-horon
Horonaim@Isa.15.5	31.09001	35.64193	159	settlement	another name for Horonaim 1
Horse_Gate@Neh.3.28	31.776667	35.234167	1000	gate	in Jerusalem
Hosah@Jos.19.29	33.23674	35.21519	629	settlement	Tell Rachidiyeh
Hosah@Jos.19.29	33.24214	35.23717	87	settlement	Khirbet el Hos
Hosah@Jos.19.29	33.270833	35.196111	22	settlement	another name for Tyre
Hosah@Jos.19.29	32.955722	35.165177	0	settlement	Kefr Yasif
Hukkok@Jos.19.34	32.864276	35.263449	283	settlement	Khirbet el Jemeijimeh
Hukkok@Jos.19.34	32.8847	35.4789	142	settlement	Yaquq
Helkath@Jos.19.25	32.75885	35.09027	533	settlement	another name for Helkath
Helkath@Jos.19.25	32.8847	35.4789	259	settlement	another name for Hukkok
Humtah@Jos.15.54	31.525087	35.10222	795	settlement	within 14 km of Hebron
Humtah@Jos.15.54	31.4555	34.9975	71	settlement	Khirbet al Hadab
Ibleam@Jos.17.11	32.4462	35.292	860	settlement	Khirbet Belameh
Iconium@Act.13.51	37.872202	32.492331	1000	settlement	Konya
Idalah@Jos.19.15	32.725794	35.183433	721	settlement	Khirbet el Huwarah
Idumea@Mrk.3.8	31.525087	35.10222	1000	region	Idumea
Iim@Jos.15.29	31.36475	34.92061	518	settlement	Deir al Ghawi
Iim@Jos.15.29	31.080567	34.940812	118	settlement	another name for Ezem
Ijon@2Sa.24.6	33.345278	35.59	661	settlement	Tell Dibbine
Ijon@2Sa.24.6	33.3611	35.5921	54	settlement	Marjaayoun
Illyricum@Rom.15.19	43.539444	16.483056	1000	region	Illyricum
Immer@Ezr.2.59	32.543333	44.422222	1000	settlement	in Babylonia
India@Est.1.1	23.9944	67.4308	1000	region	India
Iphtah@Jos.15.43	31.57459	35.01244	185	settlement	Tarqumiyeh
Iphtah@Jos.15.43	31.55197	34.97168	45	settlement	Jebel Salih
Iphtah@Jos.15.43	31.623519	34.943524	42	settlement	Atar Nehusha
Moab@Gen.36.35	31.280864	35.759526	690	settlement	another name for Ar
Moab@Gen.36.35	31.281151	35.871731	30	settlement	Khirbet el Medeineh
Moab@Gen.36.35	31.588347	35.907928	0	settlement	Khirbet el Medeiyineh
Irpeel@Jos.18.27	31.870556	35.192222	198	settlement	Rafat
Irpeel@Jos.18.27	31.8859	35.2052	60	settlement	Ein Umm esh Sharayit
Beth-shemesh@Jos.15.10	31.750621	34.974744	1000	settlement	another name for Beth-shemesh 1
Italy@Act.18.2	41.8922	12.4852	1000	region	Italy
Ithlah@Jos.19.42	31.841111	35.023611	423	settlement	within 10 km of Aijalon 1
Ithlah@Jos.19.42	31.822472	35.073861	131	settlement	Bayt Thul
Ithlah@Jos.19.42	31.90175	35.02225	45	settlement	Al Burj
Ithlah@Jos.19.42	31.917722	35.020597	0	settlement	Shilta
Ithnan@Jos.15.23	30.61274	34.73251	179	settlement	Mesudat Har Hemet
Ithnan@Jos.15.23	30.722781	34.645224	166	settlement	El Jebariyeh
Ithnan@Jos.15.23	31.142053	34.91217	0	settlement	within 5 km of Khirbet Abu Tulul
Ituraea@Luk.3.1	33.4	35.85	1000	region	Ituraea
Avva@2Ki.17.24	34.684722	36.690556	110	settlement	Kafr Aya
Avva@2Ki.17.24	31.782302	47.869402	99	settlement	another name for Ama
Avva@2Ki.17.24	36.237868	36.569471	39	settlement	Imma
Kiriath-jearim@Jos.9.17	31.808957	35.10378	534	settlement	another name for Kiriath-jearim
Jabbok@Gen.32.22	32.11525	35.543056	1000	river	Zarqa River
Jabesh-gilead@Jdg.21.8	32.40237	35.6823	698	settlement	Tell el Maqlub
Jabesh-gilead@Jdg.21.8	32.398983	35.595106	158	settlement	Tell Abu el Kharaz
Jabesh-gilead@Jdg.21.8	32.4002	35.5905	5	settlement	Tall al Meqbarah
Jabez@1Ch.2.55	31.704306	35.207639	369	settlement	within 5 km of Bethlehem 1
Jabez@1Ch.2.55	31.2172	35.0258	0	settlement	within 5 km of Arad 1
Jabneel@Jos.15.11	31.866	34.7463	775	settlement	Yibna
Jabneel@Jos.15.11	31.922778	34.693333	70	settlement	Yavne Yam
Jabneel@Jos.19.33	32.713333	35.5125	753	settlement	Tel Yin’am
Jabneel@Jos.19.33	32.69733	35.51031	67	settlement	Horbat Yamma
Jagur@Jos.15.21	31.2328	34.9867	650	settlement	Tel Ira
Jahaz@Num.21.23	31.588347	35.907928	444	settlement	Khirbet el Medeiyineh
Jahaz@Num.21.23	31.60634	35.761261	99	settlement	Khirbet Libb
Jahaz@Num.21.23	31.575694	35.874434	60	settlement	Er Remeil
Jahaz@Num.21.23	31.556819	35.771506	44	settlement	Khirbet Iskander
Jahaz@Num.21.23	31.531844	35.880262	34	settlement	Aleiyan
Jahaz@Num.21.23	31.56588	35.77014	9	settlement	Khirbet Umm el Idham
Jahaz@Num.21.23	31.646606	35.895848	2	settlement	Umm el Walid
Jahaz@Num.21.23	31.69557	35.774441	0	settlement	Khirbet et Teim
Jahaz@Num.21.23	31.71663	35.856843	0	settlement	Tall Jalul
Janim@Jos.15.53	31.51591	35.16416	488	settlement	Bani Nai’im
Janim@Jos.15.53	31.512611	35.075383	0	settlement	Khirbet Kan’an
Janoah@Jos.16.6	32.15798	35.36133	645	settlement	Khirbet Yanun
Janoah@Jos.16.6	32.145436	35.355683	127	settlement	Yanun
Janoah@Jos.16.6	32.23023	35.42265	21	settlement	Bab en Naqb
Janoah@Jos.16.6	32.20313	35.45122	21	settlement	Khirbet Marah el Inab
Janoah@Jos.16.6	32.23595	35.39415	21	settlement	Tell Miska
Janoah@2Ki.15.29	33.26025	35.30259	321	settlement	Yanouh
Janoah@2Ki.15.29	32.9819	35.2499	247	settlement	Yanuh
Janoah@2Ki.15.29	33.252728	35.560648	106	settlement	Khirbet Niha
Janoah@2Ki.15.29	33.238291	35.564345	81	settlement	Givat ha Shoqet
Janoah@2Ki.15.29	32.15798	35.36133	70	settlement	Khirbet Yanun
Janoah@2Ki.15.29	33.175556	35.595278	32	settlement	Tel Na’ama
Janoah@2Ki.15.29	32.486486	35.235272	19	settlement	another name for Janua
Japhia@Jos.19.12	32.687019	35.27535	685	settlement	Yafa
Japhia@Jos.19.12	32.738333	35.324444	84	settlement	Mashhad
Jarmuth@Jos.10.3	31.7083	34.975	1000	settlement	Tel Yarmuth
Jarmuth@Jos.21.29	32.595556	35.521389	811	settlement	another name for Ramoth 1
Jarmuth@Jos.21.29	32.595556	35.521389	63	settlement	another name for Remeth
Jarmuth@Jos.21.29	32.595556	35.521389	0	settlement	Kokab el Hawa
Jattir@Jos.15.48	31.3525	35.016111	1000	settlement	Khirbet Attir
Javan@Isa.66.19	38.2	27.5	1000	region	Ionia
Jazer@Num.21.32	31.944471	35.830077	281	settlement	Khirbet Sara
Jazer@Num.21.32	32.006398	35.734976	248	settlement	Khirbet Jazzir
Jazer@Num.21.32	31.956944	35.814722	16	settlement	Khirbet es Sireh
Jazer@Num.21.32	31.905589	35.795878	14	settlement	Tell el Areme
Jazer@Num.21.32	32.030433	35.917261	2	settlement	Kom Yajuz
Jazer@Num.21.32	32.036028	35.913733	0	settlement	Yajuz
Jerusalem@Jos.10.1	31.776667	35.234167	805	settlement	another name for Jerusalem
Jerusalem@Jos.10.1	31.773611	35.235556	100	settlement	another name for the City of David
Jerusalem@Jos.10.1	31.82014	35.22322	81	settlement	Shufat
Jehud@Jos.19.45	32.030833	34.890278	805	settlement	Yehud
Jehud@Jos.19.45	32.025561	34.804139	0	settlement	Yazur
Jericho@Num.22.1	31.851872	35.436238	1000	settlement	Tell el Alayiq
Jeruel@2Ch.20.16	31.579722	35.309167	1000	region	Jeruel
Jerusalem@Jos.10.1	31.776667	35.234167	1000	settlement	Jerusalem
Jeshanah@2Ch.13.19	31.99855	35.26029	1000	settlement	Burj el Isaneh
Jeshimon@1Sa.23.19	31.4703	35.2228	1000	region	Jeshimon
Jeshua@Neh.11.26	31.276389	34.990278	525	settlement	Tel Yeshua
Jeshua@Neh.11.26	31.25691	34.54419	8	settlement	Horbat Beer Shama
Jezreel@Jos.15.56	31.447778	35.09	611	settlement	within 7 km of Juttah
Jezreel@Jos.15.56	31.459731	35.098657	45	settlement	Khirbet el Kufeir
Jezreel@Jos.15.56	31.44888	35.10611	45	settlement	Khirbet Fattuh
Jezreel@Jos.15.56	31.47857	35.03264	0	settlement	Khirbet Tarrama
Jogbehah@Num.32.35	32.013531	35.855751	656	settlement	Khirbet Jubeiha
Jogbehah@Num.32.35	32.032589	35.837654	80	settlement	Tell Safut
Jokdeam@Jos.15.56	31.461967	35.118489	419	settlement	Khirbet er Raqqa
Jokneam@Jos.12.22	32.13993	35.48497	368	settlement	another name for Jokmeam 2
Jokneam@Jos.12.22	32.664099	35.108266	186	settlement	another name for Jokneam
Kibzaim@Jos.21.22	32.13993	35.48497	300	settlement	Tel al Mazar
Kibzaim@Jos.21.22	32.1321	35.4878	279	settlement	Tell Simadi
Kibzaim@Jos.21.22	32.238706	35.183442	63	settlement	Qusin
Kibzaim@Jos.21.22	32.046667	35.43	45	settlement	Tell esh Sheikh Dhiab
Kibzaim@Jos.21.22	32.664099	35.108266	0	settlement	another name for Jokneam
Jokneam@Jos.12.22	32.664099	35.108266	1000	settlement	Tel Yokneam
Joktheel@Jos.15.38	31.565278	34.849167	571	settlement	within 25 km of Lachish
Joktheel@Jos.15.38	31.71944	35.00129	186	settlement	within 5 km of Zanoah 1
Joktheel@Jos.15.38	31.52994	34.78959	69	settlement	Khirbet Umm al Baqar
Joktheel@Jos.15.38	31.563611	34.928056	51	settlement	Khirbet Beit Lei
Joktheel@Jos.15.38	31.511	34.799139	30	settlement	Khirbet Makhaz
Joktheel@Jos.15.38	31.52403	34.82719	30	settlement	Tel Haraqim
Joppa@Jos.19.46	32.054481	34.753039	1000	settlement	Jaffa
Jordan@Gen.13.10	31.761389	35.558333	1000	river	Jordan River
Jordan@Gen.13.10	32.317222	35.57	1000	valley	Jordan Valley
Jotbah@2Ki.21.19	32.831944	35.278139	637	settlement	Khirbet Shifat
Jotbah@2Ki.21.19	32.75008	35.33388	43	settlement	Karm er Ras
Jotbah@2Ki.21.19	29.492468	34.896882	23	settlement	another name for Jotbathah
Jotbah@2Ki.21.19	29.85878	35.0965	17	settlement	Et Taba
Jotbah@2Ki.21.19	31.447778	35.09	0	settlement	another name for Juttah
Jotbathah@Num.33.33	29.492468	34.896882	352	settlement	Taba
Jotbathah@Num.33.33	29.879167	35.043611	114	spring	Ein Yotvata
Jotbathah@Num.33.33	29.85878	35.0965	71	spring	Et Taba
Jotbathah@Num.33.33	30.616667	35.19	21	spring	Ein Weibeh
Judea@Ezr.9.9	31.776667	35.234167	1000	region	Judea 1
Judea@Ezr.9.9	31.776667	35.234167	1000	region	Judea 2
Juttah@Jos.15.55	31.447778	35.09	771	settlement	Yatta
Kadesh@2Sa.24.6	34.55781	36.5196	542	settlement	Tell Nebi Mend
Kadesh@2Sa.24.6	33.111638	35.529517	77	settlement	another name for Kedesh 1
Kadesh@2Sa.24.6	33.4	35.85	20	settlement	within 25 km of Mount Hermon
Kadesh@2Sa.24.6	33.111638	35.529517	7	settlement	another name for Kedesh 5
Kadesh-barnea@Num.32.8	30.648333	34.422222	864	settlement	Ain el Qudeirat
Kadesh-barnea@Num.32.8	30.583378	34.484081	0	settlement	Ein Qedeis
Kain@Num.24.22	31.49627	35.15154	565	settlement	Khirbet Bani Dar
Kamon@Jdg.10.5	32.5876	35.7256	167	settlement	Qamm
Kamon@Jdg.10.5	32.595829	35.707561	136	settlement	Umm el Ghozlan
Kamon@Jdg.10.5	32.75616	36.61899	87	settlement	Qanawat
Kamon@Jdg.10.5	32.686111	36.348611	79	settlement	Krak Canatha
Kamon@Jdg.10.5	32.467789	35.704731	66	settlement	Hanzir
Kamon@Jdg.10.5	32.571667	35.734444	30	settlement	Qumeim
Kamon@Jdg.10.5	32.664099	35.108266	12	settlement	Tel Yokneam
Kanah@Jos.16.8	32.127	34.8954	661	river	Wadi Qana
Kanah@Jos.16.8	32.103889	34.775833	15	river	Yarkon River
Cana@Jos.19.28	33.209167	35.299167	842	settlement	Qana
Karka@Jos.15.3	30.666667	34.366667	542	settlement	Ain Qoseimeh
Karkor@Jdg.8.10	31.36306	37.54278	298	settlement	Al Qarqar
Karkor@Jdg.8.10	31.999537	35.848658	134	settlement	Karkagheisch
Karkor@Jdg.8.10	30.531389	35.560833	104	settlement	Carcaria
Karkor@Jdg.8.10	32.073611	35.843056	76	valley	Al Baqa’a
Karkor@Jdg.8.10	31	37.75	69	settlement	in Wadi Sirhan
Karkor@Jdg.8.10	32.187016	35.69211	25	settlement	within 8 km of Penuel
Karkor@Jdg.8.10	35.742646	36.330543	0	settlement	Qarqar
Ashteroth-karnaim@Gen.14.5	32.835833	36.035	760	settlement	Al Shaykh Saad
Ashteroth-karnaim@Gen.14.5	32.804167	36.015833	81	settlement	another name for Ashtaroth
Kitron@Jdg.1.30	33.111944	35.4625	261	settlement	another name for Kartan
Kitron@Jdg.1.30	32.683367	35.324193	152	settlement	another name for Chisloth-tabor
Kitron@Jdg.1.30	32.687222	34.938333	88	settlement	Athlit
Kartan@Jos.21.32	33.111944	35.4625	397	settlement	Khirbet el Qureiyeh
Kartan@Jos.21.32	32.806389	35.525833	275	settlement	Tel Raqqat
Kitron@Jdg.1.30	32.62558	35.03215	602	settlement	another name for Kitron
Kitron@Jdg.1.30	32.62558	35.03215	0	settlement	Khirbet Qutteina
Kedemoth@Deu.2.26	31.531844	35.880262	251	settlement	Aleiyan
Kedemoth@Deu.2.26	31.575694	35.874434	174	settlement	Er Remeil
Kedemoth@Deu.2.26	31.455339	35.920349	166	settlement	Es Saliyeh
Kedemoth@Deu.2.26	31.61555	35.87159	116	settlement	Qasr ez Za’feran I
Kedemoth@Deu.2.26	31.499722	35.919722	49	settlement	Umm ar Rasas
Kedesh@Jos.12.22	33.111638	35.529517	599	settlement	Tel Kedesh
Kedesh@Jos.12.22	32.735	35.55555	159	settlement	another name for Kedesh-naphtali
Kedesh@Jos.12.22	32.55949	35.216031	14	settlement	Tell Abu Qedeis
Kedesh@Jos.12.22	32.55949	35.216031	8	settlement	another name for Kedesh 3
Kadesh-barnea@Num.32.8	30.648333	34.422222	444	settlement	another name for Kadesh-barnea
Kishion@Jos.19.20	32.661389	35.393056	471	settlement	another name for Kishion
Kishion@Jos.19.20	32.55949	35.216031	316	settlement	Tell Abu Qedeis
Kedesh@Jos.12.22	32.735	35.55555	755	settlement	another name for Kedesh-naphtali
Kedesh@Jos.12.22	33.111638	35.529517	208	settlement	another name for Kedesh 1
Kedesh@Jos.12.22	32.735	35.55555	0	settlement	Khirbet Qedish
Kedesh@Jos.12.22	33.111638	35.529517	959	settlement	another name for Kedesh 1
Kedesh@Jos.12.22	33.111638	35.529517	107	settlement	Tel Kedesh
Kedesh@Jos.12.22	32.735	35.55555	63	settlement	another name for Kedesh-naphtali
Kedesh@Jos.12.22	32.735	35.55555	365	settlement	Khirbet Qedish
Kedesh@Jos.12.22	33.111638	35.529517	271	settlement	another name for Kedesh 1
Kedesh@Jos.12.22	33.111638	35.529517	119	settlement	Tel Kedesh
Kedesh@Jos.12.22	32.55949	35.216031	0	settlement	Tell Abu Qedeis
Kedesh@Jos.12.22	32.55949	35.216031	0	settlement	another name for Kedesh 3
Kehelathah@Num.33.22	30.193056	34.421111	482	campsite	another name for Makheloth
Kehelathah@Num.33.22	30.193056	34.421111	80	settlement	Kuntillet Ajrud
Keilah@Jos.15.44	31.6137	35.0036	815	settlement	Khirbet Qila
Kenath@Num.21.30	32.75616	36.61899	798	settlement	Qanawat
Kenath@Num.21.30	32.686111	36.348611	37	settlement	Krak Canatha
Kiriathaim@Gen.14.5	31.540556	35.686111	557	settlement	Al Qurayyat
Kiriathaim@Gen.14.5	31.280864	35.759526	158	settlement	another name for Ar
Kiriathaim@Gen.14.5	31.531844	35.880262	134	settlement	Aleiyan
Kiriathaim@Gen.14.5	31.180556	35.701389	6	settlement	another name for Kir-hareseth
Kiriathaim@Gen.14.5	31.455339	35.920349	0	settlement	Es Saliyeh
Kerioth-hezron@Jos.15.25	31.344952	35.124376	316	settlement	Khirbet el Qaryatein
Kerioth-hezron@Jos.15.25	30.583378	34.484081	0	settlement	another name for Hazor 3
Kibroth-hattaavah@Num.11.34	28.788667	34.275439	405	settlement	Erweis el Ebeirig
Kibroth-hattaavah@Num.11.34	28.70667	34.04194	58	settlement	along Wadi Sa’l
Kibroth-hattaavah@Num.11.34	30.09176	33.38012	34	settlement	along Wadi al Aghaydira
Kibroth-hattaavah@Num.11.34	29.63625	32.80587	34	settlement	along Wadi Sudr
Kibzaim@Jos.21.22	32.13993	35.48497	409	settlement	another name for Jokmeam 2
Kidron@2Sa.15.23	31.780278	35.24	1000	river	Kidron River
Kinah@Jos.15.22	31.209188	35.165672	259	settlement	Horbat Uza
Kinah@Jos.15.22	31.178889	35.174722	221	settlement	along Wadi el Qeini
Kinah@Jos.15.22	31.30283	35.14909	155	settlement	Horbat Tayyav
Kinah@Jos.15.22	30.8087	35.2459	30	settlement	En Hazeva
King's_Highway@Num.20.17	31.9547	35.9343	1000	road	King’s Highway
King's_Valley@Gen.14.17	31.767198	35.235985	456	valley	intersection of Kidron Valley and Valley of Hinnom
King's_Valley@Gen.14.17	31.780278	35.24	269	valley	another name for the Kidron
King's_Valley@Gen.14.17	31.769167	35.228056	88	valley	another name for the Valley of Hinnom
King's_Valley@Gen.14.17	31.7888	35.2378	42	valley	Wadi al Joz
King's_Valley@Gen.14.17	31.739901	35.216896	20	valley	region around Ramat Rahel
Kir@1Sa.22.3	33.123611	45.931389	465	settlement	Der
Kir@1Sa.22.3	39.2864	49.4278	98	region	within 100 km of the Kura River
Kir@1Sa.22.3	36.354349	36.36153	73	valley	Amuk Valley
Kir@1Sa.22.3	34.387529	47.132096	67	region	another name for Koa
Kir@1Sa.22.3	35.987244	38.110242	63	region	within 50 km of Tell Meskene
Kir@1Sa.22.3	32.18922	48.25778	24	region	within 100 km of Elam
Kir@1Sa.22.3	37.3014	41.0344	24	mountain range	El Kaiyara
Kir@1Sa.22.3	31.320278	48.669167	24	region	plain between the Tigris River and Elam
Kir@1Sa.22.3	31.180556	35.701389	753	settlement	another name for Kir-hareseth
Kir@1Sa.22.3	31.180556	35.701389	57	settlement	Kerak
Kir@1Sa.22.3	31.180556	35.701389	805	settlement	Kerak
Kiriathaim@Gen.14.5	31.749127	35.74386	306	settlement	Khirbet al Mukhayyat
Kiriathaim@Gen.14.5	31.708935	35.694296	124	settlement	Khirbet el Qureiye
Kiriathaim@Gen.14.5	31.540556	35.686111	84	settlement	Al Qurayyat
Kiriathaim@Gen.14.5	31.71663	35.856843	34	settlement	Tall Jalul
Kiriathaim@1Ch.6.76	33.111944	35.4625	676	settlement	another name for Kartan
Kiriath-huzoth@Num.22.39	31.502236	35.776574	215	settlement	within 10 km of Dibon 1
Kiriath-huzoth@Num.22.39	31.731791	35.740891	171	settlement	within 10 km of Bamoth-baal
Kiriath-huzoth@Num.22.39	31.527544	35.867068	105	settlement	El Keryeh
Kiriath-huzoth@Num.22.39	31.749127	35.74386	45	settlement	another name for Kiriathaim 1
Kiriath-jearim@Jos.9.17	31.808957	35.10378	1000	settlement	Deir el Azar
Kishion@Jos.19.20	32.661389	35.393056	447	settlement	Tell Qisyon
Kishion@Jos.19.20	32.653446	35.46614	232	settlement	Tell Rekhesh
Kishion@Jos.19.20	32.631389	35.371944	80	settlement	Tell el Ajjul
Kishion@Jos.19.20	32.55949	35.216031	0	settlement	Tell Abu Qedeis
Kishon@Jdg.4.7	32.816667	35.033333	854	river	Kishon River
Kishon@Jdg.4.7	32.652383	35.463181	69	river	Nahal Tabor
Kitron@Jdg.1.30	32.62558	35.03215	204	settlement	Khirbet Qutteina
Kitron@Jdg.1.30	32.771111	35.104722	156	settlement	Tel Far
Kitron@Jdg.1.30	32.8461	35.1119	79	settlement	Tel Afek
Cyprus@Num.24.24	35	33	1000	island	another name for Cyprus
Koa@Ezk.23.23	34.387529	47.132096	501	region	another name for Gutium
Kue@1Ki.10.28	37	35.325	865	region	Adana
Laban@Deu.1.1	29.99321	34.704	383	campsite	another name for Libnah 2
Laban@Deu.1.1	31.23194	34.10667	162	settlement	Tel Abu Seleimeh
Laban@Deu.1.1	31.211944	34.110556	54	settlement	Sheikh ez Zuweid
Lachish@Jos.10.3	31.565278	34.849167	1000	settlement	Tell ed Duweir
Lahmam@Jos.15.40	31.57183	34.896	387	settlement	Horbat Lehem
Lahmam@Jos.15.40	31.5684	34.89622	45	settlement	Rasm el Kushukliya
Lahmam@Jos.15.40	31.511	34.799139	0	settlement	Khirbet Makhaz
Laishah@Isa.10.30	31.798611	35.248333	239	settlement	Isawiya
Laishah@Isa.10.30	31.831498	35.241283	142	settlement	Ras et Tawil
Laishah@Isa.10.30	31.8057	35.238992	45	settlement	French Hill
Lakkum@Jos.19.33	32.69827	35.55186	449	settlement	Horbat Kush
Lakkum@Jos.19.33	32.89098	35.41745	8	settlement	Khirbet el Mansurah
Laodicea@Col.2.1	37.835833	29.1075	1000	settlement	Laodicea on the Lycus
Lasea@Act.27.8	34.940556	24.811111	1000	settlement	Lasaea
Lasha@Gen.10.19	31.597	35.559306	335	settlement	Callirrhoe
Lasha@Gen.10.19	31.036904	35.487657	23	settlement	another name for Zoar
Lasha@Gen.10.19	35.1365	36.75	2	settlement	another name for Laash
Lasha@Gen.10.19	35.740556	37.046667	2	region	another name for Nuhashe
Lasha@Gen.10.19	33.249	35.652	0	settlement	another name for Dan
Lasharon@Jos.12.18	32.4	34.883	467	region	another name for Sharon 1
Lasharon@Jos.12.18	32.71309	35.47464	29	settlement	Khirbet Sarona
Lebanon@Deu.1.7	33.54	35.583611	1000	region	Lebanon
Lebaoth@Jos.15.32	31.00669	34.49181	687	settlement	another name for Beth-biri
Lebaoth@Jos.15.32	31.00669	34.49181	0	settlement	another name for Beth-lebaoth
Leb-kamai@Jer.51.1	30.962222	46.104444	1000	region	another name for Chaldea
Hamath@Num.13.21	34.19491	36.34956	738	settlement	Labweh
Hamath@Num.13.21	34.459547	36.572623	41	settlement	another name for Riblah 1
Hamath@Num.13.21	33.4825	35.723889	16	settlement	Labau
Lebonah@Jdg.21.19	32.059064	35.249795	497	settlement	Khan el Lubban
Lebonah@Jdg.21.19	32.071111	35.241111	225	settlement	Lubban Sherqujeh
Bethlehem@Gen.35.16	31.704306	35.207639	316	settlement	another name for Bethlehem 1
Lehi@Jdg.15.9	31.748796	35.001006	470	settlement	Khirbet es Siyyagh
Lehi@Jdg.15.9	31.763715	35.025793	138	settlement	Arak Ismain
Lehi@Jdg.15.9	31.734836	35.052967	0	settlement	Bayt Itab
Libnah@Jos.10.29	31.629897	34.873472	381	settlement	Tell Bornat
Libnah@Jos.10.29	31.633361	34.916611	94	settlement	Tel Goded
Libnah@Jos.10.29	31.642074	34.953019	92	settlement	Tel el Beida
Libnah@Jos.10.29	31.6292	34.8303	55	settlement	Tel Zayit
Libnah@Jos.10.29	31.61209	34.78622	8	settlement	Tel Erani
Libnah@Jos.10.29	31.491813	34.928055	8	settlement	Tell Eton
Libnah@Jos.10.29	31.69972	34.84694	0	settlement	Tell es Safi
Libnah@Num.33.20	29.99321	34.704	129	campsite	along Wadi el Beidha
Libnah@Num.33.20	31.23194	34.10667	112	campsite	another name for Laban
Libya@2Ch.12.3	32.820946	21.851229	1000	region	Libya
Lod@1Ch.8.12	31.95	34.9	1000	settlement	Lod
Lo-debar@Jos.13.26	32.683927	35.629916	172	settlement	Tel Dover
Lo-debar@Jos.13.26	32.56576	35.61221	164	settlement	Umm ed Debar
Lo-debar@Jos.13.26	32.4718	35.5994	45	settlement	Tell el Hamme
Lo-debar@Jos.13.26	32.664664	35.788835	0	settlement	Ibdar
Lo-debar@Jos.13.26	32.307011	35.770748	0	settlement	Khirbet Hamid
Lo-debar@Jos.13.26	32.2055	35.68	0	settlement	Tell el Mughanniya
Beth-horon_Lower@Jos.16.3	31.895	35.083611	1000	settlement	Beit Ur al Tahta
Luhith@Isa.15.5	31.13788	35.622231	578	settlement	Kathrabba
Luhith@Isa.15.5	31.051399	35.586239	31	settlement	Medinet er Ras
Bethel@Gen.12.8	31.922778	35.241389	1000	settlement	another name for Bethel 1
Luz@Jdg.1.26	33.46028	35.53556	372	settlement	Luweizeh
Luz@Jdg.1.26	31.922778	35.241389	295	settlement	within 10 km of Bethel 1
Lycaonia@Act.14.6	38	33	1000	region	Lycaonia
Lycia@Act.27.5	36.733333	29.9	1000	region	Lycia
Lystra@Act.14.6	37.6017	32.3384	1000	settlement	Tel Lystra
Maarath@Jos.15.59	31.62071	35.11352	402	settlement	Khirbet Qufin
Maarath@Jos.15.59	31.601481	35.158731	65	settlement	Khirbet ez Zawiya
Maarath@Jos.15.59	31.659966	35.10826	38	settlement	Khirbet el Hubeila
Maarath@Jos.15.59	31.653256	35.142696	38	settlement	Rujm es Sabit
Maarath@Jos.15.59	31.621389	35.102222	0	settlement	Beit Ummar
Maareh-geba@Jdg.20.33	31.823113	35.230718	1000	natural area	within 2 km of Gibeah 1
Macedonia@Act.16.9	41.6	22.54	1000	region	Macedonia
Machpelah@Gen.23.9	31.524672	35.110758	1000	settlement	Cave of the Patriarchs
Madmannah@Jos.15.31	31.350265	34.928577	554	settlement	Khirbet Tatrit
Madmannah@Jos.15.31	31.372823	34.933241	24	settlement	Khirbet Umm ed Demineh
Madmannah@Jos.15.31	31.248575	34.3099	10	settlement	Minieh
Madmen@Jer.48.2	31.291821	35.704811	341	settlement	Dimnah
Madmen@Jer.48.2	31.283837	35.696538	143	settlement	Haraziya
Madmen@Jer.48.2	31.502236	35.776574	0	settlement	another name for Dibon 3
Madmenah@Isa.10.31	31.82014	35.22322	216	settlement	Shufat
Madmenah@Isa.10.31	31.798611	35.248333	90	settlement	Isawiya
Madon@Jos.11.1	33.076777	35.432354	370	settlement	another name for Merom
Madon@Jos.11.1	32.79944	35.461143	121	settlement	Khirbet Madin
Madon@Jos.11.1	32.799722	35.459722	11	settlement	Qarn Hattin
Madon@Jos.11.1	33.076777	35.432354	8	settlement	Tell el Khirbeh
Magadan@Mat.15.39	32.827069	35.513552	616	settlement	another name for Magdala
Magadan@Mat.15.39	32.860443	35.646371	59	settlement	along the eastern side of the Sea of Galilee
Magadan@Mat.15.39	32.827069	35.513552	45	settlement	Majdal
Magbish@Ezr.2.30	31.63816	34.95317	249	settlement	Khirbet el Makhbiyeh
Magbish@Ezr.2.30	31.58056	34.92821	125	settlement	Khirbet Qanan Mugheimis
Magog@Ezk.38.2	38.488333	28.040278	387	region	another name for Lydia
Magog@Ezk.38.2	44.94278	34.12056	197	region	another name for Scythia
Magog@Ezk.38.2	32.543333	44.422222	24	region	another name for Babylonia
Ahlab@Jdg.1.31	33.317804	35.243368	615	settlement	another name for Ahlab
Ahlab@Jdg.1.31	33.317804	35.243368	86	settlement	Khirbet al Mahalib
Mahanaim@Gen.32.2	32.18575	35.68667	654	settlement	Tell edh Dhahab el Gharbi
Mahanaim@Gen.32.2	32.149521	35.69241	63	settlement	Tell Hejaj
Mahanaim@Gen.32.2	32.187016	35.69211	29	settlement	Tell edh Dhahab esh Sherqiyeh
Mahanaim@Gen.32.2	32.129601	36.05389	0	settlement	Tell er Reheil
Mahanaim@Gen.32.2	32.32307	35.59329	0	settlement	Sleikhat
Mahanaim@Gen.32.2	32.363911	35.748791	0	settlement	Khirbet Mehna
Mahaneh-dan@Jdg.13.25	31.778023	34.998916	789	campsite	in the region between Eshtaol and Zorah
Mahaneh-dan@Jdg.13.25	31.778023	34.998916	441	campsite	another name for Mahaneh-dan 1
Mahaneh-dan@Jdg.13.25	31.808957	35.10378	205	campsite	within 10 km of Kiriath-jearim
Mahaneh-dan@Jdg.13.25	31.808397	35.0793	60	campsite	Neve Ilan
Makaz@1Ki.4.9	31.827028	34.932208	162	settlement	Deir Muheisin
Makaz@1Ki.4.9	31.81263	34.97128	152	settlement	Horbat Avimor
Makaz@1Ki.4.9	31.8675	34.959444	95	settlement	in the Valley of Aijalon
Makaz@1Ki.4.9	31.797726	34.985967	90	settlement	Khirbet Deir Shubeib
Makaz@1Ki.4.9	31.803139	34.811181	77	settlement	Khirbet el Mukheizin
Makheloth@Num.33.25	30.193056	34.421111	145	campsite	Kuntillet Ajrud
Makkedah@Jos.10.10	31.534716	34.966564	440	settlement	Khirbet el Qom
Makkedah@Jos.10.10	31.5377	34.9706	86	settlement	Khirbet Beit Maqdum
Makkedah@Jos.10.10	31.4558	34.9098	23	settlement	Tell Beit Mirsim
Makkedah@Jos.10.10	31.633361	34.916611	16	settlement	Tel Goded
Makkedah@Jos.10.10	31.728465	34.953544	0	settlement	Khirbet Kheishum
Makkedah@Jos.10.10	31.629897	34.873472	0	settlement	Tell Bornat
Malta@Act.28.1	35.933464	14.411732	1000	island	Malta
Mamre@Gen.13.18	31.556536	35.105336	667	settlement	Ramat el Khalil
Mamre@Gen.13.18	31.536	35.0856	34	settlement	Ain Sebta
Mamre@Gen.13.18	31.53502	35.10203	20	settlement	Khirbet Nimreh
Manahath@Jdg.20.43	31.75367	35.18901	504	settlement	El Malha
Manahath@Jdg.20.43	32.363911	35.748791	241	settlement	Khirbet Mehna
Maon@Jos.15.55	31.409448	35.133839	1000	settlement	Tel Main
Marah@Exo.15.23	29.34604	32.94284	384	spring	Ain Hawarah
Marah@Exo.15.23	29.96667	32.7	125	spring	Bir Mara
Marah@Exo.15.23	29.876944	32.658333	106	spring	Uyun Musa
Marah@Exo.15.23	30.338333	32.377778	18	body of water	Bitter Lakes
Mareal@Jos.19.11	32.65426	35.16869	482	settlement	Tell Thorah
Mareal@Jos.19.11	32.683333	35.174167	97	settlement	Tell el Ghaltah
Mareshah@Jos.15.44	31.592963	34.898241	1000	settlement	Tel Maresha
Maroth@Mic.1.12	31.62071	35.11352	45	settlement	another name for Maarath
Masrekah@Gen.36.36	29.946944	35.463611	537	settlement	within 5 km of Jebel el Musraq
Massah@Exo.17.7	28.623056	33.880278	840	campsite	another name for Meribah 2
Massah@Exo.17.7	28.623056	33.880278	101	campsite	another name for Rephidim
Massah@Exo.17.7	30.648333	34.422222	23	campsite	another name for Kadesh-barnea
Mattanah@Num.21.18	31.588347	35.907928	548	settlement	Khirbet el Medeiyineh
Mattanah@Num.21.18	31.280864	35.759526	0	settlement	another name for Ir-moab
Mearah@Jos.13.4	33.54	35.583611	375	settlement	Jezzine
Mearah@Jos.13.4	32.4941	35.0545	162	settlement	along Wadi Ara
Mearah@Jos.13.4	33.6031	35.4582	129	settlement	El Mghairiye
Mearah@Jos.13.4	32.482397	35.0093	0	settlement	En Iron
Mearah@Jos.13.4	32.5048	35.0814	0	settlement	Khirbet ‘Ara
Meconah@Neh.11.28	31.350265	34.928577	287	settlement	another name for Madmannah
Meconah@Neh.11.28	31.372823	34.933241	143	settlement	Khirbet Umm ed Demineh
Meconah@Neh.11.28	31.3912	34.6816	31	settlement	Tell esh Sharia
Medeba@Num.21.30	31.716107	35.79548	1000	settlement	Madaba
Media@Ezr.6.2	34.8065	48.516247	1000	region	Media
Megiddo@Jos.12.21	32.585278	35.184444	1000	settlement	Tel Megiddo
Me-jarkon@Jos.19.46	32.103889	34.775833	723	river	Yarkon River
Me-jarkon@Jos.19.46	32.099772	34.801744	63	river	Ayalon River
Me-jarkon@Jos.19.46	32.101372	34.794078	17	settlement	Tell Qasile
Me-jarkon@Jos.19.46	32.0917	34.8075	0	settlement	Tel Gerisa
Memphis@Isa.19.13	29.8488	31.253	1000	settlement	Memphis
Mephaath@Jos.13.18	31.499722	35.919722	465	settlement	Umm ar Rasas
Mephaath@Jos.13.18	31.85747	35.931608	97	settlement	Tell Jawah
Mephaath@Jos.13.18	31.86655	35.93041	45	settlement	Khirbet Nefaah
Meribah@Exo.17.7	28.623056	33.880278	1000	campsite	within 500 m of Rephidim
Meronothite@1Ch.27.30	31.885136	35.216417	513	settlement	within 6 km of Mizpah 3
Meronothite@1Ch.27.30	31.888956	35.167533	60	settlement	Beitunia
Meroz@Jdg.5.23	33.032197	35.529871	14	settlement	Khirbet Marus
Meroz@Jdg.5.23	32.703889	35.213333	0	settlement	another name for Shimron-meron
Meroz@Jdg.5.23	32.799722	35.459722	0	settlement	another name for Madon
Mesha@Gen.10.30	29.61094	41.552048	246	region	Massa
Mesha@Gen.10.30	13.316667	43.25	141	settlement	Mocha
Mesha@Gen.10.30	30.894692	47.578031	82	region	Mesene
Mesopotamia@Gen.24.10	36.864444	39.032778	1000	region	Aram-naharaim
Gath@Jos.11.22	31.69972	34.84694	403	settlement	another name for Gath 1
Michmash@1Sa.13.2	31.872817	35.276858	601	settlement	Mukhmas
Michmash@1Sa.13.2	31.879712	35.2751	298	settlement	Khirbet el Hara el Fawqa
Michmethath@Jos.16.6	32.17719	35.2672	299	settlement	Khirbet en Nabi
Michmethath@Jos.16.6	32.19836	35.30698	253	settlement	Khirbet Ibn Naser
Michmethath@Jos.16.6	32.236	35.3316	112	mountain	Mount Kabir
Michmethath@Jos.16.6	32.25858	35.3443	58	river	Wadi Bedan
Middin@Jos.15.61	31.74153	35.40589	418	settlement	Khirbet Abu Tabaq
Middin@Jos.15.61	31.681807	35.442531	126	settlement	Qashr el Yahud
Middin@Jos.15.61	31.719	35.366	0	settlement	Hyrcania
Midian@Gen.36.35	28.4947	35.0122	1000	region	Midian
Migdal-el@Jos.19.38	33.221667	35.464444	243	settlement	Majdel Selem
Migdal-el@Jos.19.38	33.083333	35.416667	199	settlement	within 20 km of Yiron
Migdal-el@Jos.19.38	33.15998	35.515786	145	settlement	Khirbet el Mejdel
Migdal-el@Jos.19.38	32.827069	35.513552	38	settlement	another name for Magadan
Migdal-el@Jos.19.38	32.827069	35.513552	3	settlement	another name for Magdala
Migdal-gad@Jos.15.37	31.53721	34.90191	323	settlement	Khirbet el Mejdeleh
Migdal-gad@Jos.15.37	31.5477	34.7302	69	settlement	Tel Hasi
Migdal-gad@Jos.15.37	31.536874	34.913176	30	settlement	Ed Dawaimeh
Migdol@Exo.14.2	30.96478	32.49286	236	settlement	Tell el Herr
Migdol@Exo.14.2	30.5527	32.099	67	settlement	within 10 km of Tell el Maskhuta
Migdol@Exo.14.2	30.907	32.45	57	settlement	T-211
Migdol@Exo.14.2	30.18333	32.51667	0	settlement	Jebel Abu Hasa
Migdol@Exo.14.2	30.96478	32.49286	227	settlement	Tell el Herr
Migdol@Exo.14.2	30.9833	32.4755	102	settlement	Tell Qedua
Migdol@Exo.14.2	30.9234	32.4126	21	settlement	Tell el Borg
Migdol@Exo.14.2	30.8833	32.3833	16	settlement	Tell Ahmar
Migdol@Exo.14.2	30.96478	32.49286	0	settlement	another name for Migdol 1
Migdol@Exo.14.2	30.96478	32.49286	731	settlement	another name for Migdol 2
Migdol@Exo.14.2	30.96478	32.49286	22	settlement	another name for Magdolum
Migdol@Exo.14.2	30.96478	32.49286	7	settlement	Tell el Herr
Migron@1Sa.14.2	31.86921	35.26807	206	settlement	Tell Maryam
Migron@1Sa.14.2	31.855278	35.288056	199	river	Nahal Mikhmash
Migron@1Sa.14.2	31.872817	35.276858	86	region	about 2 km around Mukhmas
Migron@1Sa.14.2	31.88036	35.28093	83	settlement	Tell el Askar
Migron@1Sa.14.2	31.86458	35.28726	22	settlement	Khirbet el Qubba
Migron@1Sa.14.2	31.889722	35.271389	18	settlement	Makrun
Migron@1Sa.14.2	31.86921	35.26807	407	settlement	another name for Migron 1
Migron@1Sa.14.2	31.889722	35.271389	145	settlement	in the region between Aiath and Michmash
Migron@1Sa.14.2	31.88036	35.28093	23	settlement	Tell el Askar
Miletus@Act.20.15	37.531111	27.275556	1000	settlement	Miletus
Millo@2Sa.5.9	31.776667	35.234167	724	fortification	in Jerusalem
Millo@2Sa.5.9	31.773705	35.235953	228	fortification	Stepped Stone Structure
Millo@2Sa.5.9	31.773611	35.235556	18	settlement	another name for the City of David
Minni@Jer.51.27	36.570278	46.275278	1000	region	about 150 km around Qalaichi
Minnith@Jdg.11.33	31.820214	35.874681	551	settlement	Umm el Hanafish
Minnith@Jdg.11.33	31.821747	35.873385	18	settlement	Khirbet Hamzeh
Minnith@Jdg.11.33	31.840555	35.927511	0	settlement	Khirbet el Yadudeh
Misgab@Jer.48.1	31.180556	35.701389	139	settlement	in Moab 1
Misrephoth-maim@Jos.11.8	33.338397	35.245005	260	river	Litani River
Misrephoth-maim@Jos.11.8	33.08063	35.11003	169	spring	Ain Mesherfi
Misrephoth-maim@Jos.11.8	33.08508	35.10623	116	settlement	Khirbet el Musheirifeh
Misrephoth-maim@Jos.11.8	33.2814	35.3964	27	settlement	Srifa
Misrephoth-maim@Jos.11.8	33.093122	35.104767	0	hill	Rosh HaNikra
Mithkah@Num.33.28	30.640556	34.411111	876	campsite	within 50 km of Hashmonah
Mithkah@Num.33.28	30.32962	34.94219	31	campsite	along Wadi abu Taqiya
Mitylene@Act.20.14	39.110475	26.547048	1000	settlement	ancient theater at Mitylene
Ramoth-gilead@Gen.31.47	32.118511	35.77702	171	settlement	Jel‘ad
Ramoth-gilead@Gen.31.47	32.499852	36.014988	80	settlement	Tall er Rumeith
Ramoth-gilead@Gen.31.47	32.131192	35.761295	76	settlement	Khirbet er Rasuni
Ramoth-gilead@Gen.31.47	32.31372	35.83713	26	settlement	Suf
Mizpeh_Valley@Jos.11.8	33.4	35.85	535	settlement	within 30 km of Mount Hermon
Mizpeh_Valley@Jos.11.8	33.252778	35.714722	142	settlement	Qalat es Subeibeh
Mizpeh_Valley@Jos.11.8	33.366111	35.879167	71	region	about 5 km around Arnah
Mizpeh_Valley@Jos.11.8	33.3611	35.5921	52	region	Marjayoun
Mizpeh_Valley@Jos.11.8	33.278889	35.576667	46	settlement	Metula
Mizpeh_Valley@Jos.11.8	33.338397	35.245005	31	river	Litani River
Mizpah@Jdg.20.1	31.885136	35.216417	781	settlement	Tell en Nasbeh
Mizpah@Jdg.20.1	31.832733	35.18015	51	settlement	Nabi Samwil
Ramoth-gilead@Gen.31.47	32.118511	35.77702	479	stone heap	another name for Mizpah 1
Mizpah@Jdg.20.1	31.885136	35.216417	1000	settlement	another name for Mizpah 3
Mizpeh@Jos.15.38	31.50259	34.7583	155	settlement	Tel Nagila
Mizpeh@Jos.15.38	31.69972	34.84694	143	settlement	Tell es Safi
Mizpeh@Jos.15.38	31.55906	34.95713	114	settlement	Khirbet er Ras
Mizpeh@Jos.15.38	31.622631	34.925669	56	settlement	Khirbet Safiyeh
Kir@1Sa.22.3	31.180556	35.701389	219	settlement	another name for Kir-hareseth
Kir@1Sa.22.3	31.54633	35.77646	173	settlement	Rujm el Meshrefeh
Kir@1Sa.22.3	31.180556	35.701389	170	settlement	in Moab 1
Moab@Gen.36.35	31.180556	35.701389	1000	region	Moab 1
Moab_Plains@Num.22.1	31.84018	35.67368	1000	region	Moab 2
Moladah@Jos.15.26	31.2573	34.92141	416	settlement	Khirbet el Waten
Moladah@Jos.15.26	31.2172	35.0258	144	settlement	Tel Malhata
Moladah@Jos.15.26	31.255344	35.067351	62	settlement	Khirbet Kuseife
Moladah@Jos.15.26	31.276389	34.990278	15	settlement	Tel Yeshua
Moreh@Gen.12.6	32.213611	35.281944	953	tree	within 1 km of Shechem
Moreh@Gen.12.6	32.213611	35.281944	36	tree	in Shechem
Moreh@Gen.12.6	32.213611	35.281944	0	tree	another name for the Diviners’ Oak
Moreh@Jdg.7.1	32.61764	35.34873	770	hill	Givat HaMoreh
Moriah_Mount@Gen.22.2	31.777778	35.235556	325	region	about 2 km around Mount Moriah
Moriah_Mount@Gen.22.2	31.771661	35.255903	48	region	about 2 km around Al Eizariya
Moriah_Mount@Gen.22.2	32.199444	35.272778	29	region	about 2 km around Mount Gerizim
Moriah_Mount@Gen.22.2	32.213611	35.281944	6	region	about 2 km around Moreh 1
Moriah_Mount@Gen.22.2	31.556536	35.105336	0	region	about 2 km around Mamre
Mortar@Zep.1.11	31.776667	35.234167	1000	district in settlement	in Jerusalem
Most_Holy_Place@1Ki.6.16	31.777778	35.235556	1000	altar	in the Holy Place 2
Baalah_Mount@Jos.15.11	31.841389	34.785833	660	hill	Mughar
Baalah_Mount@Jos.15.11	31.781111	35.051111	83	mountain	another name for Mount Jearim
Hermon_Mount@Deu.3.8	33.4	35.85	1000	mountain	another name for Mount Hermon
Bashan@Num.21.33	32.666667	36.733333	1000	mountain	another name for Zalmon
Ebal_Mount@Deu.11.29	32.234	35.2733	1000	mountain	Mount Ebal
Ebal_Mount@Deu.11.29	31.922778	35.241389	1000	region	Mount Ephraim
Ephron_Mount@Jos.15.9	31.796944	35.144167	658	mountain	Al Qastal
Esau_Mount@Oba.1.8	30.1843	35.3166	1000	mountain range	another name for Mount Seir 1
Gerizim_Mount@Deu.11.29	32.199444	35.272778	1000	mountain	Mount Gerizim
Gilboa_Mount@1Sa.31.1	32.433889	35.414444	179	mountain	another name for Mount Gilboa
Halak_Mount@Jos.11.17	30.9144	34.8287	587	mountain	Jebel Halaq
Beth-shemesh@Jos.15.10	31.750621	34.974744	449	settlement	another name for Ir-shemesh
Beth-shemesh@Jos.15.10	31.816813	35.024355	157	settlement	Khirbet Harsis
Beth-shemesh@Jos.15.10	31.8269	35.04917	157	settlement	Khirbet Hirsha
Beth-shemesh@Jos.15.10	31.94478	35.14935	0	settlement	Batn Harasheh
Beth-shemesh@Jos.15.10	31.750621	34.974744	0	settlement	another name for Beth-shemesh 1
Hermon_Mount@Deu.3.8	33.4	35.85	1000	mountain	Mount Hermon
Hor_Mount@Num.20.22	30.832057	35.056872	336	mountain	Har Zin
Hor_Mount@Num.20.22	30.76517	34.52912	114	mountain	Imaret el Khureisheh
Hor_Mount@Num.20.22	30.74704	34.43891	15	mountain	Jebel es Sabha
Hor_Mount@Num.20.22	30.68306	34.56261	0	mountain	Jebel el Hamrah
Hor_Mount@Num.20.22	30.317	35.407	0	mountain	Jebel Nebi Harun
Hor_Mount@Num.34.7	33.4	35.85	288	mountain	another name for Mount Hermon
Hor_Mount@Num.34.7	34.416667	36.216667	171	mountain	Jebel Akkar
Hor_Mount@Num.34.7	34.3075	35.69167	84	mountain	Ras Shaqqa
Sinai@Exo.19.11	28.539722	33.973333	1000	mountain	another name for Mount Sinai
Lebanon_Mount@Jdg.3.3	34.299722	36.116389	1000	mountain range	Mount Lebanon
Mizar_Mount@Psa.42.6	33.4	35.85	317	hill	within 30 km of Mount Hermon
Mizar_Mount@Psa.42.6	33.4	35.85	128	mountain	another name for Mount Hermon
Mizar_Mount@Psa.42.6	31.771667	35.228611	84	hill	another name for Mount Zion
Mizar_Mount@Psa.42.6	33.218845	35.709916	80	settlement	within 5 km of Za’ura
Mizar_Mount@Psa.42.6	33.23	35.696667	20	wadi	Wadi Za’arah
Mizar_Mount@Psa.42.6	33.249	35.652	17	settlement	another name for Dan
Mizar_Mount@Psa.42.6	33.26119	35.70846	11	settlement	Khirbet Mezara
Moriah_Mount@Gen.22.2	31.777778	35.235556	1000	hill	Mount Moriah
Nebo_Mount@Deu.32.49	31.766667	35.75	413	mountain	Jabal al Naba
Nebo_Mount@Deu.32.49	31.767778	35.725556	365	mountain	Rujm Siyaghah
Nebo_Mount@Deu.32.49	32.071536	35.708552	39	mountain	Jebel Osha
Olives_Mount@2Sa.15.30	31.777946	35.245686	1000	hill	Mount of Olives
Paran_Mount@Deu.33.2	28.539722	33.973333	680	mountain	another name for Mount Sinai
Paran_Mount@Deu.33.2	30.303218	34.776667	0	mountain	in Paran
Perazim_Mount@Isa.28.21	31.785217	35.204735	725	mountain	within 250 m of Baal-perazim
Seir_Mount@Jos.15.10	31.7966	35.0653	422	mountain	Shoresh
Shepher_Mount@Num.33.23	30.50662	34.30356	975	mountain	within 50 km of Haradah
Shepher_Mount@Num.33.23	30.359167	34.4425	0	mountain	Jebel Araif en Nakah
Sinai@Exo.19.11	28.539722	33.973333	465	mountain	Jebel Musa
Sinai@Exo.19.11	30.283333	34.75	103	mountain	Har Karkom
Sinai@Exo.19.11	29.671	32.961	89	mountain	Jebel Sin Bishar
Sinai@Exo.19.11	28.555556	33.967222	55	mountain	Ras es Safsafeh
Sinai@Exo.19.11	28.646389	33.651667	54	mountain	Jebel Serbal
Sinai@Exo.19.11	28.510833	33.955278	28	mountain	Jebel Katherina
Sinai@Exo.19.11	29.669217	34.633411	20	mountain	Jebel Hashem el Tarif
Sinai@Exo.19.11	30.653056	34.028889	12	mountain	Jebel Halal
Sinai@Exo.19.11	30.4265	34.7334	5	mountain	Har ‘Arif
Sinai@Exo.19.11	30.702222	33.376667	5	mountain	Jabal al Magharah
Sinai@Exo.19.11	30.351111	33.523056	5	mountain	Jebel Yeleq
Sinai@Exo.19.11	28.654167	35.305833	4	mountain	Jabal al Lawz
Sinai@Exo.19.11	28.3405	35.2925	0	mountain	Al Manifa
Sinai@Exo.19.11	27.9607	35.6572	0	mountain	Jabal Harb
Tabor_Mount@Jdg.4.6	32.68625	35.392917	1000	mountain	Jebel et Tur
Ebal_Mount@Deu.11.29	32.234	35.2733	257	mountain	another name for Mount Ebal
Ebal_Mount@Deu.11.29	32.199444	35.272778	193	mountain	another name for Mount Gerizim
Ebal_Mount@Deu.11.29	32.22598	35.35595	58	mountain	Jebel el Kabir
Ebal_Mount@Deu.11.29	32.16857	35.23654	35	mountain	Jebel Salman
Zemaraim@Jos.18.22	31.90879	35.2117	569	mountain	within 5 km of Zemaraim
Zemaraim@Jos.18.22	31.90879	35.2117	106	mountain	Ras et Tahuneh
Zemaraim@Jos.18.22	31.940843	35.295664	0	mountain	Ras ez Zemara
Jerusalem@Jos.10.1	31.771667	35.228611	1000	hill	Mount Zion
Mozah@Jos.18.26	31.79289	35.16419	417	settlement	Qalunya
Mozah@Jos.18.26	31.80687	35.15943	270	settlement	Khirbet Beit Mizza
Muster_Gate@Neh.3.31	31.776667	35.234167	1000	gate	in Jerusalem
Myra@Act.27.5	36.259167	29.985278	1000	settlement	Myra
Mysia@Act.16.7	40	28.5	1000	region	Mysia
Naamah@Jos.15.41	31.565278	34.849167	528	settlement	within 30 km of Lachish
Naamah@Jos.15.41	31.579335	34.946331	36	settlement	Horbat Bet Elem
Naamah@Jos.15.41	31.872167	34.87325	17	settlement	Al Na’ani
Naamah@Jos.15.41	31.76527	34.89496	0	settlement	Khirbet Fered
Naaran@Jos.16.7	31.893472	35.42475	751	settlement	another name for Naaran
Naaran@Jos.16.7	31.881883	35.459969	42	settlement	Khirbet el Mefjir
Naaran@Jos.16.7	31.893472	35.42475	21	settlement	Tell el Jisr
Naaran@Jos.16.7	31.9542	35.4749	17	settlement	Khirbet el Ayash
Naaran@Jos.16.7	31.893472	35.42475	686	settlement	Tell el Jisr
Naaran@Jos.16.7	31.89552	35.42213	72	settlement	Ein ed Duyuk
Naaran@Jos.16.7	31.881883	35.459969	25	settlement	Khirbet el Mefjir
Naaran@Jos.16.7	31.9497	35.4717	22	settlement	Khirbet el Aujah et Tahta
Naaran@Jos.16.7	31.9542	35.4749	0	settlement	Khirbet el Ayash
Nahalol@Jdg.1.30	32.67914	35.19695	226	settlement	Horbat Sefan
Nahalol@Jdg.1.30	32.7988	35.07006	193	settlement	Tel Nahal
Nahalol@Jdg.1.30	32.6967	35.2414	122	settlement	Ma’alul
Lasha@Gen.10.19	31.618056	35.567222	339	campsite	along Wadi Zerqa Main
Lasha@Gen.10.19	31.5559	35.75724	280	campsite	along Wadi al Wala
Nain@Luk.7.11	32.630694	35.350139	1000	settlement	Nein
Naioth@1Sa.19.18	31.85434	35.23161	683	settlement	within 2 km of Ramah 4
Nazareth@Mat.2.23	32.70214	35.29769	1000	settlement	Nazareth
Neiel@Jos.19.27	32.804203	35.423456	241	settlement	Nimrin
Neiel@Jos.19.27	32.809567	35.332461	189	valley	Beit Netofa Valley
Neiel@Jos.19.27	32.7988	35.3051	14	settlement	Tell el Wawiyat
Neiel@Jos.19.27	32.8926	35.2219	0	settlement	another name for Neiel
Neapolis@Act.16.11	40.935	24.415	1000	settlement	Kavala
Neballat@Neh.11.34	31.986436	34.9589	824	settlement	Beit Nabala
Nebo@Num.32.3	31.749127	35.74386	566	settlement	Khirbet al Mukhayyat
Nebo@Num.32.3	31.777021	35.738498	227	settlement	Khirbet Ayun Musa
Nebo@Ezr.2.29	31.607211	35.036733	329	settlement	Nuba
Nebo@Ezr.2.29	31.7925	35.244167	85	settlement	another name for Nob
Nebo@Ezr.2.29	31.749127	35.74386	5	settlement	another name for Nebo 1
Nebo@Ezr.2.29	31.607211	35.036733	238	settlement	another name for Nebo 2
Negeb@Gen.12.9	31.244722	34.840833	1000	region	Negeb
Neiel@Jos.19.27	32.8926	35.2219	701	settlement	Khirbet Yanin
Neiel@Jos.19.27	32.804203	35.423456	0	settlement	another name for Neah
Nephtoah@Jos.15.9	31.794392	35.196606	747	spring	Lifta
Netaim@1Ch.4.23	31.678795	34.933932	518	settlement	Khirbet en Nuweiti
Netaim@1Ch.4.23	31.6963	34.9575	0	settlement	Khirbet Qeiyafa
Netophah@2Sa.23.28	31.66765	35.22103	557	settlement	Khirbet Badd Faluh
New_Gate@Jer.26.10	31.776667	35.234167	1000	gate	in Jerusalem
Nezib@Jos.15.43	31.58586	35.00979	788	settlement	Khirbet Beit Nesib esh Sharqiyyeh
Nibshan@Jos.15.62	31.69945	35.38143	280	settlement	Khirbet el Maqari
Nibshan@Jos.15.62	31.6242	35.40968	143	settlement	Ain el Ghuweir
Nibshan@Jos.15.62	31.681807	35.442531	23	settlement	Qashr el Yahud
Nicopolis@Tit.3.12	39.023485	20.73736	1000	settlement	Nicopolis
Nile@Gen.41.1	31.4653	30.3667	1000	river	Nile River
Beth-nimrah@Num.32.36	31.909106	35.63872	1000	settlement	another name for Beth-nimrah
Nimrim@Isa.15.6	31.133611	35.526667	608	wadi	Wadi en Numeirah
Nimrim@Isa.15.6	31.8794	35.53933	149	wadi	Wadi Nimrin
Nineveh@Gen.10.11	36.3594	43.1528	1000	settlement	Nineveh
Nob@1Sa.21.1	31.7925	35.244167	197	settlement	Ras el Mesharif
Nob@1Sa.21.1	31.794892	35.242628	154	settlement	Ras Umm et Tala
Nob@1Sa.21.1	31.798611	35.248333	116	settlement	Isawiya
Nob@1Sa.21.1	31.7912	35.25694	95	settlement	Ras Tumeim
Nob@1Sa.21.1	31.81337	35.23737	48	settlement	Qu’meh
Nob@1Sa.21.1	31.8057	35.238992	40	settlement	French Hill
Nob@1Sa.21.1	31.777619	35.250839	19	settlement	Et Tur
Kenath@Num.21.30	32.75616	36.61899	468	settlement	another name for Nobah 1
Kenath@Num.21.30	32.032589	35.837654	32	settlement	Tell Safut
Kenath@Num.21.30	31.180556	35.701389	433	settlement	in Moab 1
Kenath@Num.21.30	32.75616	36.61899	214	settlement	another name for Nobah 1
Oboth@Num.21.10	30.616667	35.19	361	campsite	Ein Weibeh
Oboth@Num.21.10	30.715067	35.655084	16	campsite	Gharandal
Oboth@Num.21.10	30.82991	35.41082	0	campsite	Telah
Oboth@Num.21.10	30.8087	35.2459	0	campsite	En Hazeva
Ono@1Ch.8.12	32.027222	34.868056	758	settlement	Kafr Ana
Ono@1Ch.8.12	32.031262	34.871273	48	settlement	Kafr Juna
Ophel@2Ch.27.3	31.775333	35.236222	1000	hill	Ophel
Ophir@1Ki.9.28	18.216667	42.5	283	region	southwestern Arabia
Ophir@1Ki.9.28	11.595	43.148056	176	region	another name for Punt
Ophir@1Ki.9.28	19.414223	72.795163	163	settlement	Sopara
Ophir@1Ki.9.28	8.3175	77.071389	30	settlement	Poovar
Ophir@1Ki.9.28	-20.15572	34.73658	30	settlement	Sofala
Ophir@1Ki.9.28	7	81	30	island	Sri Lanka
Ophir@1Ki.9.28	15.401944	74.043333	30	region	Goa
Ophir@1Ki.9.28	0	102	27	island	Sumatra
Ophir@1Ki.9.28	15.263061	39.660552	12	settlement	another name for Adulis
Ophir@1Ki.9.28	17.006157	54.130865	12	region	Oman
Ophir@1Ki.9.28	23.499086	40.865214	0	mine	Mahd adh Dhahab
Ophni@Jos.18.24	31.961944	35.215556	562	settlement	Jifna
Ophni@Jos.18.24	31.9653	35.1909	45	settlement	Khirbet Bir Zeit
Ophrah@Jos.18.23	31.954444	35.300278	786	settlement	Taybeh
Ophrah@Jdg.6.11	32.6057	35.29	506	settlement	Afula
Ophrah@Jdg.6.11	32.51718	35.17854	158	settlement	Khirbet Taiyibeh
Ophrah@Jdg.6.11	31.739901	35.216896	31	settlement	Ramat Rahel
Ophrah@Jdg.6.11	32.60385	35.44661	30	settlement	Et Taiyibeh
Ophrah@Jdg.6.11	32.319492	35.184564	0	settlement	Silat ad Dhahr
Ophrah@Jdg.6.11	32.190556	35.165833	0	settlement	Farata
Ophrah@Jdg.6.11	32.2874	35.3378	0	settlement	Tell el Farah
Paddan-aram@Gen.25.20	36.864444	39.032778	572	region	another name for Aram-naharaim
Paddan-aram@Gen.25.20	36.864444	39.032778	68	settlement	another name for Haran
Paddan-aram@Gen.25.20	36.847389	38.904925	56	settlement	Tell Feddan
Pamphylia@Act.2.10	37	31	1000	region	Pamphylia
Paphos@Act.13.6	34.755667	32.404167	1000	settlement	New Paphos
Parah@Jos.18.23	31.8348	35.31048	449	settlement	Khirbet Ein Fara
Parah@Jos.18.23	31.82859	35.28618	172	settlement	Khirbet Abu Musarrah
Parah@Jos.18.23	31.99377	35.21248	54	settlement	Khirbet Tarafayn
Paran@Gen.21.21	30.303218	34.776667	1000	region	Paran
Parbar@1Ch.26.18	31.776667	35.234167	1000	structure	in Jerusalem
Parvaim@2Ch.3.6	16.871944	43.711389	329	settlement	Farwah
Parvaim@2Ch.3.6	25.70934	42.72595	116	settlement	Saq el Farwein
Parvaim@2Ch.3.6	14.213898	44.402874	90	settlement	another name for Sephar
Patara@Act.21.1	36.260278	29.314167	1000	settlement	Patara
Pathros@Isa.11.11	24.1	32.7	1000	region	Upper Egypt
Patmos@Rev.1.9	37.325	26.541667	1000	island	Patmos
Pau@Gen.36.39	31.121389	35.19	367	settlement	along Wadi Fai
Pau@Gen.36.39	31.777021	35.738498	0	settlement	another name for Beth-peor
Babylon@Gen.10.10	31.36112	47.44964	1000	region	Pekod
Pelusium@Ezk.30.15	31.042512	32.546139	1000	settlement	Tell el Farama
Peniel@Gen.32.30	32.187016	35.69211	694	settlement	Tell edh Dhahab esh Sherqiyeh
Peniel@Gen.32.30	32.18575	35.68667	61	settlement	Tell edh Dhahab el Gharbi
People's_Gate@Jer.17.19	31.776667	35.234167	1000	gate	in Jerusalem
Peor@Num.23.28	31.777021	35.738498	1000	mountain	within 1 km of Beth-peor
Uzzah@2Sa.6.3	31.776667	35.234167	1000	settlement	within 1 km of Jerusalem
Perga@Act.13.13	36.960353	30.853686	1000	settlement	Perga
Pergamum@Rev.1.11	39.13216	27.18421	1000	settlement	Pergamon
Persia@2Ch.36.20	34.8065	48.516247	1000	region	Persia
Pethor@Num.22.5	36.7014	38.0865	998	settlement	another name for Pitru
Pethor@Num.22.5	36.7014	38.0865	0	settlement	Til Barsip
Pharpar@2Ki.5.12	33.31362	36.055535	600	river	Awaj River
Pharpar@2Ki.5.12	33.416667	36.133333	39	river	Barbar River
Pharpar@2Ki.5.12	33.540556	36.353056	28	river	Tora River
Philadelphia@Rev.1.11	38.35	28.516667	1000	settlement	Alaşehir
Philippi@Act.16.12	41.012072	24.284576	1000	settlement	Philippi
Philistine@Gen.21.32	31.663889	34.545833	1000	region	Philistia
Phoenix@Act.27.12	35.2	24.072222	521	settlement	Finikas
Phoenix@Act.27.12	35.20001	24.07858	333	settlement	Loutro
Phrygia@Act.2.10	39	31	1000	region	Phrygia
Pi-beseth@Ezk.30.17	30.572778	31.51	1000	settlement	Tell Basteh
Pi-hahiroth@Exo.14.2	30.860556	32.171389	220	natural area	within 1 km of Baal-zephon
Pi-hahiroth@Exo.14.2	30.22518	32.46951	103	natural area	plain near Jabal Jinayfah
Pi-hahiroth@Exo.14.2	31.042512	32.546139	45	settlement	another name for Pelusium
Pi-hahiroth@Exo.14.2	30.860556	32.171389	26	settlement	Tell Defenneh
Pi-hahiroth@Exo.14.2	30.85	32.316667	0	settlement	Al Qantarah
Pi-hahiroth@Exo.14.2	30.18333	32.51667	0	mountain	Jebel Abu Hasa
Pi-hahiroth@Exo.14.2	30.308779	32.125787	0	natural area	marsh west of the Bitter Lakes
Pirathon@Jdg.12.15	32.190556	35.165833	726	settlement	Farata
Pirathon@Jdg.12.15	31.8348	35.31048	48	settlement	another name for Parah
Pisgah@Num.21.20	31.767778	35.725556	453	mountain	Rujm Siyaghah
Pisgah@Num.21.20	31.766667	35.75	176	mountain	another name for Mount Nebo
Pisgah@Num.21.20	31.7539	35.7152	47	mountain range	another name for Abarim
Pisgah@Num.21.20	31.766667	35.75	18	mountain	Jabal al Naba
Pishon@Gen.2.11	17.119722	42.416389	145	river	Wadi Baysh
Pishon@Gen.2.11	26	52	110	body of water	Persian Gulf
Pishon@Gen.2.11	17.765833	42.9525	86	river	Wadi Bishah
Pishon@Gen.2.11	29.101389	46.555278	76	river	Wadi al Rummah
Pishon@Gen.2.11	30.4275	48.1654	55	river	Karun River
Pishon@Gen.2.11	22.0833	90.8333	49	river	Ganges River
Pishon@Gen.2.11	30.81583	45.99583	31	river	within 100 km of Eridu
Pishon@Gen.2.11	31.782302	47.869402	23	river	Karkheh River
Pishon@Gen.2.11	23.9944	67.4308	18	river	Indus River
Pishon@Gen.2.11	42.184167	41.636111	14	river	Rioni River
Pishon@Gen.2.11	15.623611	32.501944	11	river	Blue Nile
Pisidia@Act.13.14	38.306111	31.189167	1000	region	Pisidia
Pithom@Exo.1.11	30.5475	31.963611	419	settlement	Tell er Retaba
Pithom@Exo.1.11	30.5527	32.099	171	settlement	Tell el Maskhuta
Pithom@Exo.1.11	30.129444	31.3075	16	settlement	another name for Heliopolis
Pontus@Act.2.9	40.68	37.83	1000	region	Pontus
Potsherd_Gate@Jer.19.2	31.776667	35.234167	608	gate	in Jerusalem
Potsherd_Gate@Jer.19.2	31.776667	35.234167	431	gate	another name for the Dung Gate
Potsherd_Gate@Jer.19.2	31.776667	35.234167	67	gate	another name for the East Gate
Potsherd_Gate@Jer.19.2	31.776667	35.234167	4	gate	another name for the Valley Gate
Acco@Jdg.1.31	32.9214	35.0692	1000	settlement	Acre
Punon@Num.33.42	30.62775	35.493647	755	settlement	Khirbet Faynan
Put@Isa.66.19	32.820946	21.851229	632	region	another name for Libya
Put@Isa.66.19	11.595	43.148056	89	region	another name for Punt
Put@Isa.66.19	32.820946	21.851229	18	settlement	another name for Cyrene
Puteoli@Act.28.13	40.826111	14.120556	1000	settlement	Pozzuoli
Raamah@Ezk.27.22	17.477271	44.179373	382	settlement	another name for Ragmat
Raamah@Ezk.27.22	16.128056	44.815278	0	settlement	Rgm
Raamah@Ezk.27.22	25.3575	55.391944	0	settlement	Regma
Ammon@Deu.2.19	31.9547	35.9343	1000	settlement	Amman
Ammon@Deu.2.19	31.827039	34.987606	303	settlement	Khirbet Hamideh
Ammon@Deu.2.19	31.808957	35.10378	152	settlement	within 7 km of Kiriath-jearim
Ammon@Deu.2.19	31.72519	35.06292	26	settlement	Horbat Darban
Ammon@Deu.2.19	31.8401	35.0263	26	settlement	Tell el Kokah
Rabbith@Jos.19.20	32.697284	35.377531	476	settlement	another name for Daberath
Rabbith@Jos.19.20	32.388889	35.384722	51	settlement	Raba
Rabbith@Jos.19.20	32.5125	35.3633	15	settlement	Arabbuna
Carmel@Jos.12.22	31.422876	35.132952	612	settlement	another name for Carmel 1
Tiberias@Jos.19.35	32.806389	35.525833	562	settlement	Tel Raqqat
Tiberias@Jos.19.35	32.773611	35.544167	204	settlement	another name for Tiberias
Tiberias@Jos.19.35	32.808056	35.526389	34	settlement	Khirbet el Fuliya
Tiberias@Jos.19.35	33.111944	35.4625	16	settlement	another name for Kartan
Rakkon@Jos.19.46	32.130826	34.787262	352	settlement	Tell er Reqqeit
Rakkon@Jos.19.46	32.099772	34.801744	205	river	Ayalon River
Rakkon@Jos.19.46	32.0917	34.8075	31	settlement	Tel Gerisa
Rakkon@Jos.19.46	32.103889	34.775833	31	river	Yarkon River
Ramah@Jos.18.25	31.85434	35.23161	723	settlement	Al Ram
Ramah@Jos.18.25	31.896944	35.201667	65	settlement	Ramallah
Ramah@Jos.18.25	31.739901	35.216896	26	settlement	Ramat Rahel
Ramah@Jos.19.29	33.1108	35.3106	365	settlement	Ramyah
Ramah@Jos.19.29	33.255278	35.230556	0	settlement	Rameh
Ramah@Jos.19.29	32.926152	35.401126	0	settlement	another name for Ramah 3
Ramah@Jos.19.36	32.926152	35.401126	392	settlement	Khirbet Zeitun er Rameh
Ramah@Jos.19.36	32.93925	35.367114	332	settlement	Er Rameh
Mizpah@Jdg.20.1	31.85434	35.23161	474	settlement	another name for Ramah 1
Mizpah@Jdg.20.1	31.85434	35.23161	95	settlement	Al Ram
Mizpah@Jdg.20.1	32.03286	35.1025	89	settlement	Beit Rima
Mizpah@Jdg.20.1	31.896944	35.201667	67	settlement	Ramallah
Mizpah@Jdg.20.1	31.832733	35.18015	26	settlement	Nabi Samwil
Mizpah@Jdg.20.1	32.028056	35.019444	0	settlement	Rantis
Ramoth-gilead@Gen.31.47	32.499852	36.014988	985	settlement	another name for Ramoth-gilead
Ramah@Jos.18.25	30.991038	34.911322	386	settlement	another name for Baalath-beer
Ramah@Jos.18.25	31.2328	34.9867	226	settlement	Tel Ira
Ramah@Jos.18.25	31.209188	35.165672	176	settlement	Horbat Uza
Ramah@Jos.18.25	31.748796	35.001006	22	settlement	another name for Ramath-lehi
Ramah@Jos.18.25	31.85434	35.23161	1000	settlement	another name for Ramah 1
Ramah@Jos.18.25	33.255278	35.230556	53	settlement	Rameh
Ramah@Jos.18.25	31.85434	35.23161	15	settlement	another name for Ramah 4
Mizpah@Jdg.20.1	31.85434	35.23161	766	settlement	another name for Ramah 4
Mizpah@Jdg.20.1	32.028056	35.019444	112	settlement	another name for Arimathea
Mizpah@Jdg.20.1	32.028056	35.019444	3	settlement	Rantis
Ramath-lehi@Jdg.15.17	31.748796	35.001006	1000	settlement	another name for Lehi
Ramoth-gilead@Gen.31.47	32.118511	35.77702	194	settlement	Jel‘ad
Ramoth-gilead@Gen.31.47	32.118511	35.77702	184	settlement	another name for Mizpah 1
Ramoth-gilead@Gen.31.47	32.499852	36.014988	50	settlement	another name for Ramoth-gilead
Ramoth-gilead@Gen.31.47	31.873	35.8167	42	settlement	Khirbet el Qar’a
Ramoth-gilead@Gen.31.47	31.944471	35.830077	37	settlement	Khirbet Sara
Ramoth-gilead@Gen.31.47	31.9128	35.7518	19	settlement	Iraq al Amir
Ramoth@1Ch.6.73	32.595556	35.521389	352	settlement	Kokab el Hawa
Ramoth@1Ch.6.73	32.595556	35.521389	168	settlement	another name for Remeth
Baalath-beer@Jos.19.8	31.209188	35.165672	973	settlement	another name for Ramah 6
Ramoth-gilead@Gen.31.47	32.499852	36.014988	808	settlement	Tall er Rumeith
Ramoth-gilead@Gen.31.47	32.559167	36.006944	13	settlement	Ar Ramtha
Ramoth-gilead@Gen.31.47	32.033333	35.733333	0	settlement	As Salt
Ramoth-gilead@Gen.31.47	31.9128	35.7518	0	settlement	Iraq al Amir
Ramoth-gilead@Gen.31.47	32.491014	35.880421	0	settlement	Tall al Husun
Recah@1Ch.4.12	31.704306	35.207639	674	settlement	within 5 km of Bethlehem 1
Red_Sea@Exo.10.19	28.75	33	369	body of water	Gulf of Suez
Red_Sea@Exo.10.19	30.338333	32.377778	304	body of water	Bitter Lakes
Red_Sea@Exo.10.19	30.577778	32.288889	128	body of water	Lake Timsah
Red_Sea@Exo.10.19	30.716667	32.333333	100	body of water	Ballah Lakes
Red_Sea@Exo.10.19	28.75	34.75	62	body of water	Gulf of Aqaba
Red_Sea@Exo.10.19	31.042512	32.546139	18	river	Pelusiac branch of the Nile
Red_Sea@Exo.10.19	31.291	32.018	18	body of water	Lake Manzala
Red_Sea@Exo.10.19	31.190556	33.162222	0	body of water	Lake Bardawil
Red_Sea@Exo.10.19	28.75	34.75	1000	body of water	Gulf of Aqaba
Red_Sea@Exo.10.19	28.75	33	776	body of water	Gulf of Suez
Red_Sea@Exo.10.19	30.338333	32.377778	63	body of water	another name for the Red Sea 1
Red_Sea@Exo.10.19	28.75	34.75	19	body of water	Gulf of Aqaba
Beth-rehob@Jdg.18.28	34.008889	36.145278	799	settlement	another name for Beth-rehob
Beth-rehob@Jdg.18.28	32.901389	35.169444	47	settlement	another name for Rehob 3
Beth-rehob@Jdg.18.28	33.114444	35.290833	30	settlement	another name for Rehob 2
Rehob@Jos.19.28	33.114444	35.290833	240	settlement	Tell el Balat
Rehob@Jos.19.28	33.081667	35.325278	132	settlement	Tell er Rahb
Rehob@Jos.19.28	32.901389	35.169444	101	settlement	another name for Rehob 3
Rehob@Jos.19.28	32.901389	35.169444	38	settlement	Tell Bir el Gharbi
Rehob@Jos.19.28	34.008889	36.145278	0	settlement	another name for Rehob 1
Rehob@Jos.19.28	33.06571	35.13835	0	settlement	Horbat Kenesiyya
Rehob@Jos.19.30	32.901389	35.169444	428	settlement	Tell Bir el Gharbi
Rehob@Jos.19.30	33.114444	35.290833	61	settlement	another name for Rehob 2
Rehob@Jos.19.30	32.8718	35.122	56	settlement	Khirbet Da‘uk
Rehoboth@Gen.26.22	31.031111	34.565833	556	well	Ruheibeh
Rehoboth@Gen.36.37	30.93318	35.610889	421	settlement	Ras Rihab
Rehoboth@Gen.36.37	30.62827	35.46845	181	settlement	within 20 km of Wadi Ghuwayr
Rehoboth@Gen.36.37	30.93412	35.598339	0	settlement	Khirbet Musrab
Rehoboth@Gen.36.37	35.00496	40.423225	0	settlement	Al Rahba
Rekem@Jos.18.27	31.870556	35.192222	215	settlement	within 5 km of Irpeel
Rekem@Jos.18.27	31.81048	35.17421	206	settlement	Feldstein et al Site 43
Rekem@Jos.18.27	31.79966	35.15785	90	settlement	Feldstein et al Site 34
Rekem@Jos.18.27	31.82383	35.1872	0	settlement	Khirbet el Burj
Remeth@Jos.19.21	32.595556	35.521389	563	settlement	another name for Ramoth 1
Remeth@Jos.19.21	32.595556	35.521389	69	settlement	Kokab el Hawa
Remeth@Jos.19.21	32.590278	35.525556	45	settlement	En haYadid
Remeth@Jos.19.21	32.659741	35.537236	38	settlement	Khirbet ed Dir
Rephidim@Exo.17.1	28.623056	33.880278	379	campsite	along Wadi Rufaiyil
Rephidim@Exo.17.1	28.7125	33.611944	194	campsite	along Wadi Feiran
Rephidim@Exo.17.1	28.699444	33.681667	62	campsite	along Wadi el Sheikh
Rephidim@Exo.17.1	28.621667	33.861389	14	campsite	Jabal Huwayti
Rephidim@Exo.17.1	29.63625	32.80587	14	campsite	along Wadi Sudr
Resen@Gen.10.12	36.1437	43.31452	176	settlement	Qaryat as Salamiyah
Resen@Gen.10.12	36.158056	43.259444	89	settlement	Hamam al Alil
Resen@Gen.10.12	36.56669	43.23489	0	settlement	Resh Eni
Rezeph@2Ki.19.12	35.627778	38.756389	609	settlement	Resafa
Rezeph@2Ki.19.12	36.4345	42.4177	120	settlement	Resappa
Rhegium@Act.28.13	38.1088	15.64412	1000	settlement	Reggio Calabria
Rhodes@Act.21.1	36.4402	28.2109	471	island	Rhodes
Rhodes@Act.21.1	36.4402	28.2109	464	settlement	Acropolis of Rhodes
Riblah@2Ki.23.33	34.459547	36.572623	948	settlement	Rableh
Riblah@Num.34.11	33.536944	36.366111	38	settlement	Arbin
Riblah@Num.34.11	32.558661	35.847589	25	settlement	Tall Irbid
Riblah@Num.34.11	34.39674	36.38715	0	settlement	Hermel
Riblah@Num.34.11	34.459547	36.572623	0	settlement	another name for Riblah 1
Rimmon@Jdg.20.45	31.84762	35.305139	290	natural area	El Jai Cave
Rimmon@Jdg.20.45	31.929722	35.298889	237	natural area	Rammun
Rimmon@Jdg.20.45	31.8949	35.3225	48	natural area	along Wadi Rummananeh
Rimmon@Jdg.20.45	31.96	35.348	9	natural area	plateau east of Rammun
Ain@Num.34.11	31.38333	34.86564	404	settlement	Tel Halif
Ain@Num.34.11	31.37124	34.86489	51	settlement	Khirbet Umm er Rammamin
Dimnah@Jos.21.35	32.788056	35.310556	647	settlement	Rumana
Dimnah@Jos.21.35	32.78892	35.29321	70	settlement	Horbat Rumah
Dimnah@Jos.21.35	32.799722	35.459722	43	settlement	Qarn Hattin
Dimnah@Jos.21.35	32.785556	35.256944	31	settlement	Tel Hanaton
Dimnah@Jos.21.35	32.788056	35.310556	1000	settlement	another name for Rimmon 3
Rimmon-perez@Num.33.19	29.54022	34.65429	144	campsite	along Naqb al Biyar
Rimmon-perez@Num.33.19	30.578611	34.817778	126	campsite	along Wadi er Rummun
Rimmon-perez@Num.33.19	31.37124	34.86489	79	campsite	another name for Rimmon 2
Rissah@Num.33.21	28.026	35.248	469	campsite	Sharma
Rissah@Num.33.21	30.00296	34.68193	197	campsite	Kuntilet el Jerafi
Rithmah@Num.33.18	29.03369	34.1255	235	campsite	along Wadi Ratamah
Rithmah@Num.33.18	30.59941	34.36029	60	campsite	along Wadi Abu Retemat
Rithmah@Num.33.18	27.861944	36.228333	56	campsite	along Wadi er Retame
Rithmah@Num.33.18	29.740556	33.030278	31	campsite	Ain Rathmah
Rithmah@Num.33.18	29.15371	34.48702	0	campsite	Bir es Sawra
Euphrates@Gen.2.14	31.0043	47.442	789	river	another name for the Euphrates
Euphrates@Gen.2.14	31.761389	35.558333	95	river	another name for the Jordan
Euphrates@Gen.2.14	32.11525	35.543056	44	river	another name for the Jabbok
Euphrates@Gen.2.14	31.02701	35.48533	267	river	another name for the Zered
Euphrates@Gen.2.14	30.62827	35.46845	27	river	Wadi Ghuwayr
Euphrates@Gen.2.14	31.145708	33.80649	0	river	another name for the Brook of Egypt
Euphrates@Gen.2.14	30.954444	35.619167	0	river	Wadi Rihab
Euphrates@Gen.2.14	31.0043	47.442	0	river	another name for the Euphrates
Rock_of_Escape@1Sa.23.28	31.451513	35.232889	573	natural area	along Wadi Malaqi
Rogelim@2Sa.17.27	32.527889	35.780628	313	settlement	Zaharet
Rogelim@2Sa.17.27	32.532758	35.772297	90	settlement	Tell Barsina
Rome@Jhn.11.48	41.8922	12.4852	1000	settlement	Rome
Arumah@Jdg.9.41	32.78892	35.29321	598	settlement	Horbat Rumah
Arumah@Jdg.9.41	32.147556	35.321583	135	settlement	another name for Arumah
Arumah@Jdg.9.41	31.50506	35.0275	24	settlement	another name for Adoraim
Arumah@Jdg.9.41	31.4306	34.9861	24	settlement	Deir ed Domeh
Arumah@Jdg.9.41	31.4306	34.9861	0	settlement	another name for Dumah 1
Sahar@Ezk.27.18	33.550833	36.139722	486	settlement	Sahl as Sahra
Salamis@Act.13.5	35.184944	33.901944	1000	settlement	Salamis
Salecah@Deu.3.10	32.4939	36.7105	716	settlement	Salkhad
Jerusalem@Jos.10.1	31.776667	35.234167	1000	settlement	another name for Jerusalem
Salim@Jhn.3.23	32.399167	35.526389	215	settlement	Tel Shalem
Salim@Jhn.3.23	32.20871	35.33033	144	settlement	Salim
Salim@Jhn.3.23	32.3743	35.56089	112	settlement	Tell Abu Sus
Salim@Jhn.3.23	32.38152	35.52821	74	settlement	Umm el Umdan
Salim@Jhn.3.23	31.83416	35.28497	63	wadi	Wadi Saleim
Salim@Jhn.3.23	31.8375	35.549444	59	settlement	within 5 km of Aenon
Salmone@Act.27.7	35.31603	26.31155	1000	promontory	Cape Sideros
Salt_Sea@Gen.14.3	31.5	35.5	1000	body of water	Dead Sea
Samaria@1Ki.13.32	32.276111	35.195	1000	settlement	Samaria
Samaria@1Ki.13.32	32.276111	35.195	1000	region	Samaria 2
Samos@Act.20.15	37.75	26.8333	1000	island	Samos
Samothrace@Act.16.11	40.45	25.583333	1000	island	Samothraki
Sansannah@Jos.15.31	31.3445	34.9014	581	settlement	Khirbet esh Shamsaniyat
Sansannah@Jos.15.31	31.262585	34.529765	136	settlement	another name for Hazar-susah
Sardis@Oba.1.20	38.488333	28.040278	1000	settlement	Sardis
Sarid@Jos.19.10	32.660363	35.234202	760	settlement	Tel Shadud
Egypt_Sea@Isa.11.15	30.338333	32.377778	485	body of water	another name for the Red Sea 1
Egypt_Sea@Isa.11.15	28.75	33	120	body of water	Gulf of Suez
Galilee_Sea@Num.34.11	32.818906	35.590033	1000	body of water	Sea of Galilee
Jazer_Sea@Jer.48.32	32.006398	35.734976	386	settlement	another name for Jazer
Jazer_Sea@Jer.48.32	32.006398	35.734976	186	body of water	within 30 km of Jazer
Secacah@Jos.15.61	31.71684	35.391592	398	settlement	Khirbet es Samrah
Secacah@Jos.15.61	31.740833	35.458611	184	settlement	Qumran
Secacah@Jos.15.61	31.714444	35.453333	33	settlement	Ain Feshkah
Second_Quarter@2Ki.22.14	31.776667	35.234167	1000	district in settlement	in Jerusalem
Secu@1Sa.19.22	31.937378	35.144736	1000	settlement	between Gibeah and Ramah
Seirah@Jdg.3.26	31.9878	35.3332	465	natural area	in the hills of Ephraim
Seirah@Jdg.3.26	32.317222	35.57	110	natural area	in the Jordan Valley
Seirah@Jdg.3.26	31.180556	35.701389	0	natural area	in Moab 1
Sela@Jdg.1.36	30.78087	35.574455	378	settlement	another name for Sela 2
Sela@Jdg.1.36	30.906602	35.131259	215	settlement	within 30 km of Akrabbim
Sela@Jdg.1.36	30.78087	35.574455	437	settlement	Sela
Sela@Jdg.1.36	30.326749	35.433999	203	settlement	Umm el Bayyara
Sela@Jdg.1.36	30.78087	35.574455	126	settlement	Sela
Sela@Jdg.1.36	30.326749	35.433999	126	settlement	Umm el Bayyara
Sela@Jdg.1.36	30.906602	35.131259	60	settlement	another name for Sela 1
Sela@Jdg.1.36	30.326749	35.433999	0	settlement	another name for Sela 2
Seleucia@Act.13.4	36.124	35.922	1000	settlement	Seleucia Pieria
Senaah@Ezr.2.35	31.9472	35.39974	243	settlement	another name for Magdalsenna
Senaah@Ezr.2.35	31.9472	35.39974	0	settlement	Khirbet el Aujah el Foqa
Seneh@1Sa.14.4	31.853094	35.286169	1000	cliff	Seneh
Hermon_Mount@Deu.3.8	33.4	35.85	1000	mountain	another name for Mount Hermon
Sephar@Gen.10.30	14.213898	44.402874	335	settlement	Zafar
Sephar@Gen.10.30	17.006157	54.130865	240	settlement	Al Baleed
Sardis@Oba.1.20	38.488333	28.040278	506	settlement	another name for Sardis
Sardis@Oba.1.20	39	32	102	settlement	another name for Saparda
Sardis@Oba.1.20	37.081944	22.423611	23	settlement	another name for Sparta
Sardis@Oba.1.20	34.8065	48.516247	0	settlement	in Media
Sardis@Oba.1.20	40.21	-4.35	0	settlement	in Spain
Sardis@Oba.1.20	41.119444	29.075278	0	settlement	within 15 km of the Bosporus
Sepharvaim@2Ki.17.24	34.401068	36.636361	388	settlement	another name for Sibraim
Sepharvaim@2Ki.17.24	33.058829	44.252153	153	settlement	Sippar
Sepharvaim@2Ki.17.24	32.126111	45.230833	63	settlement	another name for Saparre
Shaalbim@Jdg.1.35	31.86981	34.98714	791	settlement	Salbit
Shaalbim@Jdg.1.35	32.354167	35.3725	14	settlement	Khirbet Salhab
Shaalim@1Sa.9.4	31.954444	35.300278	417	region	another name for Shual
Shaalim@1Sa.9.4	31.86981	34.98714	378	region	about 10 km around Shaalbim
Shaaraim@Jos.15.36	31.7355	35.02757	407	settlement	Khirbet es Sira
Shaaraim@Jos.15.36	31.467	34.4041	63	settlement	another name for Shaaraim 2
Shaaraim@Jos.15.36	31.6963	34.9575	21	settlement	Khirbet Qeiyafa
Sharuhen@Jos.19.6	31.467	34.4041	607	settlement	another name for Sharuhen
Shahazumah@Jos.19.22	32.54175	35.3666	265	settlement	El Karm
Shahazumah@Jos.19.22	32.6713	35.5278	59	settlement	Sheikh Mazghith
Shahazumah@Jos.19.22	32.653446	35.46614	41	settlement	Tell Rekhesh
Shahazumah@Jos.19.22	32.687762	35.525239	39	settlement	Sheikh esh Shamsawi
Shahazumah@Jos.19.22	32.6804	35.4863	35	settlement	Hadita
Shalishah@1Sa.9.4	32.1525	35.044167	597	region	about 15 km around Baal-shalishah
Shallecheth@1Ch.26.16	31.776667	35.234167	907	gate	in Jerusalem
Shallecheth@1Ch.26.16	31.776667	35.234167	140	gate	another name for the Gate of the Foundation
Shallecheth@1Ch.26.16	31.776667	35.234167	85	gate	another name for Sur
Shallecheth@1Ch.26.16	31.776667	35.234167	27	gate	another name for the Middle Gate
Shamir@Jos.15.48	31.4184	34.9318	287	settlement	Khirbet Sumara
Shamir@Jos.15.48	31.4121	34.9549	111	settlement	Khirbet Anab es Seghireh
Shamir@Jos.15.48	31.4355	34.9265	92	settlement	Khirbet al Bira
Shamir@Jos.15.48	31.421683	35.033694	36	settlement	Khirbet al Simia
Shamir@Jos.15.48	31.3959	34.9308	36	settlement	Khirbet Anab al Kabir
Shamir@Jos.15.48	31.4887	34.9826	36	settlement	Khirbet Fuqeiqis
Shamir@Jos.15.48	31.9121	35.202	0	settlement	Khirbet Raddana
Shamir@Jdg.10.1	32.276111	35.195	263	settlement	another name for Samaria 1
Shamir@Jdg.10.1	32.11045	35.27457	31	settlement	Khirbet Samara
Shamir@Jdg.10.1	31.4355	34.9265	0	settlement	another name for Shamir 1
Shaphir@Mic.1.11	31.713231	34.704236	242	settlement	Tell as Sawafir
Shaphir@Mic.1.11	31.534716	34.966564	176	settlement	Khirbet el Qom
Shaphir@Mic.1.11	31.491813	34.928055	118	settlement	Tell Eton
Shaphir@Mic.1.11	31.4355	34.9265	16	settlement	another name for Shamir 1
Sharon@1Ch.27.29	32.4	34.883	1000	region	Sharon Plain
Sharon@1Ch.5.16	31.9547	35.9343	466	region	in the Transjordan
Sharon@1Ch.5.16	31.716107	35.79548	87	region	Madaba Plateau
Sharon@1Ch.5.16	33.4	35.85	62	region	within 30 km of Mount Hermon
Sharuhen@Jos.19.6	31.467	34.4041	418	settlement	Tall al Ajjul
Sharuhen@Jos.19.6	31.281944	34.4825	251	settlement	Tel Sharuhen
Sharuhen@Jos.19.6	31.3821	34.6065	62	settlement	Tel Haror
Sharuhen@Jos.19.6	31.38333	34.86564	16	settlement	Tel Halif
Shebarim@Jos.7.5	31.907274	35.310588	192	natural area	western cliff of Wadi Makkuk
Shebarim@Jos.7.5	31.916944	35.261111	190	natural area	within 2 km of Ai 1
Shechem@Gen.12.6	32.213611	35.281944	1000	settlement	Tell Balatah
Sheep_Gate@Neh.3.1	31.776667	35.234167	1000	gate	in Jerusalem
Shema@Jos.15.26	31.244722	34.840833	400	settlement	another name for Sheba 2
Shema@Jos.15.26	31.244722	34.840833	57	settlement	Tel Beer Sheva
Shema@Jos.15.26	31.276389	34.990278	47	settlement	another name for Jeshua
Shema@Jos.15.26	31.276389	34.990278	45	settlement	Tel Yeshua
Shema@Jos.15.26	31.25691	34.54419	0	settlement	Horbat Beer Shama
Shen@1Sa.7.12	31.99855	35.26029	465	settlement	another name for Jeshanah
Shepham@Num.34.10	34.39674	36.38715	1000	settlement	within 100 km of Riblah 2
Shephelah@Deu.1.7	31.691667	34.875	1000	region	Shephelah
Babylon@Gen.10.10	32.543333	44.422222	1000	settlement	another name for Babylon 1
Brook_of_Egypt@Num.34.5	31.042512	32.546139	694	river	another name for the Shihor 1
Brook_of_Egypt@Num.34.5	31.4653	30.3667	301	river	another name for the Nile
Shihor-libnath@Jos.19.26	32.816667	35.033333	237	natural area	mouth of the Kishon River
Shihor-libnath@Jos.19.26	32.800833	35.019167	168	settlement	Tell Abu Hawam
Shihor-libnath@Jos.19.26	32.556667	34.924639	149	region	Kebara Swamps
Shihor-libnath@Jos.19.26	32.588889	34.915	39	river	Nahal Daliyya
Shihor-libnath@Jos.19.26	32.5396	34.902	36	river	Nahal Taninim
Shikkeron@Jos.15.11	31.821483	34.812	786	settlement	Tell el Ful
Shikkeron@Jos.15.11	31.822936	34.777744	30	settlement	Qatra
Shikkeron@Jos.15.11	31.823992	34.746703	8	settlement	Aseret
Sharuhen@Jos.19.6	31.467	34.4041	521	settlement	another name for Sharuhen
Sharuhen@Jos.19.6	31.467	34.4041	299	settlement	another name for Shaaraim 2
Shiloah@Isa.8.6	31.770556	35.235	1000	pool	another name for Siloam
Shiloh@Jos.18.1	32.055703	35.289536	1000	settlement	Khirbet Seilun
Shimron@Jos.11.1	32.703889	35.213333	829	settlement	Tel Shimron
Shimron@Jos.11.1	33.101111	35.443889	17	settlement	Maroun al Ras
Shimron@Jos.11.1	32.703889	35.213333	641	settlement	another name for Shimron
Shinar@Gen.10.10	32.543333	44.422222	1000	region	another name for Babylonia
Shion@Jos.19.19	32.654167	35.506944	278	settlement	Sirin
Shion@Jos.19.19	32.712202	35.344494	221	settlement	Ayun esh Sha’in
Shion@Jos.19.19	32.6887	35.3519	134	settlement	Khirbet Mugheir
Abel-shittim@Num.33.49	31.84018	35.67368	671	campsite	Tall el Hammam
Abel-shittim@Num.33.49	31.85055	35.65296	147	campsite	Tall Kafrayn
Abel-shittim@Num.33.49	31.84161	35.68404	0	campsite	Tell Matabi
Shoa@Ezk.23.23	31.0043	47.4421	706	people group	another name for Sutu
Shual@1Sa.13.17	31.954444	35.300278	474	region	within 10 km of Ophrah 1
Shual@1Sa.13.17	31.929722	35.298889	361	region	about 10 km around Rammun
Shunem@Jos.19.18	32.605633	35.334306	1000	settlement	Sulam
Shur@Gen.16.7	30.493333	32.956667	554	region	region around Ar Ruwaysat
Shur@Gen.16.7	29.955833	32.8725	92	region	about 30 km around Wadi as Sakriyat
Shur@Gen.16.7	31.281944	34.4825	59	settlement	Tel Sharuhen
Sibraim@Ezk.47.16	34.401068	36.636361	1000	settlement	in the region between Damascus and Hamath
Sibraim@Ezk.47.16	34.266667	37.066667	98	settlement	Huwwarin
Sibraim@Ezk.47.16	34.266667	37.066667	3	settlement	another name for Ziphron
Sibraim@Ezk.47.16	32.126111	45.230833	0	settlement	another name for Sepharvaim
Sidon@Gen.10.19	33.560985	35.371944	1000	settlement	Sandikli archaeological site in Sidon
Silla@2Ki.12.20	31.776667	35.234167	1000	settlement	another name for the Millo
Sin@Exo.16.1	29.147778	33.536667	311	region	Debbet er Ramleh
Sin@Exo.16.1	28.883333	33.183333	271	region	El Marka
Sin@Exo.16.1	28.24168	33.6222	15	region	El Qaa
Siphmoth@1Sa.30.28	31.400792	35.067075	1000	settlement	within 30 km of Eshtemoa
Sirah@2Sa.3.26	31.541919	35.098819	502	well	Ain Sarah
Sirah@2Sa.3.26	31.566905	35.102252	158	well	Serit el Bella
Sitnah@Gen.26.21	31.031111	34.565833	305	well	within 15 km of Rehoboth 1
Sitnah@Gen.26.21	31.031128	34.572534	173	well	within 2 km of Sutnet er Ruheibeh
Sitnah@Gen.26.21	31.3986	34.4362	97	well	along Nahal Gerar
Sitnah@Gen.26.21	31.3821	34.6065	56	well	within 15 km of Gerar
Sitnah@Gen.26.21	31.424497	34.6062	0	well	in the region between Gerar and Beersheba
Smyrna@Rev.1.11	38.418889	27.137778	1000	settlement	Izmir
Socoh@Jos.15.35	31.6822	34.9749	1000	settlement	Tel Socho
Socoh@Jos.15.48	31.400871	35.00614	819	settlement	Khirbet Shuweikah
Socoh@Jos.15.35	32.3421	35.03202	788	settlement	Khirbet Shuweikat er Ras
Sodom@Gen.10.19	31.20849	35.449223	386	settlement	in the Valley of Siddim
Sodom@Gen.10.19	31.248729	35.523005	135	settlement	Bab edh Dhra
Sodom@Gen.10.19	31.795	35.595278	115	settlement	in the region north of the Dead Sea
Sodom@Gen.10.19	31.84018	35.67368	30	settlement	Tall el Hammam
Sodom@Gen.10.19	31.129757	35.529368	0	settlement	Numeira
Solomon's_Portico@Act.3.11	31.776667	35.234167	1000	structure	in Jerusalem
Negeb@Gen.12.9	31.244722	34.840833	1000	region	another name for the Negeb
Spain@Rom.15.24	40.21	-4.35	1000	region	Hispania
Straight@Act.9.11	33.509167	36.311389	1000	road	Straight Street
Succoth@Gen.33.17	32.1966	35.62118	600	settlement	Tell Deir Alla
Succoth@Gen.33.17	32.19321	35.59396	129	settlement	Tell el Ekhsas
Succoth@Exo.12.37	30.5527	32.099	206	settlement	Tell el Maskhuta
Succoth@Exo.12.37	30.5467	32.3042	39	settlement	within 2 km of Jabal Maryam
Succoth@Exo.12.37	30.5475	31.963611	18	settlement	Tell er Retaba
Succoth@Exo.12.37	30.5475	31.963611	0	settlement	another name for Pithom
Suph@Deu.1.1	28.75	34.75	353	body of water	another name for the Red Sea 2
Suph@Deu.1.1	31.665609	35.81749	202	settlement	another name for Suphah
Suph@Deu.1.1	31.665609	35.81749	126	settlement	Sufeh
Suphah@Num.21.14	31.665609	35.81749	238	settlement	Sufeh
Suphah@Num.21.14	28.75	34.75	216	body of water	another name for Suph
Suphah@Num.21.14	28.75	34.75	141	body of water	another name for the Red Sea 2
Sur@2Ki.11.6	31.776667	35.234167	1000	gate	another name for the Gate of the Foundation
Susa@Ezr.4.9	32.18922	48.25778	1000	settlement	Shush
Sychar@Jhn.4.5	32.21776	35.28897	620	settlement	Askar
Sychar@Jhn.4.5	32.213611	35.281944	224	settlement	another name for Shechem
Syene@Isa.49.12	24.088919	32.899731	1000	settlement	Aswan
Syracuse@Act.28.12	37.063889	15.293056	1000	settlement	Syracuse
Syria@Jdg.10.6	33.511112	36.30639	1000	region	Aram
Syria@Jdg.10.6	33.511112	36.30639	1000	region	Syria 2
Syrtis@Act.27.17	31.5	18	1000	body of water	Sidra
Taanach@Jos.12.21	32.521526	35.219122	1000	settlement	Tell Ta’anakh
Taanath-shiloh@Jos.16.6	32.176348	35.370933	626	settlement	Khirbet Tana el Fauqa
Taanath-shiloh@Jos.16.6	32.1523	35.3939	62	settlement	Khirbet Tana et Tahta
Tabbath@Jdg.7.22	32.286841	35.618929	298	settlement	Ras Abu Tabat
Taberah@Num.11.3	28.788667	34.275439	257	campsite	within 50 km of Kibroth-hattaavah
Chesulloth@Jos.19.18	32.683367	35.324193	356	settlement	another name for Chisloth-tabor
Chesulloth@Jos.19.18	32.697284	35.377531	42	settlement	Horvat Devora
Chesulloth@Jos.19.18	32.697284	35.377531	8	settlement	another name for Daberath
Chesulloth@Jos.19.18	32.68625	35.392917	0	mountain	another name for Mount Tabor
Tabor@1Sa.10.3	31.922778	35.241389	648	tree	within 2 km of Bethel 1
Tabor@1Sa.10.3	31.922778	35.241389	81	tree	another name for Allon-bacuth
Tadmor@1Ki.9.18	34.547	38.274	1000	settlement	Palmyra
Tahath@Num.33.26	30.640556	34.411111	722	campsite	within 50 km of Terah
Tahpanhes@Jer.2.16	30.860556	32.171389	1000	settlement	Tell Defenneh
Tadmor@1Ki.9.18	30.8087	35.2459	696	settlement	another name for Tamar 2
Tadmor@1Ki.9.18	34.547	38.274	77	settlement	another name for Tadmor
Tadmor@1Ki.9.18	30.8087	35.2459	48	settlement	En Hazeva
Tamar@Ezk.47.18	30.8087	35.2459	757	settlement	En Hazeva
Tamar@Ezk.47.18	31.026754	35.243068	68	settlement	Mezad Tamar
Tamar@Ezk.47.18	30.985553	35.351662	0	settlement	En Tamar
Tappuah@Jos.12.17	32.10415	35.23007	690	settlement	Tell Abu Zarad
Tappuah@Jos.15.34	31.695528	34.996	138	settlement	Bayt Nattif
Tappuah@Jos.15.34	31.767328	35.001436	60	settlement	Artuf
Tappuah@Jos.15.34	31.704965	34.994342	26	settlement	Khirbet Shumeila
Tappuah@Jos.15.34	31.747614	34.963781	15	settlement	Khirbet Umm Jina
Taralah@Jos.18.27	31.84746	35.236	553	settlement	Khirbet Erha
Taralah@Jos.18.27	31.81671	35.20579	202	settlement	Khirbet Tililiya
Taralah@Jos.18.27	31.73383	35.18606	15	settlement	Beit Irza
Tarshish@1Ki.10.22	37.271944	-6.944167	418	settlement	another name for Tartessos
Tarshish@1Ki.10.22	40.05	9.083333	165	island	Sardinia
Tarshish@1Ki.10.22	36.852558	10.323461	51	settlement	another name for Carthage
Tarshish@1Ki.10.22	36.5283	-6.2937	26	settlement	Cádiz
Tarshish@1Ki.10.22	36.913028	34.892056	25	settlement	another name for Tarsus
Tarshish@1Ki.10.22	35	33	21	island	another name for Cyprus
Tarshish@1Ki.10.22	36.4402	28.2109	13	island	another name for Rhodes 2
Tarshish@1Ki.10.22	42.227871	11.838912	0	region	another name for Etruria
Tarshish@1Ki.10.22	37.271944	-6.944167	215	settlement	another name for Tarshish 1
Tarsus@Act.9.11	36.913028	34.892056	1000	settlement	Tarsus
Tekoa@2Sa.14.2	31.63247	35.21048	1000	settlement	Khirbet Teku’a
Tel-abib@Ezk.3.15	32.126111	45.230833	585	settlement	within 50 km of Nippur
Tel-abib@Ezk.3.15	32.126944	45.230833	254	settlement	within 50 km of the Chebar
Telassar@2Ki.19.12	36.7014	38.0865	347	settlement	Til Barsip
Telassar@2Ki.19.12	35.111944	45.686389	126	settlement	Til Assuri
Telassar@2Ki.19.12	36.379167	42.449722	31	settlement	Tal Afar
Telassar@2Ki.19.12	36.874167	37.558889	0	settlement	Tell Bashir
Tel-harsha@Ezr.2.59	32.126111	45.230833	451	settlement	within 50 km of Nippur
Tel-melah@Ezr.2.59	32.126111	45.230833	381	settlement	within 50 km of Nippur
Tel-melah@Ezr.2.59	31.316667	45.283333	319	settlement	another name for Thelme
Tema@Job.6.19	27.629703	38.551626	1000	settlement	Tayma
Teman@Gen.36.34	30.745843	35.603919	231	region	about 30 km around Bozrah 1
Teman@Gen.36.34	30.330994	35.484847	223	settlement	Tawilan
Teman@Gen.36.34	30.745843	35.603919	21	region	another name for Edom
Teman@Gen.36.34	30.745843	35.603919	20	settlement	another name for Bozrah 1
Teman@Gen.36.34	30.531389	35.560833	15	settlement	Carcaria
Teman@Gen.36.34	30.715067	35.655084	0	settlement	Gharandal
Teman@Gen.36.34	30.193333	35.733333	0	settlement	Ma’an
Teman@Gen.36.34	30.750651	35.725924	0	settlement	Tuwaneh
Teman@Gen.36.34	30.328929	35.595687	0	settlement	Udruh
Terah@Num.33.27	30.640556	34.411111	1000	campsite	within 50 km of Mithkah
Thebes@Jer.46.25	25.720556	32.610278	1000	settlement	Thebes
Thebez@Jdg.9.50	32.322222	35.368611	611	settlement	Tubas
Thebez@Jdg.9.50	32.2874	35.3378	15	settlement	another name for Tirzah
Jerusalem@Jos.10.1	31.776667	35.234167	1000	settlement	another name for Jerusalem
Thessalonica@Act.17.1	40.637771	22.945767	1000	settlement	Thessaloniki
Three_Taverns@Act.28.15	41.561944	12.873889	1000	settlement	Three Taverns
Thyatira@Act.16.14	38.92021	27.83655	1000	settlement	Akhisar
Tiberias@Jos.19.35	32.773611	35.544167	1000	settlement	Tiberias
Tigris@Gen.2.14	31.0043	47.4421	1000	river	Tigris River
Timnah@Gen.38.12	31.784831	34.910297	836	settlement	Tel Batash
Timnah@Gen.38.12	31.743041	34.935419	0	settlement	Horbat Timna
Timnah@Jos.15.57	31.409448	35.133839	516	settlement	within 15 km of Maon
Timnah@Jos.15.57	31.438229	35.157356	75	settlement	Khirbet Umm Lasafa
Timnah@Jos.15.57	31.69405	35.04906	71	settlement	Khirbet et Tabbaneh
Timnah@Jos.15.57	31.434535	35.16295	33	settlement	Khirbet Abu Shaban
Timnah@Jos.15.57	31.39615	35.1112	33	settlement	Rujm al Hamri
Timnah@Jos.15.57	31.409436	35.160762	33	settlement	Tell Tuwani
Timnah@Jos.15.57	31.784831	34.910297	0	settlement	another name for Timnah 1
Timnah@Gen.38.12	31.409448	35.133839	322	settlement	another name for Timnah 2
Timnah@Gen.38.12	31.784831	34.910297	285	settlement	another name for Timnah 1
Timnah@Gen.38.12	31.69405	35.04906	75	settlement	Khirbet et Tabbaneh
Timnath-heres@Jdg.2.9	32.00806	35.10729	809	settlement	Khirbet Tibnah
Tiphsah@1Ki.4.24	35.95	38.16667	754	settlement	another name for Thapsacus
Tiphsah@1Ki.4.24	35.95	38.16667	23	settlement	Dibseh
Tiphsah@2Ki.15.16	32.10415	35.23007	584	settlement	another name for Tappuah 1
Tiphsah@2Ki.15.16	32.16727	35.16966	90	settlement	Khirbet Tafsah
Tirzah@Jos.12.24	32.2874	35.3378	834	settlement	Tell el Farah
Tishbe@1Ki.17.1	33.028611	35.539722	16	settlement	another name for Thisbe
Tishbe@1Ki.17.1	32.40237	35.6823	0	settlement	another name for Jabesh-gilead
Tishbe@1Ki.17.1	32.3658	35.718	0	settlement	Listib
Tob@Jdg.11.3	32.563333	36.243889	651	settlement	Et Tayibeh
Tob@Jdg.11.3	31.9128	35.7518	18	settlement	Iraq al Amir
Tochen@1Ch.4.32	31.61593	34.8783	174	settlement	another name for Ether 1
Tochen@1Ch.4.32	30.989824	34.965257	74	settlement	another name for Telem
Tophel@Deu.1.1	30.8375	35.604167	189	settlement	Tafila
Tophel@Deu.1.1	30.939606	35.458842	111	settlement	in the region between Punon and Zered
Hinnom_Valley@Jos.15.8	31.769167	35.228056	1000	altar	in the Valley of Hinnom
Tower_of_Hananel@Neh.3.1	31.780094	35.234303	1000	structure	Antonia Fortress
Shechem@Gen.12.6	32.213611	35.281944	1000	structure	in Shechem
Tower_of_the_Hundred@Neh.3.1	31.780094	35.234303	1000	structure	within 500 m of the Tower of Hananel
Tower_of_the_Ovens@Neh.3.11	31.776667	35.234167	1000	structure	in Jerusalem
Trachonitis@Luk.3.1	32.9695	36.455383	1000	region	Lajat
Troas@Act.16.8	39.751944	26.158611	1000	settlement	Alexandria Troas
Trogyllium@Act.20.15	37.659431	27.003279	1000	promontory	Cape Mycale
Tubal@Isa.66.19	37.295556	36.253611	1000	region	Tabal
Tyre@Jos.19.29	33.270833	35.196111	1000	settlement	Tyre
Ulai@Dan.8.2	32.409975	48.147827	743	river	Ulai canal
Ulai@Dan.8.2	31.782302	47.869402	87	river	Karkheh River
Ulai@Dan.8.2	30.4275	48.1654	17	river	Karun River
Ummah@Jos.19.30	32.921111	35.088333	417	settlement	another name for Acco
Uphaz@Jer.10.9	18.216667	42.5	316	region	another name for Ophir
Beth-horon_Upper@Jos.16.5	31.885833	35.114167	1000	settlement	Beit Ur al Fauqa
Ur@Gen.11.28	30.962222	46.104444	703	settlement	another name for Ur 2
Ur@Gen.11.28	37.147778	38.784444	53	settlement	Urfa
Ur@Gen.11.28	40.254639	40.226	22	settlement	another name for Ura
Ur@Gen.11.28	39.702761	44.300381	12	region	Urartu
Uz@Job.1.1	30.745843	35.603919	384	region	in Edom
Uz@Job.1.1	31	37.75	262	region	Wadi Sirhan
Uz@Job.1.1	32.73009	36.36812	205	region	another name for Hauran
Uz@Job.1.1	31.244722	34.840833	54	region	another name for the Negeb
Uz@Job.1.1	32.835833	36.035	49	region	about 30 km around Al Shaykh Saad
Uz@Job.1.1	30.745843	35.603919	17	region	another name for Edom
Uzal@Ezk.27.19	15.3551	44.2145	352	settlement	Sanaa
Uzal@Ezk.27.19	37.333333	41.166667	118	mountain	Izalla
Uzal@Ezk.27.19	24.4833	39.8333	60	settlement	Azalla
Uzal@Ezk.27.19	37.4	41.483333	43	region	Tur Abdin
Uzal@Ezk.27.19	14.19494	44.58473	39	region	Azal
Uzal@Ezk.27.19	14.10983	44.42321	39	region	Az Zu‘alla
Uzal@Ezk.27.19	37.872202	32.492331	39	settlement	within 10 km of Konya
Uzza@2Ki.21.18	31.776667	35.234167	1000	garden	in Jerusalem
Uzzen-sheerah@1Ch.7.24	31.895	35.083611	385	settlement	within 5 km of Lower Beth-horon
Uzzen-sheerah@1Ch.7.24	31.887419	35.044092	91	settlement	Beit Sira
Valley_Gate@2Ch.26.9	31.776667	35.234167	689	gate	in Jerusalem
Valley_Gate@2Ch.26.9	31.774071	35.234998	378	gate	Crowfoot and Fitzgerald excavation site
Valley_Gate@2Ch.26.9	31.776528	35.227694	14	gate	Jaffa Gate
Achor_Valley@Jos.7.24	31.71667	35.38333	604	valley	Al Buqay’ah
Achor_Valley@Jos.7.24	31.8443	35.4143	36	valley	Wadi Qelt
Achor_Valley@Jos.7.24	31.897732	35.417355	0	valley	Wadi Nu’eima
Aijalon@Jos.10.12	31.8675	34.959444	1000	valley	Ayalon Valley
Aven_Valley@Amo.1.5	34.007611	36.2044	637	valley	about 12 km around Baalbek
Aven_Valley@Amo.1.5	31.8443	35.4143	31	valley	Wadi Qelt
Aven_Valley@Amo.1.5	36.7014	38.0865	0	valley	another name for Beth-eden
Hinnom_Valley@Jos.15.8	31.776667	35.234167	283	valley	within 20 km of Jerusalem
Hinnom_Valley@Jos.15.8	31.763203	35.219122	67	valley	another name for the Valley of Rephaim
Hinnom_Valley@Jos.15.8	31.640157	35.20236	0	valley	El Baq’a
Beracah_Valley@2Ch.20.26	31.60894	35.17164	245	valley	Wadi el Arrub
Beracah_Valley@2Ch.20.26	31.64328	35.14302	157	valley	region around Khirbet Bereikut
Beracah_Valley@2Ch.20.26	31.640157	35.20236	111	valley	El Baq’a
Beracah_Valley@2Ch.20.26	31.61234	35.08081	36	valley	Wadi ar Rashrash
Elah_Valley@1Sa.17.2	31.67542	34.99802	1000	valley	Valley of Elah
Eshcol_Valley@Num.13.23	31.525087	35.10222	590	valley	within 5 km of Hebron
Eshcol_Valley@Num.13.23	31.564511	35.090853	98	valley	region around Burj el Haska
Eshcol_Valley@Num.13.23	31.56431	35.12438	85	valley	region around Ain Eshkali
Eshcol_Valley@Num.13.23	31.556536	35.105336	0	valley	within 2 km of Mamre
Gibeon@Jos.9.3	31.847451	35.183351	1000	valley	Valley of Gibeon
Hebron_Valley@Gen.37.14	31.525087	35.10222	1000	valley	Valley of Hebron
Hinnom_Valley@Jos.15.8	31.769167	35.228056	1000	valley	Hinnom Valley
Iphtahel_Valley@Jos.19.14	32.771216	35.143017	582	valley	Wadi el Melek
Iphtahel_Valley@Jos.19.14	32.833225	35.175254	220	valley	Wadi Abbelin
Iphtahel_Valley@Jos.19.14	32.831944	35.278139	10	valley	region around Khirbet Shifat
Iphtahel_Valley@Jos.19.14	32.809567	35.332461	0	valley	Beit Netofa Valley
Kidron@2Sa.15.23	31.780278	35.24	1000	valley	Valley of Jehoshaphat
Jezreel_Valley@Jos.17.16	32.596389	35.241944	1000	valley	Jezreel Valley
Lebanon_Valley@Jos.11.17	34.008889	36.145278	961	valley	Beqaa Valley
Lebanon_Valley@Jos.11.17	33.249	35.652	73	valley	upper Huleh Valley
Mizpeh_Valley@Jos.11.8	33.4	35.85	1000	valley	about 10 km around Mizpah 2
Rephaim_Valley@Jos.15.8	31.763203	35.219122	1000	valley	Valley of Rephaim
Salt_Valley@2Sa.8.13	31.050508	35.406271	451	valley	Es Sebkha
Salt_Valley@2Sa.8.13	31.216	35.05055	340	valley	Wadi el Milh
Salt_Valley@2Sa.8.13	31.95	34.9	62	valley	another name for Ge-harashim
Salt_Valley@2Sa.8.13	31.06667	35.45	0	valley	Wadi Arabah
Shaveh@Gen.14.5	31.767198	35.235985	1000	valley	another name for the King’s Valley
Shittim_Valley@Jol.3.18	31.66715	35.44856	702	river	Wadi en Nar
Shittim_Valley@Jol.3.18	31.780278	35.24	76	river	another name for the Kidron
Shittim_Valley@Jol.3.18	31.84018	35.67368	0	river	within 5 km of Shittim
Siddim_Valley@Gen.14.3	31.20849	35.449223	647	valley	south of the Lisan
Sorek_Valley@Jdg.16.4	31.755833	35.05	1000	valley	Nahal Sorek
Succoth@Gen.33.17	32.1966	35.62118	1000	valley	Valley of Succoth
Arnon@Num.21.13	31.465833	35.573333	1000	valley	another name for the Arnon
Zeboim_Valley@1Sa.13.18	31.83498	35.37942	295	valley	Wadi Abu ed Diba
Zeboim_Valley@1Sa.13.18	31.855278	35.288056	134	valley	Nahal Mikhmash
Zeboim_Valley@1Sa.13.18	31.86565	35.40078	134	valley	Wadi al Juththa
Zeboim_Valley@1Sa.13.18	31.916667	35.433333	55	valley	Wadi Shaqq ad Dab
Zeboim_Valley@1Sa.13.18	32.1	35.52	42	valley	Wadi al Fara
Zeboim_Valley@1Sa.13.18	31.8443	35.4143	42	valley	Wadi Qelt
Zephathah_Valley@2Ch.14.10	31.610556	34.953056	488	valley	Wadi Safiyeh
Zephathah_Valley@2Ch.14.10	31.67542	34.99802	75	valley	another name for the Valley of Elah
Zephathah_Valley@2Ch.14.10	31.54572	35.01528	63	valley	Wadi el Feranj
Zered@Num.21.12	31.02701	35.48533	1000	valley	another name for the Zered
Waheb@Num.21.14	31.665609	35.81749	1000	campsite	within 50 km of Suphah
Washer's_Field@2Ki.18.17	31.767198	35.235985	499	field	within 500 m of En-rogel
Washer's_Field@2Ki.18.17	31.772919	35.236383	241	field	within 500 m of Gihon 2
Washer's_Field@2Ki.18.17	31.783	35.23375	0	field	within 500 m of the northern wall of Jerusalem
Water_Gate@Neh.3.26	31.776667	35.234167	1000	gate	in Jerusalem
Merom@Jos.11.5	32.978889	35.437778	77	spring	En Meron
Merom@Jos.11.5	33.09972	35.46056	69	pool	Birket Hafour el Ahmar
Merom@Jos.11.5	33.116977	35.431875	51	pool	Bint Jbeil water storage
Merom@Jos.11.5	32.829722	35.516667	42	wadi	Nahal Arbel
Merom@Jos.11.5	32.85362	35.53204	41	wadi	Nahal Amud
Merom@Jos.11.5	33.073744	35.43592	28	spring	Ein el Khirba
Merom@Jos.11.5	33.088889	35.417222	6	spring	Biar es Sukker
Merom@Jos.11.5	32.9748	35.46972	3	wadi	Wadi Meiron
Merom@Jos.11.5	33.071667	35.496944	0	wadi	Nahal Dishon
Merom@Jos.11.5	33.0775	35.598611	0	body of water	Lake Huleh
Way_of_Holiness@Isa.35.8	31.776667	35.234167	1000	road	within 10 km of Jerusalem
Red_Sea@Exo.10.19	29.727222	34.998333	1000	road	road between the Dead Sea and the Gulf of Aqaba
Maon@Jos.15.55	31.409448	35.133839	1000	region	Wilderness of Maon
Sinai_Wilderness@Exo.19.1	28.539722	33.973333	1000	region	about 50 km around Mount Sinai
Ziph@Jos.15.55	31.47475	35.13514	1000	region	Wilderness of Ziph
Wildgoats_Rocks@1Sa.24.2	31.45	35.383333	1000	natural area	within 4 km of Engedi
Yiron@Jos.19.38	33.083333	35.416667	790	settlement	Yarun
Zaanan@Mic.1.11	31.565278	34.849167	514	settlement	another name for Zenan
Zaanannim@Jos.19.33	32.72113	35.41064	408	settlement	Hanot Taggarim
Zaanannim@Jos.19.33	32.734475	35.481228	170	settlement	Khirbet Bessum
Zaanannim@Jos.19.33	32.574722	35.177778	115	settlement	Lejjun
Zaanannim@Jos.19.33	32.6848	35.5311	98	settlement	Shajarat el Kalb
Zoar@Gen.13.10	31.036904	35.487657	590	settlement	another name for Zoar
Zoar@Gen.13.10	30.1843	35.3166	66	settlement	in Mount Seir 1
Zoar@Gen.13.10	31.525087	35.10222	51	settlement	another name for Zior
Zoar@Gen.13.10	31.584444	35.145278	0	settlement	Sair
Ebal_Mount@Deu.11.29	32.666667	36.733333	436	mountain	Jebel Druze
Ebal_Mount@Deu.11.29	33.4	35.85	162	mountain	another name for Mount Hermon
Ebal_Mount@Deu.11.29	32.234	35.2733	0	mountain	another name for Mount Zalmon
Zalmonah@Num.33.41	30.81217	35.37339	329	campsite	along Wadi es Salmaneh
Zalmonah@Num.33.41	30.4136	35.5677	152	campsite	Rujm Talat az Zalma
Zalmonah@Num.33.41	29.54265	35.13178	10	campsite	along Wadi Umran
Zalmonah@Num.33.41	30.3946	35.3427	0	campsite	Bir Madhkur
Zanoah@Jos.15.34	31.71944	35.00129	730	settlement	Khirbet Zanu
Zanoah@Jos.15.56	31.45015	35.053525	301	settlement	Khirbet Beit Amra
Zanoah@Jos.15.56	31.44309	35.045797	101	settlement	Khirbet Umm el Amad
Zanoah@Jos.15.56	31.46269	35.03348	45	settlement	Khirbet Bism
Zanoah@Jos.15.56	31.49627	35.15154	26	settlement	Khirbet Bani Dar
Zanoah@Jos.15.56	31.3698	34.995	0	settlement	Khirbet Zanuta
Zaphon@Jos.13.27	32.26769	35.577241	523	settlement	Tell es Sa’idiyeh
Zaphon@Jos.13.27	32.2449	35.62	95	settlement	Tell el Qos
Zaphon@Jos.13.27	32.2222	35.6061	67	settlement	Tall el Mazar
Zaphon@Jos.13.27	32.2394	35.5905	19	settlement	Khirbet Buweib
Zarephath@1Ki.17.9	33.464227	35.295136	1000	settlement	Sarepta
Zarethan@Jos.3.16	32.26769	35.577241	349	settlement	Tell es Sa’idiyeh
Zarethan@Jos.3.16	32.14214	35.58147	244	settlement	Tell Umm Hamad
Zarethan@Jos.3.16	32.4002	35.5905	55	settlement	Tall al Meqbarah
Zarethan@Jos.3.16	32.32307	35.59329	42	settlement	Sleikhat
Zarethan@Jos.3.16	32.1321	35.4878	38	settlement	Tell Simadi
Zarethan@Jos.3.16	32.103933	35.546789	33	settlement	Tell ed Damiyeh
Zarethan@Jos.3.16	32.2449	35.62	18	settlement	Tell el Qos
Zarethan@Jos.3.16	32.457125	35.498242	6	settlement	Tel Rehov
Zarethan@Jos.3.16	32.09583	35.46139	0	settlement	Qarn Sartaba
Zeboiim@Gen.10.19	31.20849	35.449223	530	settlement	in the Valley of Siddim
Zeboiim@Gen.10.19	30.939606	35.458842	66	settlement	Feifa
Zeboiim@Gen.10.19	31.795	35.595278	29	settlement	in the region north of the Dead Sea
Zeboiim@Gen.10.19	31.904582	35.638489	18	settlement	Tall Mustah
Zeboiim@Gen.10.19	30.87767	35.437069	0	settlement	Khanazir
Zeboim@Neh.11.34	32.002953	34.895503	522	settlement	Khirbet Sabiyeh
Zedad@Num.34.8	34.313456	36.924189	689	settlement	Sadad
Zedad@Num.34.8	33.288864	35.594266	94	settlement	Khirbet Serada
Zela@Jos.18.28	31.802528	35.209636	413	settlement	Khirbet Salah
Zela@Jos.18.28	31.84746	35.236	60	settlement	Khirbet Erha
Zela@Jos.18.28	31.89571	35.21805	0	settlement	Khirbet Shab Salah
Zelzah@1Sa.10.2	31.802528	35.209636	103	settlement	another name for Zela
Zelzah@1Sa.10.2	31.716667	35.183333	72	settlement	Beit Jala
Zelzah@1Sa.10.2	31.808957	35.10378	0	settlement	another name for Kiriath-jearim
Zemaraim@Jos.18.22	31.90879	35.2117	363	settlement	Ras et Tahuneh
Zemaraim@Jos.18.22	31.9163	35.4854	108	settlement	Khirbet es Samra
Zemaraim@Jos.18.22	31.929722	35.298889	61	settlement	Rammun
Zemaraim@Jos.18.22	31.940843	35.295664	31	settlement	Ras ez Zemara
Zemaraim@Jos.18.22	31.95263	35.27447	0	settlement	Khirbet el Mazari’a
Zenan@Jos.15.37	31.565278	34.849167	510	settlement	within 12 km of Lachish
Zenan@Jos.15.37	31.599435	34.803939	349	settlement	Iraq el Kharab
Zenan@Jos.15.37	31.61209	34.78622	40	settlement	Tel Erani
Zenan@Jos.15.37	31.564734	34.688042	0	settlement	Khirbet Summeily
Zephath@Jdg.1.17	31.212285	34.958277	1000	settlement	another name for Hormah
Zer@Jos.19.35	32.799722	35.459722	137	settlement	another name for Madon
Zer@Jos.19.35	33.270833	35.196111	123	settlement	another name for Tyre
Zer@Jos.19.35	32.799722	35.459722	0	settlement	Qarn Hattin
Zered@Num.21.12	31.02701	35.48533	1000	river	Wadi al Hasa
Zeredah@1Ki.11.26	32.04638	35.09719	441	settlement	Deir Ghassaneh
Zeredah@1Ki.11.26	32.04603	35.05776	203	settlement	Ain Seridah
Zeredah@1Ki.11.26	32.054208	35.056643	21	settlement	Khirbet Banat Barr
Zeredah@1Ki.11.26	31.941389	35.203333	21	settlement	Surdah
Zarethan@Jos.3.16	32.26769	35.577241	743	settlement	another name for Zarethan
Zarethan@Jos.3.16	32.26769	35.577241	493	settlement	another name for Zeredah 2
Zarethan@Jos.3.16	32.2222	35.6061	111	settlement	Tall el Mazar
Zereth-shahar@Jos.13.19	31.597	35.559306	404	settlement	Callirrhoe
Zereth-shahar@Jos.13.19	31.608841	35.565262	48	settlement	Ez Zarat
Zereth-shahar@Jos.13.19	31.60634	35.761261	18	settlement	Khirbet Libb
Zereth-shahar@Jos.13.19	31.782365	35.761314	18	settlement	Qarn al Qubish
Ziddim@Jos.19.35	32.80758	35.45382	264	settlement	Hattin
Ziddim@Jos.19.35	33.270833	35.196111	32	settlement	another name for Tyre
Ziddim@Jos.19.35	32.735	35.55555	0	settlement	Khirbet Qedish
Ziklag@Jos.15.31	31.3912	34.6816	531	settlement	Tell esh Sharia
Ziklag@Jos.15.31	31.38333	34.86564	107	settlement	Tel Halif
Ziklag@Jos.15.31	31.244722	34.840833	53	settlement	Tel Beer Sheva
Ziklag@Jos.15.31	31.590988	34.819278	28	settlement	Khirbet a Ra’i
Ziklag@Jos.15.31	31.212285	34.958277	13	settlement	Tel Masos
Ziklag@Jos.15.31	31.437997	34.6452	8	settlement	Khirbet Zuheiliqah
Ziklag@Jos.15.31	31.3821	34.6065	8	settlement	Tel Haror
Ziklag@Jos.15.31	31.4558	34.9098	8	settlement	Tell Beit Mirsim
Zimri@Jer.25.25	32.18922	48.25778	316	region	within 650 km of Elam
Zimri@Jer.25.25	37.60498	45.47756	0	region	within 200 km of Lake Urmia
Zin@Num.13.21	30.971	35.325	880	region	another name for Zin 1
Zin@Num.13.21	30.971	35.325	277	settlement	in Zin 1
Jerusalem@Jos.10.1	31.776667	35.234167	1000	settlement	another name for Jerusalem
Zior@Jos.15.54	31.525087	35.10222	471	settlement	within 10 km of Hebron
Zior@Jos.15.54	31.584444	35.145278	112	settlement	Sair
Ziph@Jos.15.55	31.47475	35.13514	760	settlement	Tell Zif
Ziph@Jos.15.24	30.99677	34.98188	467	settlement	Khirbet ez Zeifeh
Ziph@Jos.15.24	31.011667	34.990278	67	settlement	Mezad Refed
Ziph@Jos.15.24	31.255344	35.067351	15	settlement	Khirbet Kuseife
Ziphron@Num.34.9	34.266667	37.066667	378	settlement	Huwwarin
Ziphron@Num.34.9	33.871861	36.814639	52	settlement	Zifran
Ziphron@Num.34.9	34.895278	36.778056	42	settlement	Al Zaafaraniyah
Ziz@2Ch.20.16	31.5607	35.38364	624	wadi	Wadi Hasasah
Ziz@2Ch.20.16	31.45	35.383333	97	region	another name for Engedi
Zoan@Num.13.22	30.976944	31.88	1000	settlement	Tanis
Zoar@Gen.13.10	31.036904	35.487657	347	settlement	Al Safi
Zoar@Gen.13.10	31.20849	35.449223	217	settlement	in the Valley of Siddim
Zoar@Gen.13.10	31.795	35.595278	46	settlement	in the region north of the Dead Sea
Zoar@Gen.13.10	31.022968	35.47216	45	settlement	Tell al Sheikh Isa
Zoar@Gen.13.10	31.465833	35.573333	39	settlement	mouth of Wadi Mujib
Zoar@Gen.13.10	31.021611	35.475163	29	settlement	Tawahin el Sukkar
Zoar@Gen.13.10	31.829531	35.649971	5	settlement	Esh Shaghur
Zoar@Gen.13.10	31.819256	35.671878	5	settlement	Tall Iktanu
Zoar@Gen.13.10	31.248729	35.523005	0	settlement	Bab edh Dhra
Zophim@Num.23.14	31.77107	35.73394	473	natural area	Tila as Safa
Zophim@Num.23.14	31.767778	35.725556	444	natural area	on Pisgah
Zorah@Jos.15.33	31.773992	34.985289	832	settlement	Tel Tzora
Zuph@1Sa.9.5	31.85434	35.23161	695	region	about 10 km around Ramathaim-zophim
